
C:/Users/amous/Desktop/AnassPad/build/AnassPad.elf:     file format elf32-littlearm

Sections:
Idx Name          Size      VMA       LMA       File off  Algn
  0 .boot2        00000100  10000000  10000000  00001000  2**0
                  CONTENTS, ALLOC, LOAD, READONLY, CODE
  1 .text         00006d04  10000100  10000100  00001100  2**3
                  CONTENTS, ALLOC, LOAD, READONLY, CODE
  2 .rodata       000006ac  10006e08  10006e08  00007e08  2**3
                  CONTENTS, ALLOC, LOAD, READONLY, DATA
  3 .binary_info  00000024  100074b4  100074b4  000084b4  2**2
                  CONTENTS, ALLOC, LOAD, READONLY, DATA
  4 .ram_vector_table 000000c0  20000000  20000000  0000b000  2**2
                  ALLOC
  5 .uninitialized_data 00000000  200000c0  200000c0  0000a060  2**0
                  CONTENTS
  6 .data         00000fa0  200000c0  100074d8  000090c0  2**4
                  CONTENTS, ALLOC, LOAD, READONLY, CODE
  7 .tdata        00000000  20001060  20001060  0000a060  2**0
                  CONTENTS, ALLOC, LOAD, DATA, THREAD_LOCAL
  8 .tbss         00000000  20001060  20001060  00000000  2**0
                  ALLOC, THREAD_LOCAL
  9 .bss          00000f94  20001060  10008478  0000a060  2**3
                  ALLOC
 10 .heap         00000800  20001ff4  20001ff4  0000a060  2**2
                  CONTENTS, READONLY
 11 .scratch_x    00000000  20040000  20040000  0000a860  2**0
                  CONTENTS
 12 .scratch_y    00000000  20041000  20041000  0000a860  2**0
                  CONTENTS
 13 .stack_dummy  00000800  20041000  20041000  0000a860  2**5
                  CONTENTS, READONLY
 14 .ARM.attributes 00000028  00000000  00000000  0000b060  2**0
                  CONTENTS, READONLY
 15 .comment      00000045  00000000  00000000  0000b088  2**0
                  CONTENTS, READONLY
 16 .debug_info   0003123d  00000000  00000000  0000b0cd  2**0
                  CONTENTS, READONLY, DEBUGGING, OCTETS
 17 .debug_abbrev 0000899e  00000000  00000000  0003c30a  2**0
                  CONTENTS, READONLY, DEBUGGING, OCTETS
 18 .debug_loclists 0001aeac  00000000  00000000  00044ca8  2**0
                  CONTENTS, READONLY, DEBUGGING, OCTETS
 19 .debug_aranges 000016b0  00000000  00000000  0005fb58  2**3
                  CONTENTS, READONLY, DEBUGGING, OCTETS
 20 .debug_rnglists 0000468b  00000000  00000000  00061208  2**0
                  CONTENTS, READONLY, DEBUGGING, OCTETS
 21 .debug_line   00024253  00000000  00000000  00065893  2**0
                  CONTENTS, READONLY, DEBUGGING, OCTETS
 22 .debug_str    000088fe  00000000  00000000  00089ae6  2**0
                  CONTENTS, READONLY, DEBUGGING, OCTETS
 23 .debug_frame  00002f58  00000000  00000000  000923e4  2**2
                  CONTENTS, READONLY, DEBUGGING, OCTETS
 24 .debug_line_str 00000357  00000000  00000000  0009533c  2**0
                  CONTENTS, READONLY, DEBUGGING, OCTETS

C:/Users/amous/Desktop/AnassPad/build/AnassPad.elf:     file format elf32-littlearm


Disassembly of section .boot2:

10000000 <__boot2_start__>:
10000000:	4b32b500 	.word	0x4b32b500
10000004:	60582021 	.word	0x60582021
10000008:	21026898 	.word	0x21026898
1000000c:	60984388 	.word	0x60984388
10000010:	611860d8 	.word	0x611860d8
10000014:	4b2e6158 	.word	0x4b2e6158
10000018:	60992100 	.word	0x60992100
1000001c:	61592102 	.word	0x61592102
10000020:	22f02101 	.word	0x22f02101
10000024:	492b5099 	.word	0x492b5099
10000028:	21016019 	.word	0x21016019
1000002c:	20356099 	.word	0x20356099
10000030:	f844f000 	.word	0xf844f000
10000034:	42902202 	.word	0x42902202
10000038:	2106d014 	.word	0x2106d014
1000003c:	f0006619 	.word	0xf0006619
10000040:	6e19f834 	.word	0x6e19f834
10000044:	66192101 	.word	0x66192101
10000048:	66182000 	.word	0x66182000
1000004c:	f000661a 	.word	0xf000661a
10000050:	6e19f82c 	.word	0x6e19f82c
10000054:	6e196e19 	.word	0x6e196e19
10000058:	f0002005 	.word	0xf0002005
1000005c:	2101f82f 	.word	0x2101f82f
10000060:	d1f94208 	.word	0xd1f94208
10000064:	60992100 	.word	0x60992100
10000068:	6019491b 	.word	0x6019491b
1000006c:	60592100 	.word	0x60592100
10000070:	481b491a 	.word	0x481b491a
10000074:	21016001 	.word	0x21016001
10000078:	21eb6099 	.word	0x21eb6099
1000007c:	21a06619 	.word	0x21a06619
10000080:	f0006619 	.word	0xf0006619
10000084:	2100f812 	.word	0x2100f812
10000088:	49166099 	.word	0x49166099
1000008c:	60014814 	.word	0x60014814
10000090:	60992101 	.word	0x60992101
10000094:	2800bc01 	.word	0x2800bc01
10000098:	4700d000 	.word	0x4700d000
1000009c:	49134812 	.word	0x49134812
100000a0:	c8036008 	.word	0xc8036008
100000a4:	8808f380 	.word	0x8808f380
100000a8:	b5034708 	.word	0xb5034708
100000ac:	20046a99 	.word	0x20046a99
100000b0:	d0fb4201 	.word	0xd0fb4201
100000b4:	42012001 	.word	0x42012001
100000b8:	bd03d1f8 	.word	0xbd03d1f8
100000bc:	6618b502 	.word	0x6618b502
100000c0:	f7ff6618 	.word	0xf7ff6618
100000c4:	6e18fff2 	.word	0x6e18fff2
100000c8:	bd026e18 	.word	0xbd026e18
100000cc:	40020000 	.word	0x40020000
100000d0:	18000000 	.word	0x18000000
100000d4:	00070000 	.word	0x00070000
100000d8:	005f0300 	.word	0x005f0300
100000dc:	00002221 	.word	0x00002221
100000e0:	180000f4 	.word	0x180000f4
100000e4:	a0002022 	.word	0xa0002022
100000e8:	10000100 	.word	0x10000100
100000ec:	e000ed08 	.word	0xe000ed08
	...
100000fc:	7a4eb274 	.word	0x7a4eb274

Disassembly of section .text:

10000100 <__VECTOR_TABLE>:
10000100:	20042000 	.word	0x20042000
10000104:	100001f7 	.word	0x100001f7
10000108:	100001c3 	.word	0x100001c3
1000010c:	100001c5 	.word	0x100001c5
10000110:	100001c1 	.word	0x100001c1
10000114:	100001c1 	.word	0x100001c1
10000118:	100001c1 	.word	0x100001c1
1000011c:	100001c1 	.word	0x100001c1
10000120:	100001c1 	.word	0x100001c1
10000124:	100001c1 	.word	0x100001c1
10000128:	100001c1 	.word	0x100001c1
1000012c:	100001c7 	.word	0x100001c7
10000130:	100001c1 	.word	0x100001c1
10000134:	100001c1 	.word	0x100001c1
10000138:	100001c9 	.word	0x100001c9
1000013c:	100001cb 	.word	0x100001cb
10000140:	100001cd 	.word	0x100001cd
10000144:	100001cd 	.word	0x100001cd
10000148:	100001cd 	.word	0x100001cd
1000014c:	100001cd 	.word	0x100001cd
10000150:	100001cd 	.word	0x100001cd
10000154:	100001cd 	.word	0x100001cd
10000158:	100001cd 	.word	0x100001cd
1000015c:	100001cd 	.word	0x100001cd
10000160:	100001cd 	.word	0x100001cd
10000164:	100001cd 	.word	0x100001cd
10000168:	100001cd 	.word	0x100001cd
1000016c:	100001cd 	.word	0x100001cd
10000170:	100001cd 	.word	0x100001cd
10000174:	100001cd 	.word	0x100001cd
10000178:	100001cd 	.word	0x100001cd
1000017c:	100001cd 	.word	0x100001cd
10000180:	100001cd 	.word	0x100001cd
10000184:	100001cd 	.word	0x100001cd
10000188:	100001cd 	.word	0x100001cd
1000018c:	100001cd 	.word	0x100001cd
10000190:	100001cd 	.word	0x100001cd
10000194:	100001cd 	.word	0x100001cd
10000198:	100001cd 	.word	0x100001cd
1000019c:	100001cd 	.word	0x100001cd
100001a0:	100001cd 	.word	0x100001cd
100001a4:	100001cd 	.word	0x100001cd
100001a8:	100001cd 	.word	0x100001cd
100001ac:	100001cd 	.word	0x100001cd
100001b0:	100001cd 	.word	0x100001cd
100001b4:	100001cd 	.word	0x100001cd
100001b8:	100001cd 	.word	0x100001cd
100001bc:	100001cd 	.word	0x100001cd

100001c0 <isr_invalid>:
100001c0:	be00      	bkpt	0x0000

100001c2 <isr_nmi>:
100001c2:	be00      	bkpt	0x0000

100001c4 <isr_hardfault>:
100001c4:	be00      	bkpt	0x0000

100001c6 <isr_svcall>:
100001c6:	be00      	bkpt	0x0000

100001c8 <isr_pendsv>:
100001c8:	be00      	bkpt	0x0000

100001ca <isr_systick>:
100001ca:	be00      	bkpt	0x0000

100001cc <__unhandled_user_irq>:
100001cc:	f3ef 8005 	mrs	r0, IPSR
100001d0:	3810      	subs	r0, #16

100001d2 <unhandled_user_irq_num_in_r0>:
100001d2:	be00      	bkpt	0x0000

100001d4 <binary_info_header>:
100001d4:	7188ebf2 	.word	0x7188ebf2
100001d8:	100074b4 	.word	0x100074b4
100001dc:	100074d8 	.word	0x100074d8
100001e0:	10000238 	.word	0x10000238
100001e4:	e71aa390 	.word	0xe71aa390

100001e8 <_entry_point>:
100001e8:	481e      	ldr	r0, [pc, #120]	@ (10000264 <data_cpy_table+0x2c>)

100001ea <_enter_vtable_in_r0>:
100001ea:	491f      	ldr	r1, [pc, #124]	@ (10000268 <data_cpy_table+0x30>)
100001ec:	6008      	str	r0, [r1, #0]
100001ee:	c806      	ldmia	r0!, {r1, r2}
100001f0:	f381 8808 	msr	MSP, r1
100001f4:	4710      	bx	r2

100001f6 <_reset_handler>:
100001f6:	481d      	ldr	r0, [pc, #116]	@ (1000026c <data_cpy_table+0x34>)
100001f8:	6800      	ldr	r0, [r0, #0]
100001fa:	2800      	cmp	r0, #0
100001fc:	d001      	beq.n	10000202 <hold_non_core0_in_bootrom+0x4>

100001fe <hold_non_core0_in_bootrom>:
100001fe:	4819      	ldr	r0, [pc, #100]	@ (10000264 <data_cpy_table+0x2c>)
10000200:	e7f3      	b.n	100001ea <_enter_vtable_in_r0>
10000202:	a40d      	add	r4, pc, #52	@ (adr r4, 10000238 <data_cpy_table>)
10000204:	cc0e      	ldmia	r4!, {r1, r2, r3}
10000206:	2900      	cmp	r1, #0
10000208:	d002      	beq.n	10000210 <hold_non_core0_in_bootrom+0x12>
1000020a:	f000 f812 	bl	10000232 <data_cpy>
1000020e:	e7f9      	b.n	10000204 <hold_non_core0_in_bootrom+0x6>
10000210:	4917      	ldr	r1, [pc, #92]	@ (10000270 <data_cpy_table+0x38>)
10000212:	4a18      	ldr	r2, [pc, #96]	@ (10000274 <data_cpy_table+0x3c>)
10000214:	2000      	movs	r0, #0
10000216:	e000      	b.n	1000021a <bss_fill_test>

10000218 <bss_fill_loop>:
10000218:	c101      	stmia	r1!, {r0}

1000021a <bss_fill_test>:
1000021a:	4291      	cmp	r1, r2
1000021c:	d1fc      	bne.n	10000218 <bss_fill_loop>

1000021e <platform_entry>:
1000021e:	4916      	ldr	r1, [pc, #88]	@ (10000278 <data_cpy_table+0x40>)
10000220:	4788      	blx	r1
10000222:	4916      	ldr	r1, [pc, #88]	@ (1000027c <data_cpy_table+0x44>)
10000224:	4788      	blx	r1
10000226:	4916      	ldr	r1, [pc, #88]	@ (10000280 <data_cpy_table+0x48>)
10000228:	4788      	blx	r1
1000022a:	be00      	bkpt	0x0000
1000022c:	e7fd      	b.n	1000022a <platform_entry+0xc>

1000022e <data_cpy_loop>:
1000022e:	c901      	ldmia	r1!, {r0}
10000230:	c201      	stmia	r2!, {r0}

10000232 <data_cpy>:
10000232:	429a      	cmp	r2, r3
10000234:	d3fb      	bcc.n	1000022e <data_cpy_loop>
10000236:	4770      	bx	lr

10000238 <data_cpy_table>:
10000238:	100074d8 	.word	0x100074d8
1000023c:	200000c0 	.word	0x200000c0
10000240:	20001060 	.word	0x20001060
10000244:	10008478 	.word	0x10008478
10000248:	20040000 	.word	0x20040000
1000024c:	20040000 	.word	0x20040000
10000250:	10008478 	.word	0x10008478
10000254:	20041000 	.word	0x20041000
10000258:	20041000 	.word	0x20041000
1000025c:	00000000 	.word	0x00000000
10000260:	4770      	bx	lr
10000262:	0000      	.short	0x0000
10000264:	00000000 	.word	0x00000000
10000268:	e000ed08 	.word	0xe000ed08
1000026c:	d0000000 	.word	0xd0000000
10000270:	20001060 	.word	0x20001060
10000274:	20001ff4 	.word	0x20001ff4
10000278:	10004085 	.word	0x10004085
1000027c:	10000495 	.word	0x10000495
10000280:	1000407d 	.word	0x1000407d

10000284 <_init>:
10000284:	b5f8      	push	{r3, r4, r5, r6, r7, lr}
10000286:	46c0      	nop			@ (mov r8, r8)

10000288 <register_tm_clones>:
10000288:	4806      	ldr	r0, [pc, #24]	@ (100002a4 <register_tm_clones+0x1c>)
1000028a:	4907      	ldr	r1, [pc, #28]	@ (100002a8 <register_tm_clones+0x20>)
1000028c:	1a09      	subs	r1, r1, r0
1000028e:	108b      	asrs	r3, r1, #2
10000290:	0fc9      	lsrs	r1, r1, #31
10000292:	18c9      	adds	r1, r1, r3
10000294:	b510      	push	{r4, lr}
10000296:	1049      	asrs	r1, r1, #1
10000298:	d003      	beq.n	100002a2 <register_tm_clones+0x1a>
1000029a:	4b04      	ldr	r3, [pc, #16]	@ (100002ac <register_tm_clones+0x24>)
1000029c:	2b00      	cmp	r3, #0
1000029e:	d000      	beq.n	100002a2 <register_tm_clones+0x1a>
100002a0:	4798      	blx	r3
100002a2:	bd10      	pop	{r4, pc}
100002a4:	20001060 	.word	0x20001060
100002a8:	20001060 	.word	0x20001060
100002ac:	00000000 	.word	0x00000000

100002b0 <frame_dummy>:
100002b0:	4b05      	ldr	r3, [pc, #20]	@ (100002c8 <frame_dummy+0x18>)
100002b2:	b510      	push	{r4, lr}
100002b4:	2b00      	cmp	r3, #0
100002b6:	d003      	beq.n	100002c0 <frame_dummy+0x10>
100002b8:	4904      	ldr	r1, [pc, #16]	@ (100002cc <frame_dummy+0x1c>)
100002ba:	4805      	ldr	r0, [pc, #20]	@ (100002d0 <frame_dummy+0x20>)
100002bc:	e000      	b.n	100002c0 <frame_dummy+0x10>
100002be:	bf00      	nop
100002c0:	f7ff ffe2 	bl	10000288 <register_tm_clones>
100002c4:	bd10      	pop	{r4, pc}
100002c6:	46c0      	nop			@ (mov r8, r8)
100002c8:	00000000 	.word	0x00000000
100002cc:	20001f38 	.word	0x20001f38
100002d0:	10006e04 	.word	0x10006e04

100002d4 <init_gpio>:
100002d4:	b510      	push	{r4, lr}
100002d6:	f006 fcc5 	bl	10006c64 <adc_init>
100002da:	211f      	movs	r1, #31
100002dc:	201a      	movs	r0, #26
100002de:	f000 f9ed 	bl	100006bc <gpio_set_function>
100002e2:	2200      	movs	r2, #0
100002e4:	2100      	movs	r1, #0
100002e6:	201a      	movs	r0, #26
100002e8:	f000 fa02 	bl	100006f0 <gpio_set_pulls>
100002ec:	2100      	movs	r1, #0
100002ee:	201a      	movs	r0, #26
100002f0:	f000 fa12 	bl	10000718 <gpio_set_input_enabled>
100002f4:	211f      	movs	r1, #31
100002f6:	201b      	movs	r0, #27
100002f8:	f000 f9e0 	bl	100006bc <gpio_set_function>
100002fc:	2200      	movs	r2, #0
100002fe:	2100      	movs	r1, #0
10000300:	201b      	movs	r0, #27
10000302:	f000 f9f5 	bl	100006f0 <gpio_set_pulls>
10000306:	2100      	movs	r1, #0
10000308:	201b      	movs	r0, #27
1000030a:	f000 fa05 	bl	10000718 <gpio_set_input_enabled>
1000030e:	bd10      	pop	{r4, pc}

10000310 <init_keys_config>:
10000310:	b5f0      	push	{r4, r5, r6, r7, lr}
10000312:	4645      	mov	r5, r8
10000314:	46de      	mov	lr, fp
10000316:	4657      	mov	r7, sl
10000318:	464e      	mov	r6, r9
1000031a:	4b54      	ldr	r3, [pc, #336]	@ (1000046c <init_keys_config+0x15c>)
1000031c:	b5e0      	push	{r5, r6, r7, lr}
1000031e:	4f54      	ldr	r7, [pc, #336]	@ (10000470 <init_keys_config+0x160>)
10000320:	0019      	movs	r1, r3
10000322:	003a      	movs	r2, r7
10000324:	b083      	sub	sp, #12
10000326:	c931      	ldmia	r1!, {r0, r4, r5}
10000328:	c231      	stmia	r2!, {r0, r4, r5}
1000032a:	c931      	ldmia	r1!, {r0, r4, r5}
1000032c:	c231      	stmia	r2!, {r0, r4, r5}
1000032e:	c911      	ldmia	r1!, {r0, r4}
10000330:	c211      	stmia	r2!, {r0, r4}
10000332:	3320      	adds	r3, #32
10000334:	cb13      	ldmia	r3!, {r0, r1, r4}
10000336:	c213      	stmia	r2!, {r0, r1, r4}
10000338:	cb13      	ldmia	r3!, {r0, r1, r4}
1000033a:	c213      	stmia	r2!, {r0, r1, r4}
1000033c:	cb03      	ldmia	r3!, {r0, r1}
1000033e:	c203      	stmia	r2!, {r0, r1}
10000340:	484c      	ldr	r0, [pc, #304]	@ (10000474 <init_keys_config+0x164>)
10000342:	f004 f8af 	bl	100044a4 <__wrap_printf>
10000346:	22e0      	movs	r2, #224	@ 0xe0
10000348:	494b      	ldr	r1, [pc, #300]	@ (10000478 <init_keys_config+0x168>)
1000034a:	01d2      	lsls	r2, r2, #7
1000034c:	680b      	ldr	r3, [r1, #0]
1000034e:	4013      	ands	r3, r2
10000350:	4a4a      	ldr	r2, [pc, #296]	@ (1000047c <init_keys_config+0x16c>)
10000352:	6013      	str	r3, [r2, #0]
10000354:	2204      	movs	r2, #4
10000356:	4b4a      	ldr	r3, [pc, #296]	@ (10000480 <init_keys_config+0x170>)
10000358:	601a      	str	r2, [r3, #0]
1000035a:	32fc      	adds	r2, #252	@ 0xfc
1000035c:	680b      	ldr	r3, [r1, #0]
1000035e:	4213      	tst	r3, r2
10000360:	d0fc      	beq.n	1000035c <init_keys_config+0x4c>
10000362:	684b      	ldr	r3, [r1, #4]
10000364:	6808      	ldr	r0, [r1, #0]
10000366:	2180      	movs	r1, #128	@ 0x80
10000368:	0149      	lsls	r1, r1, #5
1000036a:	4041      	eors	r1, r0
1000036c:	20e0      	movs	r0, #224	@ 0xe0
1000036e:	01c0      	lsls	r0, r0, #7
10000370:	4001      	ands	r1, r0
10000372:	4842      	ldr	r0, [pc, #264]	@ (1000047c <init_keys_config+0x16c>)
10000374:	4c40      	ldr	r4, [pc, #256]	@ (10000478 <init_keys_config+0x168>)
10000376:	6001      	str	r1, [r0, #0]
10000378:	2004      	movs	r0, #4
1000037a:	4941      	ldr	r1, [pc, #260]	@ (10000480 <init_keys_config+0x170>)
1000037c:	b29a      	uxth	r2, r3
1000037e:	6008      	str	r0, [r1, #0]
10000380:	30fc      	adds	r0, #252	@ 0xfc
10000382:	6821      	ldr	r1, [r4, #0]
10000384:	4201      	tst	r1, r0
10000386:	d0fc      	beq.n	10000382 <init_keys_config+0x72>
10000388:	493e      	ldr	r1, [pc, #248]	@ (10000484 <init_keys_config+0x174>)
1000038a:	6865      	ldr	r5, [r4, #4]
1000038c:	468b      	mov	fp, r1
1000038e:	6809      	ldr	r1, [r1, #0]
10000390:	041b      	lsls	r3, r3, #16
10000392:	4688      	mov	r8, r1
10000394:	493c      	ldr	r1, [pc, #240]	@ (10000488 <init_keys_config+0x178>)
10000396:	0c18      	lsrs	r0, r3, #16
10000398:	468a      	mov	sl, r1
1000039a:	6809      	ldr	r1, [r1, #0]
1000039c:	4681      	mov	r9, r0
1000039e:	9101      	str	r1, [sp, #4]
100003a0:	0429      	lsls	r1, r5, #16
100003a2:	0c08      	lsrs	r0, r1, #16
100003a4:	4684      	mov	ip, r0
100003a6:	0410      	lsls	r0, r2, #16
100003a8:	4302      	orrs	r2, r0
100003aa:	4660      	mov	r0, ip
100003ac:	4e37      	ldr	r6, [pc, #220]	@ (1000048c <init_keys_config+0x17c>)
100003ae:	4d38      	ldr	r5, [pc, #224]	@ (10000490 <init_keys_config+0x180>)
100003b0:	44c8      	add	r8, r9
100003b2:	4308      	orrs	r0, r1
100003b4:	6032      	str	r2, [r6, #0]
100003b6:	6072      	str	r2, [r6, #4]
100003b8:	60b2      	str	r2, [r6, #8]
100003ba:	60f2      	str	r2, [r6, #12]
100003bc:	6132      	str	r2, [r6, #16]
100003be:	6172      	str	r2, [r6, #20]
100003c0:	61b2      	str	r2, [r6, #24]
100003c2:	61f2      	str	r2, [r6, #28]
100003c4:	6232      	str	r2, [r6, #32]
100003c6:	6272      	str	r2, [r6, #36]	@ 0x24
100003c8:	4642      	mov	r2, r8
100003ca:	6028      	str	r0, [r5, #0]
100003cc:	6068      	str	r0, [r5, #4]
100003ce:	60a8      	str	r0, [r5, #8]
100003d0:	60e8      	str	r0, [r5, #12]
100003d2:	6128      	str	r0, [r5, #16]
100003d4:	6168      	str	r0, [r5, #20]
100003d6:	61a8      	str	r0, [r5, #24]
100003d8:	61e8      	str	r0, [r5, #28]
100003da:	6228      	str	r0, [r5, #32]
100003dc:	6268      	str	r0, [r5, #36]	@ 0x24
100003de:	4658      	mov	r0, fp
100003e0:	0b5b      	lsrs	r3, r3, #13
100003e2:	444b      	add	r3, r9
100003e4:	005b      	lsls	r3, r3, #1
100003e6:	444b      	add	r3, r9
100003e8:	189b      	adds	r3, r3, r2
100003ea:	6003      	str	r3, [r0, #0]
100003ec:	0b4b      	lsrs	r3, r1, #13
100003ee:	9a01      	ldr	r2, [sp, #4]
100003f0:	4463      	add	r3, ip
100003f2:	005b      	lsls	r3, r3, #1
100003f4:	4462      	add	r2, ip
100003f6:	4463      	add	r3, ip
100003f8:	189b      	adds	r3, r3, r2
100003fa:	4652      	mov	r2, sl
100003fc:	6013      	str	r3, [r2, #0]
100003fe:	22e0      	movs	r2, #224	@ 0xe0
10000400:	6823      	ldr	r3, [r4, #0]
10000402:	01d2      	lsls	r2, r2, #7
10000404:	4013      	ands	r3, r2
10000406:	4a1d      	ldr	r2, [pc, #116]	@ (1000047c <init_keys_config+0x16c>)
10000408:	2180      	movs	r1, #128	@ 0x80
1000040a:	6013      	str	r3, [r2, #0]
1000040c:	2204      	movs	r2, #4
1000040e:	4b1c      	ldr	r3, [pc, #112]	@ (10000480 <init_keys_config+0x170>)
10000410:	0049      	lsls	r1, r1, #1
10000412:	601a      	str	r2, [r3, #0]
10000414:	4a18      	ldr	r2, [pc, #96]	@ (10000478 <init_keys_config+0x168>)
10000416:	6813      	ldr	r3, [r2, #0]
10000418:	420b      	tst	r3, r1
1000041a:	d0fc      	beq.n	10000416 <init_keys_config+0x106>
1000041c:	6852      	ldr	r2, [r2, #4]
1000041e:	201a      	movs	r0, #26
10000420:	5e39      	ldrsh	r1, [r7, r0]
10000422:	0413      	lsls	r3, r2, #16
10000424:	0c1b      	lsrs	r3, r3, #16
10000426:	428b      	cmp	r3, r1
10000428:	dd00      	ble.n	1000042c <init_keys_config+0x11c>
1000042a:	837a      	strh	r2, [r7, #26]
1000042c:	2380      	movs	r3, #128	@ 0x80
1000042e:	4a12      	ldr	r2, [pc, #72]	@ (10000478 <init_keys_config+0x168>)
10000430:	015b      	lsls	r3, r3, #5
10000432:	6811      	ldr	r1, [r2, #0]
10000434:	404b      	eors	r3, r1
10000436:	21e0      	movs	r1, #224	@ 0xe0
10000438:	01c9      	lsls	r1, r1, #7
1000043a:	400b      	ands	r3, r1
1000043c:	490f      	ldr	r1, [pc, #60]	@ (1000047c <init_keys_config+0x16c>)
1000043e:	600b      	str	r3, [r1, #0]
10000440:	2104      	movs	r1, #4
10000442:	4b0f      	ldr	r3, [pc, #60]	@ (10000480 <init_keys_config+0x170>)
10000444:	6019      	str	r1, [r3, #0]
10000446:	31fc      	adds	r1, #252	@ 0xfc
10000448:	6813      	ldr	r3, [r2, #0]
1000044a:	420b      	tst	r3, r1
1000044c:	d0fc      	beq.n	10000448 <init_keys_config+0x138>
1000044e:	6852      	ldr	r2, [r2, #4]
10000450:	203a      	movs	r0, #58	@ 0x3a
10000452:	5e39      	ldrsh	r1, [r7, r0]
10000454:	0413      	lsls	r3, r2, #16
10000456:	0c1b      	lsrs	r3, r3, #16
10000458:	428b      	cmp	r3, r1
1000045a:	dd00      	ble.n	1000045e <init_keys_config+0x14e>
1000045c:	877a      	strh	r2, [r7, #58]	@ 0x3a
1000045e:	b003      	add	sp, #12
10000460:	bcf0      	pop	{r4, r5, r6, r7}
10000462:	46bb      	mov	fp, r7
10000464:	46b2      	mov	sl, r6
10000466:	46a9      	mov	r9, r5
10000468:	46a0      	mov	r8, r4
1000046a:	bdf0      	pop	{r4, r5, r6, r7, pc}
1000046c:	10006fc0 	.word	0x10006fc0
10000470:	20001eec 	.word	0x20001eec
10000474:	10006e08 	.word	0x10006e08
10000478:	4004c000 	.word	0x4004c000
1000047c:	4004d000 	.word	0x4004d000
10000480:	4004e000 	.word	0x4004e000
10000484:	20001fc8 	.word	0x20001fc8
10000488:	20001fcc 	.word	0x20001fcc
1000048c:	20001f78 	.word	0x20001f78
10000490:	20001fa0 	.word	0x20001fa0

10000494 <main>:
10000494:	b5f0      	push	{r4, r5, r6, r7, lr}
10000496:	46de      	mov	lr, fp
10000498:	464e      	mov	r6, r9
1000049a:	4645      	mov	r5, r8
1000049c:	4657      	mov	r7, sl
1000049e:	b5e0      	push	{r5, r6, r7, lr}
100004a0:	b085      	sub	sp, #20
100004a2:	f003 ff2d 	bl	10004300 <stdio_init_all>
100004a6:	f7ff ff15 	bl	100002d4 <init_gpio>
100004aa:	f7ff ff31 	bl	10000310 <init_keys_config>
100004ae:	4b77      	ldr	r3, [pc, #476]	@ (1000068c <main+0x1f8>)
100004b0:	4d77      	ldr	r5, [pc, #476]	@ (10000690 <main+0x1fc>)
100004b2:	469b      	mov	fp, r3
100004b4:	465e      	mov	r6, fp
100004b6:	4b77      	ldr	r3, [pc, #476]	@ (10000694 <main+0x200>)
100004b8:	4c77      	ldr	r4, [pc, #476]	@ (10000698 <main+0x204>)
100004ba:	469a      	mov	sl, r3
100004bc:	4b77      	ldr	r3, [pc, #476]	@ (1000069c <main+0x208>)
100004be:	4699      	mov	r9, r3
100004c0:	4b77      	ldr	r3, [pc, #476]	@ (100006a0 <main+0x20c>)
100004c2:	9302      	str	r3, [sp, #8]
100004c4:	4b77      	ldr	r3, [pc, #476]	@ (100006a4 <main+0x210>)
100004c6:	9303      	str	r3, [sp, #12]
100004c8:	4b77      	ldr	r3, [pc, #476]	@ (100006a8 <main+0x214>)
100004ca:	4698      	mov	r8, r3
100004cc:	4b77      	ldr	r3, [pc, #476]	@ (100006ac <main+0x218>)
100004ce:	9300      	str	r3, [sp, #0]
100004d0:	4b77      	ldr	r3, [pc, #476]	@ (100006b0 <main+0x21c>)
100004d2:	9301      	str	r3, [sp, #4]
100004d4:	2380      	movs	r3, #128	@ 0x80
100004d6:	6822      	ldr	r2, [r4, #0]
100004d8:	015b      	lsls	r3, r3, #5
100004da:	4053      	eors	r3, r2
100004dc:	22e0      	movs	r2, #224	@ 0xe0
100004de:	01d2      	lsls	r2, r2, #7
100004e0:	4013      	ands	r3, r2
100004e2:	4a74      	ldr	r2, [pc, #464]	@ (100006b4 <main+0x220>)
100004e4:	6013      	str	r3, [r2, #0]
100004e6:	2304      	movs	r3, #4
100004e8:	4a73      	ldr	r2, [pc, #460]	@ (100006b8 <main+0x224>)
100004ea:	6013      	str	r3, [r2, #0]
100004ec:	2280      	movs	r2, #128	@ 0x80
100004ee:	0052      	lsls	r2, r2, #1
100004f0:	6823      	ldr	r3, [r4, #0]
100004f2:	4213      	tst	r3, r2
100004f4:	d0fc      	beq.n	100004f0 <main+0x5c>
100004f6:	4652      	mov	r2, sl
100004f8:	7810      	ldrb	r0, [r2, #0]
100004fa:	6863      	ldr	r3, [r4, #4]
100004fc:	0042      	lsls	r2, r0, #1
100004fe:	4694      	mov	ip, r2
10000500:	464a      	mov	r2, r9
10000502:	4667      	mov	r7, ip
10000504:	5bd2      	ldrh	r2, [r2, r7]
10000506:	464f      	mov	r7, r9
10000508:	4693      	mov	fp, r2
1000050a:	4662      	mov	r2, ip
1000050c:	52bb      	strh	r3, [r7, r2]
1000050e:	465a      	mov	r2, fp
10000510:	6831      	ldr	r1, [r6, #0]
10000512:	041b      	lsls	r3, r3, #16
10000514:	0c1b      	lsrs	r3, r3, #16
10000516:	185b      	adds	r3, r3, r1
10000518:	1a9b      	subs	r3, r3, r2
1000051a:	6033      	str	r3, [r6, #0]
1000051c:	2114      	movs	r1, #20
1000051e:	3001      	adds	r0, #1
10000520:	469b      	mov	fp, r3
10000522:	f001 fa6d 	bl	10001a00 <__wrap___aeabi_idiv>
10000526:	4653      	mov	r3, sl
10000528:	4658      	mov	r0, fp
1000052a:	7019      	strb	r1, [r3, #0]
1000052c:	2114      	movs	r1, #20
1000052e:	f001 fa8f 	bl	10001a50 <__wrap___aeabi_uidiv>
10000532:	2118      	movs	r1, #24
10000534:	5e6a      	ldrsh	r2, [r5, r1]
10000536:	0403      	lsls	r3, r0, #16
10000538:	271a      	movs	r7, #26
1000053a:	5fe9      	ldrsh	r1, [r5, r7]
1000053c:	0c1b      	lsrs	r3, r3, #16
1000053e:	4293      	cmp	r3, r2
10000540:	db00      	blt.n	10000544 <main+0xb0>
10000542:	e088      	b.n	10000656 <main+0x1c2>
10000544:	b202      	sxth	r2, r0
10000546:	832a      	strh	r2, [r5, #24]
10000548:	2000      	movs	r0, #0
1000054a:	428a      	cmp	r2, r1
1000054c:	da06      	bge.n	1000055c <main+0xc8>
1000054e:	1a9b      	subs	r3, r3, r2
10000550:	3064      	adds	r0, #100	@ 0x64
10000552:	4358      	muls	r0, r3
10000554:	1a89      	subs	r1, r1, r2
10000556:	f001 fa53 	bl	10001a00 <__wrap___aeabi_idiv>
1000055a:	b2c0      	uxtb	r0, r0
1000055c:	2316      	movs	r3, #22
1000055e:	83a8      	strh	r0, [r5, #28]
10000560:	56eb      	ldrsb	r3, [r5, r3]
10000562:	4283      	cmp	r3, r0
10000564:	dc69      	bgt.n	1000063a <main+0x1a6>
10000566:	7d6b      	ldrb	r3, [r5, #21]
10000568:	2b00      	cmp	r3, #0
1000056a:	d100      	bne.n	1000056e <main+0xda>
1000056c:	e087      	b.n	1000067e <main+0x1ea>
1000056e:	2317      	movs	r3, #23
10000570:	56eb      	ldrsb	r3, [r5, r3]
10000572:	4283      	cmp	r3, r0
10000574:	da68      	bge.n	10000648 <main+0x1b4>
10000576:	22e0      	movs	r2, #224	@ 0xe0
10000578:	6823      	ldr	r3, [r4, #0]
1000057a:	01d2      	lsls	r2, r2, #7
1000057c:	4013      	ands	r3, r2
1000057e:	4a4d      	ldr	r2, [pc, #308]	@ (100006b4 <main+0x220>)
10000580:	6013      	str	r3, [r2, #0]
10000582:	2304      	movs	r3, #4
10000584:	4a4c      	ldr	r2, [pc, #304]	@ (100006b8 <main+0x224>)
10000586:	6013      	str	r3, [r2, #0]
10000588:	2280      	movs	r2, #128	@ 0x80
1000058a:	0052      	lsls	r2, r2, #1
1000058c:	6823      	ldr	r3, [r4, #0]
1000058e:	4213      	tst	r3, r2
10000590:	d0fc      	beq.n	1000058c <main+0xf8>
10000592:	4642      	mov	r2, r8
10000594:	6812      	ldr	r2, [r2, #0]
10000596:	6863      	ldr	r3, [r4, #4]
10000598:	4693      	mov	fp, r2
1000059a:	9a00      	ldr	r2, [sp, #0]
1000059c:	7810      	ldrb	r0, [r2, #0]
1000059e:	0047      	lsls	r7, r0, #1
100005a0:	46bc      	mov	ip, r7
100005a2:	4661      	mov	r1, ip
100005a4:	4662      	mov	r2, ip
100005a6:	9f01      	ldr	r7, [sp, #4]
100005a8:	3001      	adds	r0, #1
100005aa:	5aba      	ldrh	r2, [r7, r2]
100005ac:	527b      	strh	r3, [r7, r1]
100005ae:	041b      	lsls	r3, r3, #16
100005b0:	0c1b      	lsrs	r3, r3, #16
100005b2:	445b      	add	r3, fp
100005b4:	1a9b      	subs	r3, r3, r2
100005b6:	469b      	mov	fp, r3
100005b8:	4643      	mov	r3, r8
100005ba:	4659      	mov	r1, fp
100005bc:	6019      	str	r1, [r3, #0]
100005be:	2114      	movs	r1, #20
100005c0:	f001 fa1e 	bl	10001a00 <__wrap___aeabi_idiv>
100005c4:	9a00      	ldr	r2, [sp, #0]
100005c6:	4658      	mov	r0, fp
100005c8:	7011      	strb	r1, [r2, #0]
100005ca:	2114      	movs	r1, #20
100005cc:	f001 fa40 	bl	10001a50 <__wrap___aeabi_uidiv>
100005d0:	2138      	movs	r1, #56	@ 0x38
100005d2:	5e6a      	ldrsh	r2, [r5, r1]
100005d4:	0403      	lsls	r3, r0, #16
100005d6:	273a      	movs	r7, #58	@ 0x3a
100005d8:	5fe9      	ldrsh	r1, [r5, r7]
100005da:	0c1b      	lsrs	r3, r3, #16
100005dc:	4293      	cmp	r3, r2
100005de:	da1c      	bge.n	1000061a <main+0x186>
100005e0:	b202      	sxth	r2, r0
100005e2:	872a      	strh	r2, [r5, #56]	@ 0x38
100005e4:	2000      	movs	r0, #0
100005e6:	4291      	cmp	r1, r2
100005e8:	dd06      	ble.n	100005f8 <main+0x164>
100005ea:	1a9b      	subs	r3, r3, r2
100005ec:	3064      	adds	r0, #100	@ 0x64
100005ee:	4358      	muls	r0, r3
100005f0:	1a89      	subs	r1, r1, r2
100005f2:	f001 fa05 	bl	10001a00 <__wrap___aeabi_idiv>
100005f6:	b2c0      	uxtb	r0, r0
100005f8:	2336      	movs	r3, #54	@ 0x36
100005fa:	87a8      	strh	r0, [r5, #60]	@ 0x3c
100005fc:	56eb      	ldrsb	r3, [r5, r3]
100005fe:	4283      	cmp	r3, r0
10000600:	dc10      	bgt.n	10000624 <main+0x190>
10000602:	2335      	movs	r3, #53	@ 0x35
10000604:	5cea      	ldrb	r2, [r5, r3]
10000606:	2a00      	cmp	r2, #0
10000608:	d12b      	bne.n	10000662 <main+0x1ce>
1000060a:	3201      	adds	r2, #1
1000060c:	54ea      	strb	r2, [r5, r3]
1000060e:	3309      	adds	r3, #9
10000610:	5ce9      	ldrb	r1, [r5, r3]
10000612:	9802      	ldr	r0, [sp, #8]
10000614:	f003 ff46 	bl	100044a4 <__wrap_printf>
10000618:	e75c      	b.n	100004d4 <main+0x40>
1000061a:	428b      	cmp	r3, r1
1000061c:	dde2      	ble.n	100005e4 <main+0x150>
1000061e:	b201      	sxth	r1, r0
10000620:	8769      	strh	r1, [r5, #58]	@ 0x3a
10000622:	e7df      	b.n	100005e4 <main+0x150>
10000624:	2337      	movs	r3, #55	@ 0x37
10000626:	56eb      	ldrsb	r3, [r5, r3]
10000628:	4283      	cmp	r3, r0
1000062a:	da00      	bge.n	1000062e <main+0x19a>
1000062c:	e752      	b.n	100004d4 <main+0x40>
1000062e:	2335      	movs	r3, #53	@ 0x35
10000630:	5ceb      	ldrb	r3, [r5, r3]
10000632:	2b00      	cmp	r3, #0
10000634:	d100      	bne.n	10000638 <main+0x1a4>
10000636:	e74d      	b.n	100004d4 <main+0x40>
10000638:	e018      	b.n	1000066c <main+0x1d8>
1000063a:	2317      	movs	r3, #23
1000063c:	56eb      	ldrsb	r3, [r5, r3]
1000063e:	4283      	cmp	r3, r0
10000640:	db99      	blt.n	10000576 <main+0xe2>
10000642:	7d6b      	ldrb	r3, [r5, #21]
10000644:	2b00      	cmp	r3, #0
10000646:	d096      	beq.n	10000576 <main+0xe2>
10000648:	2300      	movs	r3, #0
1000064a:	7fa9      	ldrb	r1, [r5, #30]
1000064c:	9803      	ldr	r0, [sp, #12]
1000064e:	756b      	strb	r3, [r5, #21]
10000650:	f003 ff28 	bl	100044a4 <__wrap_printf>
10000654:	e78f      	b.n	10000576 <main+0xe2>
10000656:	428b      	cmp	r3, r1
10000658:	dc00      	bgt.n	1000065c <main+0x1c8>
1000065a:	e775      	b.n	10000548 <main+0xb4>
1000065c:	b201      	sxth	r1, r0
1000065e:	8369      	strh	r1, [r5, #26]
10000660:	e772      	b.n	10000548 <main+0xb4>
10000662:	2337      	movs	r3, #55	@ 0x37
10000664:	56eb      	ldrsb	r3, [r5, r3]
10000666:	4283      	cmp	r3, r0
10000668:	da00      	bge.n	1000066c <main+0x1d8>
1000066a:	e733      	b.n	100004d4 <main+0x40>
1000066c:	2335      	movs	r3, #53	@ 0x35
1000066e:	2200      	movs	r2, #0
10000670:	54ea      	strb	r2, [r5, r3]
10000672:	3309      	adds	r3, #9
10000674:	5ce9      	ldrb	r1, [r5, r3]
10000676:	9803      	ldr	r0, [sp, #12]
10000678:	f003 ff14 	bl	100044a4 <__wrap_printf>
1000067c:	e72a      	b.n	100004d4 <main+0x40>
1000067e:	3301      	adds	r3, #1
10000680:	7fa9      	ldrb	r1, [r5, #30]
10000682:	9802      	ldr	r0, [sp, #8]
10000684:	756b      	strb	r3, [r5, #21]
10000686:	f003 ff0d 	bl	100044a4 <__wrap_printf>
1000068a:	e774      	b.n	10000576 <main+0xe2>
1000068c:	20001fc8 	.word	0x20001fc8
10000690:	20001eec 	.word	0x20001eec
10000694:	20001ff1 	.word	0x20001ff1
10000698:	4004c000 	.word	0x4004c000
1000069c:	20001f78 	.word	0x20001f78
100006a0:	10006e2c 	.word	0x10006e2c
100006a4:	10006e3c 	.word	0x10006e3c
100006a8:	20001fcc 	.word	0x20001fcc
100006ac:	20001ff2 	.word	0x20001ff2
100006b0:	20001fa0 	.word	0x20001fa0
100006b4:	4004d000 	.word	0x4004d000
100006b8:	4004e000 	.word	0x4004e000

100006bc <gpio_set_function>:
100006bc:	4a09      	ldr	r2, [pc, #36]	@ (100006e4 <gpio_set_function+0x28>)
100006be:	0083      	lsls	r3, r0, #2
100006c0:	189a      	adds	r2, r3, r2
100006c2:	b510      	push	{r4, lr}
100006c4:	6814      	ldr	r4, [r2, #0]
100006c6:	2240      	movs	r2, #64	@ 0x40
100006c8:	4054      	eors	r4, r2
100006ca:	3280      	adds	r2, #128	@ 0x80
100006cc:	4022      	ands	r2, r4
100006ce:	4c06      	ldr	r4, [pc, #24]	@ (100006e8 <gpio_set_function+0x2c>)
100006d0:	00c0      	lsls	r0, r0, #3
100006d2:	46a4      	mov	ip, r4
100006d4:	4463      	add	r3, ip
100006d6:	601a      	str	r2, [r3, #0]
100006d8:	4b04      	ldr	r3, [pc, #16]	@ (100006ec <gpio_set_function+0x30>)
100006da:	469c      	mov	ip, r3
100006dc:	4460      	add	r0, ip
100006de:	6041      	str	r1, [r0, #4]
100006e0:	bd10      	pop	{r4, pc}
100006e2:	46c0      	nop			@ (mov r8, r8)
100006e4:	4001c004 	.word	0x4001c004
100006e8:	4001d004 	.word	0x4001d004
100006ec:	40014000 	.word	0x40014000

100006f0 <gpio_set_pulls>:
100006f0:	4b07      	ldr	r3, [pc, #28]	@ (10000710 <gpio_set_pulls+0x20>)
100006f2:	0080      	lsls	r0, r0, #2
100006f4:	18c3      	adds	r3, r0, r3
100006f6:	681b      	ldr	r3, [r3, #0]
100006f8:	00c9      	lsls	r1, r1, #3
100006fa:	0092      	lsls	r2, r2, #2
100006fc:	430a      	orrs	r2, r1
100006fe:	405a      	eors	r2, r3
10000700:	230c      	movs	r3, #12
10000702:	4013      	ands	r3, r2
10000704:	4a03      	ldr	r2, [pc, #12]	@ (10000714 <gpio_set_pulls+0x24>)
10000706:	4694      	mov	ip, r2
10000708:	4460      	add	r0, ip
1000070a:	6003      	str	r3, [r0, #0]
1000070c:	4770      	bx	lr
1000070e:	46c0      	nop			@ (mov r8, r8)
10000710:	4001c004 	.word	0x4001c004
10000714:	4001d004 	.word	0x4001d004

10000718 <gpio_set_input_enabled>:
10000718:	0080      	lsls	r0, r0, #2
1000071a:	2900      	cmp	r1, #0
1000071c:	d005      	beq.n	1000072a <gpio_set_input_enabled+0x12>
1000071e:	4b06      	ldr	r3, [pc, #24]	@ (10000738 <gpio_set_input_enabled+0x20>)
10000720:	469c      	mov	ip, r3
10000722:	2340      	movs	r3, #64	@ 0x40
10000724:	4460      	add	r0, ip
10000726:	6003      	str	r3, [r0, #0]
10000728:	4770      	bx	lr
1000072a:	4b04      	ldr	r3, [pc, #16]	@ (1000073c <gpio_set_input_enabled+0x24>)
1000072c:	469c      	mov	ip, r3
1000072e:	2340      	movs	r3, #64	@ 0x40
10000730:	4460      	add	r0, ip
10000732:	6003      	str	r3, [r0, #0]
10000734:	e7f8      	b.n	10000728 <gpio_set_input_enabled+0x10>
10000736:	46c0      	nop			@ (mov r8, r8)
10000738:	4001e004 	.word	0x4001e004
1000073c:	4001f004 	.word	0x4001f004

10000740 <rp2040_chip_version>:
10000740:	2380      	movs	r3, #128	@ 0x80
10000742:	05db      	lsls	r3, r3, #23
10000744:	6818      	ldr	r0, [r3, #0]
10000746:	0f00      	lsrs	r0, r0, #28
10000748:	4770      	bx	lr
1000074a:	46c0      	nop			@ (mov r8, r8)

1000074c <panic>:
1000074c:	b40f      	push	{r0, r1, r2, r3}
1000074e:	b500      	push	{lr}
10000750:	4808      	ldr	r0, [pc, #32]	@ (10000774 <panic+0x28>)
10000752:	b083      	sub	sp, #12
10000754:	f003 fe22 	bl	1000439c <__wrap_puts>
10000758:	9b04      	ldr	r3, [sp, #16]
1000075a:	2b00      	cmp	r3, #0
1000075c:	d007      	beq.n	1000076e <panic+0x22>
1000075e:	a905      	add	r1, sp, #20
10000760:	0018      	movs	r0, r3
10000762:	9101      	str	r1, [sp, #4]
10000764:	f003 fc70 	bl	10004048 <weak_raw_vprintf>
10000768:	4803      	ldr	r0, [pc, #12]	@ (10000778 <panic+0x2c>)
1000076a:	f003 fe17 	bl	1000439c <__wrap_puts>
1000076e:	2001      	movs	r0, #1
10000770:	f003 fc82 	bl	10004078 <_exit>
10000774:	10006e4c 	.word	0x10006e4c
10000778:	10006e5c 	.word	0x10006e5c

1000077c <hw_claim_or_assert>:
1000077c:	b570      	push	{r4, r5, r6, lr}
1000077e:	f3ef 8c10 	mrs	ip, PRIMASK
10000782:	b672      	cpsid	i
10000784:	4d0d      	ldr	r5, [pc, #52]	@ (100007bc <hw_claim_or_assert+0x40>)
10000786:	682b      	ldr	r3, [r5, #0]
10000788:	2b00      	cmp	r3, #0
1000078a:	d0fc      	beq.n	10000786 <hw_claim_or_assert+0xa>
1000078c:	f3bf 8f5f 	dmb	sy
10000790:	2407      	movs	r4, #7
10000792:	08cb      	lsrs	r3, r1, #3
10000794:	18c6      	adds	r6, r0, r3
10000796:	5cc0      	ldrb	r0, [r0, r3]
10000798:	2301      	movs	r3, #1
1000079a:	400c      	ands	r4, r1
1000079c:	40a3      	lsls	r3, r4
1000079e:	001c      	movs	r4, r3
100007a0:	4004      	ands	r4, r0
100007a2:	4203      	tst	r3, r0
100007a4:	d107      	bne.n	100007b6 <hw_claim_or_assert+0x3a>
100007a6:	4318      	orrs	r0, r3
100007a8:	7030      	strb	r0, [r6, #0]
100007aa:	f3bf 8f5f 	dmb	sy
100007ae:	602c      	str	r4, [r5, #0]
100007b0:	f38c 8810 	msr	PRIMASK, ip
100007b4:	bd70      	pop	{r4, r5, r6, pc}
100007b6:	0010      	movs	r0, r2
100007b8:	f7ff ffc8 	bl	1000074c <panic>
100007bc:	d000012c 	.word	0xd000012c

100007c0 <hw_claim_unused_from_range>:
100007c0:	b5f8      	push	{r3, r4, r5, r6, r7, lr}
100007c2:	4647      	mov	r7, r8
100007c4:	46ce      	mov	lr, r9
100007c6:	4688      	mov	r8, r1
100007c8:	b580      	push	{r7, lr}
100007ca:	f3ef 8c10 	mrs	ip, PRIMASK
100007ce:	b672      	cpsid	i
100007d0:	4d1c      	ldr	r5, [pc, #112]	@ (10000844 <hw_claim_unused_from_range+0x84>)
100007d2:	682c      	ldr	r4, [r5, #0]
100007d4:	2c00      	cmp	r4, #0
100007d6:	d0fc      	beq.n	100007d2 <hw_claim_unused_from_range+0x12>
100007d8:	f3bf 8f5f 	dmb	sy
100007dc:	429a      	cmp	r2, r3
100007de:	d822      	bhi.n	10000826 <hw_claim_unused_from_range+0x66>
100007e0:	2107      	movs	r1, #7
100007e2:	2601      	movs	r6, #1
100007e4:	4689      	mov	r9, r1
100007e6:	e002      	b.n	100007ee <hw_claim_unused_from_range+0x2e>
100007e8:	3201      	adds	r2, #1
100007ea:	4293      	cmp	r3, r2
100007ec:	d318      	bcc.n	10000820 <hw_claim_unused_from_range+0x60>
100007ee:	464d      	mov	r5, r9
100007f0:	0037      	movs	r7, r6
100007f2:	4015      	ands	r5, r2
100007f4:	40af      	lsls	r7, r5
100007f6:	08d4      	lsrs	r4, r2, #3
100007f8:	1901      	adds	r1, r0, r4
100007fa:	5d04      	ldrb	r4, [r0, r4]
100007fc:	4227      	tst	r7, r4
100007fe:	d1f3      	bne.n	100007e8 <hw_claim_unused_from_range+0x28>
10000800:	0010      	movs	r0, r2
10000802:	433c      	orrs	r4, r7
10000804:	700c      	strb	r4, [r1, #0]
10000806:	f3bf 8f5f 	dmb	sy
1000080a:	2200      	movs	r2, #0
1000080c:	4b0d      	ldr	r3, [pc, #52]	@ (10000844 <hw_claim_unused_from_range+0x84>)
1000080e:	601a      	str	r2, [r3, #0]
10000810:	f38c 8810 	msr	PRIMASK, ip
10000814:	2800      	cmp	r0, #0
10000816:	db0e      	blt.n	10000836 <hw_claim_unused_from_range+0x76>
10000818:	bcc0      	pop	{r6, r7}
1000081a:	46b9      	mov	r9, r7
1000081c:	46b0      	mov	r8, r6
1000081e:	bdf8      	pop	{r3, r4, r5, r6, r7, pc}
10000820:	2001      	movs	r0, #1
10000822:	4240      	negs	r0, r0
10000824:	e7ef      	b.n	10000806 <hw_claim_unused_from_range+0x46>
10000826:	f3bf 8f5f 	dmb	sy
1000082a:	2300      	movs	r3, #0
1000082c:	602b      	str	r3, [r5, #0]
1000082e:	f38c 8810 	msr	PRIMASK, ip
10000832:	2001      	movs	r0, #1
10000834:	4240      	negs	r0, r0
10000836:	4643      	mov	r3, r8
10000838:	2b00      	cmp	r3, #0
1000083a:	d0ed      	beq.n	10000818 <hw_claim_unused_from_range+0x58>
1000083c:	9808      	ldr	r0, [sp, #32]
1000083e:	f7ff ff85 	bl	1000074c <panic>
10000842:	46c0      	nop			@ (mov r8, r8)
10000844:	d000012c 	.word	0xd000012c

10000848 <next_striped_spin_lock_num>:
10000848:	4a04      	ldr	r2, [pc, #16]	@ (1000085c <next_striped_spin_lock_num+0x14>)
1000084a:	7810      	ldrb	r0, [r2, #0]
1000084c:	1c43      	adds	r3, r0, #1
1000084e:	b2db      	uxtb	r3, r3
10000850:	2b17      	cmp	r3, #23
10000852:	d900      	bls.n	10000856 <next_striped_spin_lock_num+0xe>
10000854:	2310      	movs	r3, #16
10000856:	7013      	strb	r3, [r2, #0]
10000858:	4770      	bx	lr
1000085a:	46c0      	nop			@ (mov r8, r8)
1000085c:	20000f98 	.word	0x20000f98

10000860 <spin_lock_claim_unused>:
10000860:	b510      	push	{r4, lr}
10000862:	4b06      	ldr	r3, [pc, #24]	@ (1000087c <spin_lock_claim_unused+0x1c>)
10000864:	4c06      	ldr	r4, [pc, #24]	@ (10000880 <spin_lock_claim_unused+0x20>)
10000866:	b082      	sub	sp, #8
10000868:	0001      	movs	r1, r0
1000086a:	9300      	str	r3, [sp, #0]
1000086c:	2218      	movs	r2, #24
1000086e:	231f      	movs	r3, #31
10000870:	0020      	movs	r0, r4
10000872:	f7ff ffa5 	bl	100007c0 <hw_claim_unused_from_range>
10000876:	b002      	add	sp, #8
10000878:	bd10      	pop	{r4, pc}
1000087a:	46c0      	nop			@ (mov r8, r8)
1000087c:	10006e60 	.word	0x10006e60
10000880:	20001a88 	.word	0x20001a88

10000884 <spin_locks_reset>:
10000884:	2100      	movs	r1, #0
10000886:	4b04      	ldr	r3, [pc, #16]	@ (10000898 <spin_locks_reset+0x14>)
10000888:	4a04      	ldr	r2, [pc, #16]	@ (1000089c <spin_locks_reset+0x18>)
1000088a:	f3bf 8f5f 	dmb	sy
1000088e:	c302      	stmia	r3!, {r1}
10000890:	4293      	cmp	r3, r2
10000892:	d1fa      	bne.n	1000088a <spin_locks_reset+0x6>
10000894:	4770      	bx	lr
10000896:	46c0      	nop			@ (mov r8, r8)
10000898:	d0000100 	.word	0xd0000100
1000089c:	d0000180 	.word	0xd0000180

100008a0 <runtime_init_per_core_irq_priorities>:
100008a0:	4b05      	ldr	r3, [pc, #20]	@ (100008b8 <runtime_init_per_core_irq_priorities+0x18>)
100008a2:	4a06      	ldr	r2, [pc, #24]	@ (100008bc <runtime_init_per_core_irq_priorities+0x1c>)
100008a4:	6013      	str	r3, [r2, #0]
100008a6:	4a06      	ldr	r2, [pc, #24]	@ (100008c0 <runtime_init_per_core_irq_priorities+0x20>)
100008a8:	6013      	str	r3, [r2, #0]
100008aa:	6053      	str	r3, [r2, #4]
100008ac:	6093      	str	r3, [r2, #8]
100008ae:	60d3      	str	r3, [r2, #12]
100008b0:	6113      	str	r3, [r2, #16]
100008b2:	6153      	str	r3, [r2, #20]
100008b4:	6193      	str	r3, [r2, #24]
100008b6:	4770      	bx	lr
100008b8:	80808080 	.word	0x80808080
100008bc:	e000e400 	.word	0xe000e400
100008c0:	e000e404 	.word	0xe000e404

100008c4 <irq_set_enabled>:
100008c4:	231f      	movs	r3, #31
100008c6:	4018      	ands	r0, r3
100008c8:	3b1e      	subs	r3, #30
100008ca:	4083      	lsls	r3, r0
100008cc:	2900      	cmp	r1, #0
100008ce:	d005      	beq.n	100008dc <irq_set_enabled+0x18>
100008d0:	21c0      	movs	r1, #192	@ 0xc0
100008d2:	4a04      	ldr	r2, [pc, #16]	@ (100008e4 <irq_set_enabled+0x20>)
100008d4:	0049      	lsls	r1, r1, #1
100008d6:	5053      	str	r3, [r2, r1]
100008d8:	6013      	str	r3, [r2, #0]
100008da:	4770      	bx	lr
100008dc:	2280      	movs	r2, #128	@ 0x80
100008de:	4901      	ldr	r1, [pc, #4]	@ (100008e4 <irq_set_enabled+0x20>)
100008e0:	508b      	str	r3, [r1, r2]
100008e2:	e7fa      	b.n	100008da <irq_set_enabled+0x16>
100008e4:	e000e100 	.word	0xe000e100

100008e8 <irq_is_enabled>:
100008e8:	2201      	movs	r2, #1
100008ea:	4082      	lsls	r2, r0
100008ec:	4b03      	ldr	r3, [pc, #12]	@ (100008fc <irq_is_enabled+0x14>)
100008ee:	681b      	ldr	r3, [r3, #0]
100008f0:	4013      	ands	r3, r2
100008f2:	1e5a      	subs	r2, r3, #1
100008f4:	4193      	sbcs	r3, r2
100008f6:	b2d8      	uxtb	r0, r3
100008f8:	4770      	bx	lr
100008fa:	46c0      	nop			@ (mov r8, r8)
100008fc:	e000e100 	.word	0xe000e100

10000900 <irq_set_pending>:
10000900:	2301      	movs	r3, #1
10000902:	4083      	lsls	r3, r0
10000904:	4a01      	ldr	r2, [pc, #4]	@ (1000090c <irq_set_pending+0xc>)
10000906:	6013      	str	r3, [r2, #0]
10000908:	4770      	bx	lr
1000090a:	46c0      	nop			@ (mov r8, r8)
1000090c:	e000e200 	.word	0xe000e200

10000910 <irq_has_shared_handler>:
10000910:	4b06      	ldr	r3, [pc, #24]	@ (1000092c <irq_has_shared_handler+0x1c>)
10000912:	3010      	adds	r0, #16
10000914:	689b      	ldr	r3, [r3, #8]
10000916:	0080      	lsls	r0, r0, #2
10000918:	58c3      	ldr	r3, [r0, r3]
1000091a:	4a05      	ldr	r2, [pc, #20]	@ (10000930 <irq_has_shared_handler+0x20>)
1000091c:	2000      	movs	r0, #0
1000091e:	1a9b      	subs	r3, r3, r2
10000920:	222f      	movs	r2, #47	@ 0x2f
10000922:	429a      	cmp	r2, r3
10000924:	4140      	adcs	r0, r0
10000926:	b2c0      	uxtb	r0, r0
10000928:	4770      	bx	lr
1000092a:	46c0      	nop			@ (mov r8, r8)
1000092c:	e000ed00 	.word	0xe000ed00
10000930:	20000f9c 	.word	0x20000f9c

10000934 <irq_set_exclusive_handler>:
10000934:	b570      	push	{r4, r5, r6, lr}
10000936:	000d      	movs	r5, r1
10000938:	f3ef 8610 	mrs	r6, PRIMASK
1000093c:	b672      	cpsid	i
1000093e:	4a0f      	ldr	r2, [pc, #60]	@ (1000097c <irq_set_exclusive_handler+0x48>)
10000940:	6813      	ldr	r3, [r2, #0]
10000942:	2b00      	cmp	r3, #0
10000944:	d0fc      	beq.n	10000940 <irq_set_exclusive_handler+0xc>
10000946:	f3bf 8f5f 	dmb	sy
1000094a:	4b0d      	ldr	r3, [pc, #52]	@ (10000980 <irq_set_exclusive_handler+0x4c>)
1000094c:	3010      	adds	r0, #16
1000094e:	689b      	ldr	r3, [r3, #8]
10000950:	0084      	lsls	r4, r0, #2
10000952:	591b      	ldr	r3, [r3, r4]
10000954:	4a0b      	ldr	r2, [pc, #44]	@ (10000984 <irq_set_exclusive_handler+0x50>)
10000956:	4293      	cmp	r3, r2
10000958:	d003      	beq.n	10000962 <irq_set_exclusive_handler+0x2e>
1000095a:	429d      	cmp	r5, r3
1000095c:	d001      	beq.n	10000962 <irq_set_exclusive_handler+0x2e>
1000095e:	f000 ff71 	bl	10001844 <hard_assertion_failure>
10000962:	4b07      	ldr	r3, [pc, #28]	@ (10000980 <irq_set_exclusive_handler+0x4c>)
10000964:	689b      	ldr	r3, [r3, #8]
10000966:	511d      	str	r5, [r3, r4]
10000968:	f3bf 8f5f 	dmb	sy
1000096c:	f3bf 8f5f 	dmb	sy
10000970:	2200      	movs	r2, #0
10000972:	4b02      	ldr	r3, [pc, #8]	@ (1000097c <irq_set_exclusive_handler+0x48>)
10000974:	601a      	str	r2, [r3, #0]
10000976:	f386 8810 	msr	PRIMASK, r6
1000097a:	bd70      	pop	{r4, r5, r6, pc}
1000097c:	d0000124 	.word	0xd0000124
10000980:	e000ed00 	.word	0xe000ed00
10000984:	100001cd 	.word	0x100001cd

10000988 <irq_add_shared_handler>:
10000988:	b5f0      	push	{r4, r5, r6, r7, lr}
1000098a:	4657      	mov	r7, sl
1000098c:	464e      	mov	r6, r9
1000098e:	46de      	mov	lr, fp
10000990:	4645      	mov	r5, r8
10000992:	b5e0      	push	{r5, r6, r7, lr}
10000994:	b085      	sub	sp, #20
10000996:	0006      	movs	r6, r0
10000998:	9100      	str	r1, [sp, #0]
1000099a:	0017      	movs	r7, r2
1000099c:	f3ef 8b10 	mrs	fp, PRIMASK
100009a0:	b672      	cpsid	i
100009a2:	4a6a      	ldr	r2, [pc, #424]	@ (10000b4c <irq_add_shared_handler+0x1c4>)
100009a4:	6813      	ldr	r3, [r2, #0]
100009a6:	2b00      	cmp	r3, #0
100009a8:	d0fc      	beq.n	100009a4 <irq_add_shared_handler+0x1c>
100009aa:	f3bf 8f5f 	dmb	sy
100009ae:	2500      	movs	r5, #0
100009b0:	4b67      	ldr	r3, [pc, #412]	@ (10000b50 <irq_add_shared_handler+0x1c8>)
100009b2:	575d      	ldrsb	r5, [r3, r5]
100009b4:	469a      	mov	sl, r3
100009b6:	2d00      	cmp	r5, #0
100009b8:	da00      	bge.n	100009bc <irq_add_shared_handler+0x34>
100009ba:	e0a9      	b.n	10000b10 <irq_add_shared_handler+0x188>
100009bc:	006b      	lsls	r3, r5, #1
100009be:	4c65      	ldr	r4, [pc, #404]	@ (10000b54 <irq_add_shared_handler+0x1cc>)
100009c0:	9301      	str	r3, [sp, #4]
100009c2:	195b      	adds	r3, r3, r5
100009c4:	009b      	lsls	r3, r3, #2
100009c6:	4698      	mov	r8, r3
100009c8:	46a1      	mov	r9, r4
100009ca:	44c1      	add	r9, r8
100009cc:	464b      	mov	r3, r9
100009ce:	4652      	mov	r2, sl
100009d0:	799b      	ldrb	r3, [r3, #6]
100009d2:	3610      	adds	r6, #16
100009d4:	7013      	strb	r3, [r2, #0]
100009d6:	4b60      	ldr	r3, [pc, #384]	@ (10000b58 <irq_add_shared_handler+0x1d0>)
100009d8:	00b6      	lsls	r6, r6, #2
100009da:	689b      	ldr	r3, [r3, #8]
100009dc:	5999      	ldr	r1, [r3, r6]
100009de:	1b0b      	subs	r3, r1, r4
100009e0:	2b2f      	cmp	r3, #47	@ 0x2f
100009e2:	d933      	bls.n	10000a4c <irq_add_shared_handler+0xc4>
100009e4:	4b5d      	ldr	r3, [pc, #372]	@ (10000b5c <irq_add_shared_handler+0x1d4>)
100009e6:	4299      	cmp	r1, r3
100009e8:	d000      	beq.n	100009ec <irq_add_shared_handler+0x64>
100009ea:	e0ac      	b.n	10000b46 <irq_add_shared_handler+0x1be>
100009ec:	9b01      	ldr	r3, [sp, #4]
100009ee:	4642      	mov	r2, r8
100009f0:	469c      	mov	ip, r3
100009f2:	4b5b      	ldr	r3, [pc, #364]	@ (10000b60 <irq_add_shared_handler+0x1d8>)
100009f4:	4465      	add	r5, ip
100009f6:	00ad      	lsls	r5, r5, #2
100009f8:	5363      	strh	r3, [r4, r5]
100009fa:	4b5a      	ldr	r3, [pc, #360]	@ (10000b64 <irq_add_shared_handler+0x1dc>)
100009fc:	3202      	adds	r2, #2
100009fe:	18a2      	adds	r2, r4, r2
10000a00:	3b04      	subs	r3, #4
10000a02:	1a9b      	subs	r3, r3, r2
10000a04:	051b      	lsls	r3, r3, #20
10000a06:	4a58      	ldr	r2, [pc, #352]	@ (10000b68 <irq_add_shared_handler+0x1e0>)
10000a08:	0d5b      	lsrs	r3, r3, #21
10000a0a:	1965      	adds	r5, r4, r5
10000a0c:	4313      	orrs	r3, r2
10000a0e:	806b      	strh	r3, [r5, #2]
10000a10:	4b56      	ldr	r3, [pc, #344]	@ (10000b6c <irq_add_shared_handler+0x1e4>)
10000a12:	2101      	movs	r1, #1
10000a14:	80ab      	strh	r3, [r5, #4]
10000a16:	23ff      	movs	r3, #255	@ 0xff
10000a18:	71ab      	strb	r3, [r5, #6]
10000a1a:	9b00      	ldr	r3, [sp, #0]
10000a1c:	71ef      	strb	r7, [r5, #7]
10000a1e:	60ab      	str	r3, [r5, #8]
10000a20:	464b      	mov	r3, r9
10000a22:	430b      	orrs	r3, r1
10000a24:	0019      	movs	r1, r3
10000a26:	4b4c      	ldr	r3, [pc, #304]	@ (10000b58 <irq_add_shared_handler+0x1d0>)
10000a28:	689b      	ldr	r3, [r3, #8]
10000a2a:	5199      	str	r1, [r3, r6]
10000a2c:	f3bf 8f5f 	dmb	sy
10000a30:	f3bf 8f5f 	dmb	sy
10000a34:	2200      	movs	r2, #0
10000a36:	4b45      	ldr	r3, [pc, #276]	@ (10000b4c <irq_add_shared_handler+0x1c4>)
10000a38:	601a      	str	r2, [r3, #0]
10000a3a:	f38b 8810 	msr	PRIMASK, fp
10000a3e:	b005      	add	sp, #20
10000a40:	bcf0      	pop	{r4, r5, r6, r7}
10000a42:	46bb      	mov	fp, r7
10000a44:	46b2      	mov	sl, r6
10000a46:	46a9      	mov	r9, r5
10000a48:	46a0      	mov	r8, r4
10000a4a:	bdf0      	pop	{r4, r5, r6, r7, pc}
10000a4c:	2001      	movs	r0, #1
10000a4e:	000a      	movs	r2, r1
10000a50:	4382      	bics	r2, r0
10000a52:	79d3      	ldrb	r3, [r2, #7]
10000a54:	468c      	mov	ip, r1
10000a56:	42bb      	cmp	r3, r7
10000a58:	d831      	bhi.n	10000abe <irq_add_shared_handler+0x136>
10000a5a:	4645      	mov	r5, r8
10000a5c:	0013      	movs	r3, r2
10000a5e:	4944      	ldr	r1, [pc, #272]	@ (10000b70 <irq_add_shared_handler+0x1e8>)
10000a60:	1b1b      	subs	r3, r3, r4
10000a62:	415b      	adcs	r3, r3
10000a64:	4359      	muls	r1, r3
10000a66:	0d09      	lsrs	r1, r1, #20
10000a68:	4b3d      	ldr	r3, [pc, #244]	@ (10000b60 <irq_add_shared_handler+0x1d8>)
10000a6a:	5363      	strh	r3, [r4, r5]
10000a6c:	4b3d      	ldr	r3, [pc, #244]	@ (10000b64 <irq_add_shared_handler+0x1dc>)
10000a6e:	3502      	adds	r5, #2
10000a70:	1965      	adds	r5, r4, r5
10000a72:	3b04      	subs	r3, #4
10000a74:	1b5b      	subs	r3, r3, r5
10000a76:	051b      	lsls	r3, r3, #20
10000a78:	4d3b      	ldr	r5, [pc, #236]	@ (10000b68 <irq_add_shared_handler+0x1e0>)
10000a7a:	0d5b      	lsrs	r3, r3, #21
10000a7c:	432b      	orrs	r3, r5
10000a7e:	46aa      	mov	sl, r5
10000a80:	464d      	mov	r5, r9
10000a82:	806b      	strh	r3, [r5, #2]
10000a84:	2504      	movs	r5, #4
10000a86:	46ac      	mov	ip, r5
10000a88:	4655      	mov	r5, sl
10000a8a:	44e0      	add	r8, ip
10000a8c:	1f13      	subs	r3, r2, #4
10000a8e:	4444      	add	r4, r8
10000a90:	1b1b      	subs	r3, r3, r4
10000a92:	051b      	lsls	r3, r3, #20
10000a94:	0d5b      	lsrs	r3, r3, #21
10000a96:	431d      	orrs	r5, r3
10000a98:	464b      	mov	r3, r9
10000a9a:	7199      	strb	r1, [r3, #6]
10000a9c:	9900      	ldr	r1, [sp, #0]
10000a9e:	809d      	strh	r5, [r3, #4]
10000aa0:	6099      	str	r1, [r3, #8]
10000aa2:	4649      	mov	r1, r9
10000aa4:	71df      	strb	r7, [r3, #7]
10000aa6:	4b33      	ldr	r3, [pc, #204]	@ (10000b74 <irq_add_shared_handler+0x1ec>)
10000aa8:	4301      	orrs	r1, r0
10000aaa:	6013      	str	r3, [r2, #0]
10000aac:	e7bb      	b.n	10000a26 <irq_add_shared_handler+0x9e>
10000aae:	0058      	lsls	r0, r3, #1
10000ab0:	18c0      	adds	r0, r0, r3
10000ab2:	0080      	lsls	r0, r0, #2
10000ab4:	1820      	adds	r0, r4, r0
10000ab6:	79c1      	ldrb	r1, [r0, #7]
10000ab8:	42b9      	cmp	r1, r7
10000aba:	d92f      	bls.n	10000b1c <irq_add_shared_handler+0x194>
10000abc:	0002      	movs	r2, r0
10000abe:	2306      	movs	r3, #6
10000ac0:	56d3      	ldrsb	r3, [r2, r3]
10000ac2:	2b00      	cmp	r3, #0
10000ac4:	daf3      	bge.n	10000aae <irq_add_shared_handler+0x126>
10000ac6:	9302      	str	r3, [sp, #8]
10000ac8:	4b2b      	ldr	r3, [pc, #172]	@ (10000b78 <irq_add_shared_handler+0x1f0>)
10000aca:	4661      	mov	r1, ip
10000acc:	9303      	str	r3, [sp, #12]
10000ace:	1d13      	adds	r3, r2, #4
10000ad0:	469a      	mov	sl, r3
10000ad2:	2304      	movs	r3, #4
10000ad4:	425b      	negs	r3, r3
10000ad6:	469c      	mov	ip, r3
10000ad8:	44e1      	add	r9, ip
10000ada:	4650      	mov	r0, sl
10000adc:	464b      	mov	r3, r9
10000ade:	1a1b      	subs	r3, r3, r0
10000ae0:	051b      	lsls	r3, r3, #20
10000ae2:	0d5b      	lsrs	r3, r3, #21
10000ae4:	469c      	mov	ip, r3
10000ae6:	4b20      	ldr	r3, [pc, #128]	@ (10000b68 <irq_add_shared_handler+0x1e0>)
10000ae8:	7195      	strb	r5, [r2, #6]
10000aea:	4698      	mov	r8, r3
10000aec:	4663      	mov	r3, ip
10000aee:	4640      	mov	r0, r8
10000af0:	4303      	orrs	r3, r0
10000af2:	8093      	strh	r3, [r2, #4]
10000af4:	9b01      	ldr	r3, [sp, #4]
10000af6:	195a      	adds	r2, r3, r5
10000af8:	0092      	lsls	r2, r2, #2
10000afa:	9b03      	ldr	r3, [sp, #12]
10000afc:	18a4      	adds	r4, r4, r2
10000afe:	80a3      	strh	r3, [r4, #4]
10000b00:	9b02      	ldr	r3, [sp, #8]
10000b02:	4a1c      	ldr	r2, [pc, #112]	@ (10000b74 <irq_add_shared_handler+0x1ec>)
10000b04:	71a3      	strb	r3, [r4, #6]
10000b06:	9b00      	ldr	r3, [sp, #0]
10000b08:	6022      	str	r2, [r4, #0]
10000b0a:	71e7      	strb	r7, [r4, #7]
10000b0c:	60a3      	str	r3, [r4, #8]
10000b0e:	e78a      	b.n	10000a26 <irq_add_shared_handler+0x9e>
10000b10:	f000 fe98 	bl	10001844 <hard_assertion_failure>
10000b14:	2500      	movs	r5, #0
10000b16:	4653      	mov	r3, sl
10000b18:	575d      	ldrsb	r5, [r3, r5]
10000b1a:	e74f      	b.n	100009bc <irq_add_shared_handler+0x34>
10000b1c:	8890      	ldrh	r0, [r2, #4]
10000b1e:	9302      	str	r3, [sp, #8]
10000b20:	0540      	lsls	r0, r0, #21
10000b22:	1d13      	adds	r3, r2, #4
10000b24:	469a      	mov	sl, r3
10000b26:	1503      	asrs	r3, r0, #20
10000b28:	4661      	mov	r1, ip
10000b2a:	469c      	mov	ip, r3
10000b2c:	4640      	mov	r0, r8
10000b2e:	44d4      	add	ip, sl
10000b30:	4663      	mov	r3, ip
10000b32:	3004      	adds	r0, #4
10000b34:	1820      	adds	r0, r4, r0
10000b36:	1a18      	subs	r0, r3, r0
10000b38:	23e0      	movs	r3, #224	@ 0xe0
10000b3a:	0500      	lsls	r0, r0, #20
10000b3c:	0d40      	lsrs	r0, r0, #21
10000b3e:	021b      	lsls	r3, r3, #8
10000b40:	4318      	orrs	r0, r3
10000b42:	9003      	str	r0, [sp, #12]
10000b44:	e7c5      	b.n	10000ad2 <irq_add_shared_handler+0x14a>
10000b46:	f000 fe7d 	bl	10001844 <hard_assertion_failure>
10000b4a:	e74f      	b.n	100009ec <irq_add_shared_handler+0x64>
10000b4c:	d0000124 	.word	0xd0000124
10000b50:	20001fed 	.word	0x20001fed
10000b54:	20000f9c 	.word	0x20000f9c
10000b58:	e000ed00 	.word	0xe000ed00
10000b5c:	100001cd 	.word	0x100001cd
10000b60:	ffffa100 	.word	0xffffa100
10000b64:	20000fcc 	.word	0x20000fcc
10000b68:	ffffe000 	.word	0xffffe000
10000b6c:	ffffbd01 	.word	0xffffbd01
10000b70:	0000aaaa 	.word	0x0000aaaa
10000b74:	47804801 	.word	0x47804801
10000b78:	0000bd01 	.word	0x0000bd01

10000b7c <irq_add_tail_to_free_list>:
10000b7c:	b570      	push	{r4, r5, r6, lr}
10000b7e:	2401      	movs	r4, #1
10000b80:	4304      	orrs	r4, r0
10000b82:	f3ef 8105 	mrs	r1, IPSR
10000b86:	f3ef 8c10 	mrs	ip, PRIMASK
10000b8a:	b672      	cpsid	i
10000b8c:	4a21      	ldr	r2, [pc, #132]	@ (10000c14 <irq_add_tail_to_free_list+0x98>)
10000b8e:	6813      	ldr	r3, [r2, #0]
10000b90:	2b00      	cmp	r3, #0
10000b92:	d0fc      	beq.n	10000b8e <irq_add_tail_to_free_list+0x12>
10000b94:	f3bf 8f5f 	dmb	sy
10000b98:	4b1f      	ldr	r3, [pc, #124]	@ (10000c18 <irq_add_tail_to_free_list+0x9c>)
10000b9a:	0005      	movs	r5, r0
10000b9c:	4a1f      	ldr	r2, [pc, #124]	@ (10000c1c <irq_add_tail_to_free_list+0xa0>)
10000b9e:	1aed      	subs	r5, r5, r3
10000ba0:	416d      	adcs	r5, r5
10000ba2:	436a      	muls	r2, r5
10000ba4:	0d12      	lsrs	r2, r2, #20
10000ba6:	4d1e      	ldr	r5, [pc, #120]	@ (10000c20 <irq_add_tail_to_free_list+0xa4>)
10000ba8:	0089      	lsls	r1, r1, #2
10000baa:	68ae      	ldr	r6, [r5, #8]
10000bac:	b252      	sxtb	r2, r2
10000bae:	5876      	ldr	r6, [r6, r1]
10000bb0:	42a6      	cmp	r6, r4
10000bb2:	d01c      	beq.n	10000bee <irq_add_tail_to_free_list+0x72>
10000bb4:	2106      	movs	r1, #6
10000bb6:	5659      	ldrsb	r1, [r3, r1]
10000bb8:	4291      	cmp	r1, r2
10000bba:	d01c      	beq.n	10000bf6 <irq_add_tail_to_free_list+0x7a>
10000bbc:	2112      	movs	r1, #18
10000bbe:	5659      	ldrsb	r1, [r3, r1]
10000bc0:	4291      	cmp	r1, r2
10000bc2:	d022      	beq.n	10000c0a <irq_add_tail_to_free_list+0x8e>
10000bc4:	211e      	movs	r1, #30
10000bc6:	5659      	ldrsb	r1, [r3, r1]
10000bc8:	4291      	cmp	r1, r2
10000bca:	d020      	beq.n	10000c0e <irq_add_tail_to_free_list+0x92>
10000bcc:	212a      	movs	r1, #42	@ 0x2a
10000bce:	5659      	ldrsb	r1, [r3, r1]
10000bd0:	2403      	movs	r4, #3
10000bd2:	4291      	cmp	r1, r2
10000bd4:	d010      	beq.n	10000bf8 <irq_add_tail_to_free_list+0x7c>
10000bd6:	4b13      	ldr	r3, [pc, #76]	@ (10000c24 <irq_add_tail_to_free_list+0xa8>)
10000bd8:	7819      	ldrb	r1, [r3, #0]
10000bda:	701a      	strb	r2, [r3, #0]
10000bdc:	7181      	strb	r1, [r0, #6]
10000bde:	f3bf 8f5f 	dmb	sy
10000be2:	2200      	movs	r2, #0
10000be4:	4b0b      	ldr	r3, [pc, #44]	@ (10000c14 <irq_add_tail_to_free_list+0x98>)
10000be6:	601a      	str	r2, [r3, #0]
10000be8:	f38c 8810 	msr	PRIMASK, ip
10000bec:	bd70      	pop	{r4, r5, r6, pc}
10000bee:	68ab      	ldr	r3, [r5, #8]
10000bf0:	4c0d      	ldr	r4, [pc, #52]	@ (10000c28 <irq_add_tail_to_free_list+0xac>)
10000bf2:	505c      	str	r4, [r3, r1]
10000bf4:	e7ef      	b.n	10000bd6 <irq_add_tail_to_free_list+0x5a>
10000bf6:	2400      	movs	r4, #0
10000bf8:	0061      	lsls	r1, r4, #1
10000bfa:	1909      	adds	r1, r1, r4
10000bfc:	0089      	lsls	r1, r1, #2
10000bfe:	185b      	adds	r3, r3, r1
10000c00:	21ff      	movs	r1, #255	@ 0xff
10000c02:	7199      	strb	r1, [r3, #6]
10000c04:	4909      	ldr	r1, [pc, #36]	@ (10000c2c <irq_add_tail_to_free_list+0xb0>)
10000c06:	8099      	strh	r1, [r3, #4]
10000c08:	e7e5      	b.n	10000bd6 <irq_add_tail_to_free_list+0x5a>
10000c0a:	2401      	movs	r4, #1
10000c0c:	e7f4      	b.n	10000bf8 <irq_add_tail_to_free_list+0x7c>
10000c0e:	2402      	movs	r4, #2
10000c10:	e7f2      	b.n	10000bf8 <irq_add_tail_to_free_list+0x7c>
10000c12:	46c0      	nop			@ (mov r8, r8)
10000c14:	d0000124 	.word	0xd0000124
10000c18:	20000f9c 	.word	0x20000f9c
10000c1c:	0000aaaa 	.word	0x0000aaaa
10000c20:	e000ed00 	.word	0xe000ed00
10000c24:	20001fed 	.word	0x20001fed
10000c28:	100001cd 	.word	0x100001cd
10000c2c:	ffffbd01 	.word	0xffffbd01

10000c30 <user_irq_claim_unused>:
10000c30:	b510      	push	{r4, lr}
10000c32:	4b08      	ldr	r3, [pc, #32]	@ (10000c54 <user_irq_claim_unused+0x24>)
10000c34:	4c08      	ldr	r4, [pc, #32]	@ (10000c58 <user_irq_claim_unused+0x28>)
10000c36:	b082      	sub	sp, #8
10000c38:	0001      	movs	r1, r0
10000c3a:	9300      	str	r3, [sp, #0]
10000c3c:	2200      	movs	r2, #0
10000c3e:	2305      	movs	r3, #5
10000c40:	0020      	movs	r0, r4
10000c42:	f7ff fdbd 	bl	100007c0 <hw_claim_unused_from_range>
10000c46:	2800      	cmp	r0, #0
10000c48:	db01      	blt.n	10000c4e <user_irq_claim_unused+0x1e>
10000c4a:	231f      	movs	r3, #31
10000c4c:	1a18      	subs	r0, r3, r0
10000c4e:	b002      	add	sp, #8
10000c50:	bd10      	pop	{r4, pc}
10000c52:	46c0      	nop			@ (mov r8, r8)
10000c54:	10006e7c 	.word	0x10006e7c
10000c58:	20001ff3 	.word	0x20001ff3

10000c5c <lock_init>:
10000c5c:	4b02      	ldr	r3, [pc, #8]	@ (10000c68 <lock_init+0xc>)
10000c5e:	469c      	mov	ip, r3
10000c60:	4461      	add	r1, ip
10000c62:	0089      	lsls	r1, r1, #2
10000c64:	6001      	str	r1, [r0, #0]
10000c66:	4770      	bx	lr
10000c68:	34000040 	.word	0x34000040

10000c6c <runtime_init_mutex>:
10000c6c:	b570      	push	{r4, r5, r6, lr}
10000c6e:	4c11      	ldr	r4, [pc, #68]	@ (10000cb4 <runtime_init_mutex+0x48>)
10000c70:	4d11      	ldr	r5, [pc, #68]	@ (10000cb8 <runtime_init_mutex+0x4c>)
10000c72:	42ac      	cmp	r4, r5
10000c74:	d20f      	bcs.n	10000c96 <runtime_init_mutex+0x2a>
10000c76:	26ff      	movs	r6, #255	@ 0xff
10000c78:	6823      	ldr	r3, [r4, #0]
10000c7a:	2b00      	cmp	r3, #0
10000c7c:	d00c      	beq.n	10000c98 <runtime_init_mutex+0x2c>
10000c7e:	f7ff fde3 	bl	10000848 <next_striped_spin_lock_num>
10000c82:	0001      	movs	r1, r0
10000c84:	0020      	movs	r0, r4
10000c86:	f7ff ffe9 	bl	10000c5c <lock_init>
10000c8a:	80a6      	strh	r6, [r4, #4]
10000c8c:	f3bf 8f5f 	dmb	sy
10000c90:	3408      	adds	r4, #8
10000c92:	42ac      	cmp	r4, r5
10000c94:	d3f0      	bcc.n	10000c78 <runtime_init_mutex+0xc>
10000c96:	bd70      	pop	{r4, r5, r6, pc}
10000c98:	f7ff fdd6 	bl	10000848 <next_striped_spin_lock_num>
10000c9c:	0001      	movs	r1, r0
10000c9e:	0020      	movs	r0, r4
10000ca0:	f7ff ffdc 	bl	10000c5c <lock_init>
10000ca4:	7126      	strb	r6, [r4, #4]
10000ca6:	f3bf 8f5f 	dmb	sy
10000caa:	3408      	adds	r4, #8
10000cac:	42ac      	cmp	r4, r5
10000cae:	d3e3      	bcc.n	10000c78 <runtime_init_mutex+0xc>
10000cb0:	e7f1      	b.n	10000c96 <runtime_init_mutex+0x2a>
10000cb2:	46c0      	nop			@ (mov r8, r8)
10000cb4:	20001058 	.word	0x20001058
10000cb8:	20001060 	.word	0x20001060

10000cbc <mutex_init>:
10000cbc:	b510      	push	{r4, lr}
10000cbe:	0004      	movs	r4, r0
10000cc0:	f7ff fdc2 	bl	10000848 <next_striped_spin_lock_num>
10000cc4:	0001      	movs	r1, r0
10000cc6:	0020      	movs	r0, r4
10000cc8:	f7ff ffc8 	bl	10000c5c <lock_init>
10000ccc:	23ff      	movs	r3, #255	@ 0xff
10000cce:	7123      	strb	r3, [r4, #4]
10000cd0:	f3bf 8f5f 	dmb	sy
10000cd4:	bd10      	pop	{r4, pc}
10000cd6:	46c0      	nop			@ (mov r8, r8)

10000cd8 <critical_section_init>:
10000cd8:	b510      	push	{r4, lr}
10000cda:	0004      	movs	r4, r0
10000cdc:	2001      	movs	r0, #1
10000cde:	f7ff fdbf 	bl	10000860 <spin_lock_claim_unused>
10000ce2:	4b03      	ldr	r3, [pc, #12]	@ (10000cf0 <critical_section_init+0x18>)
10000ce4:	18c3      	adds	r3, r0, r3
10000ce6:	009b      	lsls	r3, r3, #2
10000ce8:	6023      	str	r3, [r4, #0]
10000cea:	f3bf 8f5f 	dmb	sy
10000cee:	bd10      	pop	{r4, pc}
10000cf0:	34000040 	.word	0x34000040

10000cf4 <critical_section_init_with_lock_num>:
10000cf4:	4b03      	ldr	r3, [pc, #12]	@ (10000d04 <critical_section_init_with_lock_num+0x10>)
10000cf6:	469c      	mov	ip, r3
10000cf8:	4461      	add	r1, ip
10000cfa:	0089      	lsls	r1, r1, #2
10000cfc:	6001      	str	r1, [r0, #0]
10000cfe:	f3bf 8f5f 	dmb	sy
10000d02:	4770      	bx	lr
10000d04:	34000040 	.word	0x34000040

10000d08 <sleep_until_callback>:
10000d08:	4b0a      	ldr	r3, [pc, #40]	@ (10000d34 <sleep_until_callback+0x2c>)
10000d0a:	6819      	ldr	r1, [r3, #0]
10000d0c:	f3ef 8010 	mrs	r0, PRIMASK
10000d10:	b672      	cpsid	i
10000d12:	680a      	ldr	r2, [r1, #0]
10000d14:	2a00      	cmp	r2, #0
10000d16:	d0fc      	beq.n	10000d12 <sleep_until_callback+0xa>
10000d18:	f3bf 8f5f 	dmb	sy
10000d1c:	681b      	ldr	r3, [r3, #0]
10000d1e:	f3bf 8f5f 	dmb	sy
10000d22:	2200      	movs	r2, #0
10000d24:	601a      	str	r2, [r3, #0]
10000d26:	f380 8810 	msr	PRIMASK, r0
10000d2a:	bf40      	sev
10000d2c:	2000      	movs	r0, #0
10000d2e:	2100      	movs	r1, #0
10000d30:	4770      	bx	lr
10000d32:	46c0      	nop			@ (mov r8, r8)
10000d34:	20001f74 	.word	0x20001f74

10000d38 <alarm_pool_irq_handler>:
10000d38:	b5f0      	push	{r4, r5, r6, r7, lr}
10000d3a:	46de      	mov	lr, fp
10000d3c:	4657      	mov	r7, sl
10000d3e:	464e      	mov	r6, r9
10000d40:	4645      	mov	r5, r8
10000d42:	b5e0      	push	{r5, r6, r7, lr}
10000d44:	b087      	sub	sp, #28
10000d46:	f3ef 8305 	mrs	r3, IPSR
10000d4a:	2203      	movs	r2, #3
10000d4c:	2501      	movs	r5, #1
10000d4e:	401a      	ands	r2, r3
10000d50:	4095      	lsls	r5, r2
10000d52:	0091      	lsls	r1, r2, #2
10000d54:	4688      	mov	r8, r1
10000d56:	46a9      	mov	r9, r5
10000d58:	4bb3      	ldr	r3, [pc, #716]	@ (10001028 <alarm_pool_irq_handler+0x2f0>)
10000d5a:	9203      	str	r2, [sp, #12]
10000d5c:	585c      	ldr	r4, [r3, r1]
10000d5e:	4bb3      	ldr	r3, [pc, #716]	@ (1000102c <alarm_pool_irq_handler+0x2f4>)
10000d60:	601d      	str	r5, [r3, #0]
10000d62:	4bb3      	ldr	r3, [pc, #716]	@ (10001030 <alarm_pool_irq_handler+0x2f8>)
10000d64:	9304      	str	r3, [sp, #16]
10000d66:	464b      	mov	r3, r9
10000d68:	48b2      	ldr	r0, [pc, #712]	@ (10001034 <alarm_pool_irq_handler+0x2fc>)
10000d6a:	6343      	str	r3, [r0, #52]	@ 0x34
10000d6c:	2308      	movs	r3, #8
10000d6e:	5ee5      	ldrsh	r5, [r4, r3]
10000d70:	2d00      	cmp	r5, #0
10000d72:	da37      	bge.n	10000de4 <alarm_pool_irq_handler+0xac>
10000d74:	88a3      	ldrh	r3, [r4, #4]
10000d76:	b21b      	sxth	r3, r3
10000d78:	2b00      	cmp	r3, #0
10000d7a:	db00      	blt.n	10000d7e <alarm_pool_irq_handler+0x46>
10000d7c:	e0ad      	b.n	10000eda <alarm_pool_irq_handler+0x1a2>
10000d7e:	79a3      	ldrb	r3, [r4, #6]
10000d80:	2b00      	cmp	r3, #0
10000d82:	d000      	beq.n	10000d86 <alarm_pool_irq_handler+0x4e>
10000d84:	e0ee      	b.n	10000f64 <alarm_pool_irq_handler+0x22c>
10000d86:	2308      	movs	r3, #8
10000d88:	5ee0      	ldrsh	r0, [r4, r3]
10000d8a:	2800      	cmp	r0, #0
10000d8c:	db20      	blt.n	10000dd0 <alarm_pool_irq_handler+0x98>
10000d8e:	0043      	lsls	r3, r0, #1
10000d90:	6962      	ldr	r2, [r4, #20]
10000d92:	181b      	adds	r3, r3, r0
10000d94:	00db      	lsls	r3, r3, #3
10000d96:	18d3      	adds	r3, r2, r3
10000d98:	689e      	ldr	r6, [r3, #8]
10000d9a:	68dd      	ldr	r5, [r3, #12]
10000d9c:	1c73      	adds	r3, r6, #1
10000d9e:	d100      	bne.n	10000da2 <alarm_pool_irq_handler+0x6a>
10000da0:	e111      	b.n	10000fc6 <alarm_pool_irq_handler+0x28e>
10000da2:	48a4      	ldr	r0, [pc, #656]	@ (10001034 <alarm_pool_irq_handler+0x2fc>)
10000da4:	0001      	movs	r1, r0
10000da6:	4441      	add	r1, r8
10000da8:	6a82      	ldr	r2, [r0, #40]	@ 0x28
10000daa:	690b      	ldr	r3, [r1, #16]
10000dac:	1ab7      	subs	r7, r6, r2
10000dae:	1a9b      	subs	r3, r3, r2
10000db0:	429f      	cmp	r7, r3
10000db2:	d315      	bcc.n	10000de0 <alarm_pool_irq_handler+0xa8>
10000db4:	2301      	movs	r3, #1
10000db6:	6a02      	ldr	r2, [r0, #32]
10000db8:	9803      	ldr	r0, [sp, #12]
10000dba:	4083      	lsls	r3, r0
10000dbc:	421a      	tst	r2, r3
10000dbe:	d00f      	beq.n	10000de0 <alarm_pool_irq_handler+0xa8>
10000dc0:	489c      	ldr	r0, [pc, #624]	@ (10001034 <alarm_pool_irq_handler+0x2fc>)
10000dc2:	f000 fb37 	bl	10001434 <timer_time_us_64>
10000dc6:	428d      	cmp	r5, r1
10000dc8:	dc02      	bgt.n	10000dd0 <alarm_pool_irq_handler+0x98>
10000dca:	d1cc      	bne.n	10000d66 <alarm_pool_irq_handler+0x2e>
10000dcc:	4286      	cmp	r6, r0
10000dce:	d9ca      	bls.n	10000d66 <alarm_pool_irq_handler+0x2e>
10000dd0:	bf40      	sev
10000dd2:	b007      	add	sp, #28
10000dd4:	bcf0      	pop	{r4, r5, r6, r7}
10000dd6:	46bb      	mov	fp, r7
10000dd8:	46b2      	mov	sl, r6
10000dda:	46a9      	mov	r9, r5
10000ddc:	46a0      	mov	r8, r4
10000dde:	bdf0      	pop	{r4, r5, r6, r7, pc}
10000de0:	610e      	str	r6, [r1, #16]
10000de2:	e7ed      	b.n	10000dc0 <alarm_pool_irq_handler+0x88>
10000de4:	6962      	ldr	r2, [r4, #20]
10000de6:	006b      	lsls	r3, r5, #1
10000de8:	4692      	mov	sl, r2
10000dea:	195b      	adds	r3, r3, r5
10000dec:	00db      	lsls	r3, r3, #3
10000dee:	449a      	add	sl, r3
10000df0:	4653      	mov	r3, sl
10000df2:	689e      	ldr	r6, [r3, #8]
10000df4:	68df      	ldr	r7, [r3, #12]
10000df6:	f000 fb1d 	bl	10001434 <timer_time_us_64>
10000dfa:	428f      	cmp	r7, r1
10000dfc:	dcba      	bgt.n	10000d74 <alarm_pool_irq_handler+0x3c>
10000dfe:	d100      	bne.n	10000e02 <alarm_pool_irq_handler+0xca>
10000e00:	e103      	b.n	1000100a <alarm_pool_irq_handler+0x2d2>
10000e02:	2f00      	cmp	r7, #0
10000e04:	da00      	bge.n	10000e08 <alarm_pool_irq_handler+0xd0>
10000e06:	e0e8      	b.n	10000fda <alarm_pool_irq_handler+0x2a2>
10000e08:	4652      	mov	r2, sl
10000e0a:	4653      	mov	r3, sl
10000e0c:	6952      	ldr	r2, [r2, #20]
10000e0e:	691b      	ldr	r3, [r3, #16]
10000e10:	4693      	mov	fp, r2
10000e12:	9a04      	ldr	r2, [sp, #16]
10000e14:	4293      	cmp	r3, r2
10000e16:	d100      	bne.n	10000e1a <alarm_pool_irq_handler+0xe2>
10000e18:	e0d9      	b.n	10000fce <alarm_pool_irq_handler+0x296>
10000e1a:	4652      	mov	r2, sl
10000e1c:	2108      	movs	r1, #8
10000e1e:	5e60      	ldrsh	r0, [r4, r1]
10000e20:	8852      	ldrh	r2, [r2, #2]
10000e22:	0400      	lsls	r0, r0, #16
10000e24:	4659      	mov	r1, fp
10000e26:	4310      	orrs	r0, r2
10000e28:	4798      	blx	r3
10000e2a:	9000      	str	r0, [sp, #0]
10000e2c:	9101      	str	r1, [sp, #4]
10000e2e:	9900      	ldr	r1, [sp, #0]
10000e30:	9a01      	ldr	r2, [sp, #4]
10000e32:	000b      	movs	r3, r1
10000e34:	0010      	movs	r0, r2
10000e36:	4313      	orrs	r3, r2
10000e38:	d100      	bne.n	10000e3c <alarm_pool_irq_handler+0x104>
10000e3a:	e0ce      	b.n	10000fda <alarm_pool_irq_handler+0x2a2>
10000e3c:	0013      	movs	r3, r2
10000e3e:	000a      	movs	r2, r1
10000e40:	1ab6      	subs	r6, r6, r2
10000e42:	419f      	sbcs	r7, r3
10000e44:	2800      	cmp	r0, #0
10000e46:	db06      	blt.n	10000e56 <alarm_pool_irq_handler+0x11e>
10000e48:	487a      	ldr	r0, [pc, #488]	@ (10001034 <alarm_pool_irq_handler+0x2fc>)
10000e4a:	f000 faf3 	bl	10001434 <timer_time_us_64>
10000e4e:	9e00      	ldr	r6, [sp, #0]
10000e50:	9f01      	ldr	r7, [sp, #4]
10000e52:	1836      	adds	r6, r6, r0
10000e54:	414f      	adcs	r7, r1
10000e56:	4653      	mov	r3, sl
10000e58:	609e      	str	r6, [r3, #8]
10000e5a:	60df      	str	r7, [r3, #12]
10000e5c:	2200      	movs	r2, #0
10000e5e:	5e9a      	ldrsh	r2, [r3, r2]
10000e60:	2a00      	cmp	r2, #0
10000e62:	da00      	bge.n	10000e66 <alarm_pool_irq_handler+0x12e>
10000e64:	e786      	b.n	10000d74 <alarm_pool_irq_handler+0x3c>
10000e66:	0053      	lsls	r3, r2, #1
10000e68:	1899      	adds	r1, r3, r2
10000e6a:	6960      	ldr	r0, [r4, #20]
10000e6c:	00c9      	lsls	r1, r1, #3
10000e6e:	1841      	adds	r1, r0, r1
10000e70:	9302      	str	r3, [sp, #8]
10000e72:	688b      	ldr	r3, [r1, #8]
10000e74:	68c9      	ldr	r1, [r1, #12]
10000e76:	469b      	mov	fp, r3
10000e78:	42b9      	cmp	r1, r7
10000e7a:	dd00      	ble.n	10000e7e <alarm_pool_irq_handler+0x146>
10000e7c:	e77a      	b.n	10000d74 <alarm_pool_irq_handler+0x3c>
10000e7e:	d102      	bne.n	10000e86 <alarm_pool_irq_handler+0x14e>
10000e80:	42b3      	cmp	r3, r6
10000e82:	d900      	bls.n	10000e86 <alarm_pool_irq_handler+0x14e>
10000e84:	e776      	b.n	10000d74 <alarm_pool_irq_handler+0x3c>
10000e86:	2308      	movs	r3, #8
10000e88:	469c      	mov	ip, r3
10000e8a:	44a4      	add	ip, r4
10000e8c:	9505      	str	r5, [sp, #20]
10000e8e:	4665      	mov	r5, ip
10000e90:	8122      	strh	r2, [r4, #8]
10000e92:	46a4      	mov	ip, r4
10000e94:	9b02      	ldr	r3, [sp, #8]
10000e96:	002c      	movs	r4, r5
10000e98:	e006      	b.n	10000ea8 <alarm_pool_irq_handler+0x170>
10000e9a:	0053      	lsls	r3, r2, #1
10000e9c:	1899      	adds	r1, r3, r2
10000e9e:	00c9      	lsls	r1, r1, #3
10000ea0:	1841      	adds	r1, r0, r1
10000ea2:	688d      	ldr	r5, [r1, #8]
10000ea4:	68c9      	ldr	r1, [r1, #12]
10000ea6:	46ab      	mov	fp, r5
10000ea8:	189b      	adds	r3, r3, r2
10000eaa:	00db      	lsls	r3, r3, #3
10000eac:	18c3      	adds	r3, r0, r3
10000eae:	42b9      	cmp	r1, r7
10000eb0:	dc06      	bgt.n	10000ec0 <alarm_pool_irq_handler+0x188>
10000eb2:	d100      	bne.n	10000eb6 <alarm_pool_irq_handler+0x17e>
10000eb4:	e0b3      	b.n	1000101e <alarm_pool_irq_handler+0x2e6>
10000eb6:	001c      	movs	r4, r3
10000eb8:	2300      	movs	r3, #0
10000eba:	5ee2      	ldrsh	r2, [r4, r3]
10000ebc:	2a00      	cmp	r2, #0
10000ebe:	daec      	bge.n	10000e9a <alarm_pool_irq_handler+0x162>
10000ec0:	0023      	movs	r3, r4
10000ec2:	4664      	mov	r4, ip
10000ec4:	469c      	mov	ip, r3
10000ec6:	4653      	mov	r3, sl
10000ec8:	801a      	strh	r2, [r3, #0]
10000eca:	4663      	mov	r3, ip
10000ecc:	9d05      	ldr	r5, [sp, #20]
10000ece:	801d      	strh	r5, [r3, #0]
10000ed0:	88a3      	ldrh	r3, [r4, #4]
10000ed2:	b21b      	sxth	r3, r3
10000ed4:	2b00      	cmp	r3, #0
10000ed6:	da00      	bge.n	10000eda <alarm_pool_irq_handler+0x1a2>
10000ed8:	e751      	b.n	10000d7e <alarm_pool_irq_handler+0x46>
10000eda:	6922      	ldr	r2, [r4, #16]
10000edc:	f3ef 8110 	mrs	r1, PRIMASK
10000ee0:	b672      	cpsid	i
10000ee2:	6813      	ldr	r3, [r2, #0]
10000ee4:	2b00      	cmp	r3, #0
10000ee6:	d0fc      	beq.n	10000ee2 <alarm_pool_irq_handler+0x1aa>
10000ee8:	f3bf 8f5f 	dmb	sy
10000eec:	2301      	movs	r3, #1
10000eee:	88a7      	ldrh	r7, [r4, #4]
10000ef0:	425b      	negs	r3, r3
10000ef2:	80a3      	strh	r3, [r4, #4]
10000ef4:	b23f      	sxth	r7, r7
10000ef6:	6923      	ldr	r3, [r4, #16]
10000ef8:	f3bf 8f5f 	dmb	sy
10000efc:	2200      	movs	r2, #0
10000efe:	601a      	str	r2, [r3, #0]
10000f00:	f381 8810 	msr	PRIMASK, r1
10000f04:	2f00      	cmp	r7, #0
10000f06:	da00      	bge.n	10000f0a <alarm_pool_irq_handler+0x1d2>
10000f08:	e739      	b.n	10000d7e <alarm_pool_irq_handler+0x46>
10000f0a:	0023      	movs	r3, r4
10000f0c:	3308      	adds	r3, #8
10000f0e:	0022      	movs	r2, r4
10000f10:	469a      	mov	sl, r3
10000f12:	6966      	ldr	r6, [r4, #20]
10000f14:	007b      	lsls	r3, r7, #1
10000f16:	19db      	adds	r3, r3, r7
10000f18:	00db      	lsls	r3, r3, #3
10000f1a:	18f3      	adds	r3, r6, r3
10000f1c:	6899      	ldr	r1, [r3, #8]
10000f1e:	4650      	mov	r0, sl
10000f20:	468c      	mov	ip, r1
10000f22:	2408      	movs	r4, #8
10000f24:	5f11      	ldrsh	r1, [r2, r4]
10000f26:	68dd      	ldr	r5, [r3, #12]
10000f28:	2900      	cmp	r1, #0
10000f2a:	db10      	blt.n	10000f4e <alarm_pool_irq_handler+0x216>
10000f2c:	9302      	str	r3, [sp, #8]
10000f2e:	e006      	b.n	10000f3e <alarm_pool_irq_handler+0x206>
10000f30:	42ab      	cmp	r3, r5
10000f32:	d044      	beq.n	10000fbe <alarm_pool_irq_handler+0x286>
10000f34:	2300      	movs	r3, #0
10000f36:	5ee1      	ldrsh	r1, [r4, r3]
10000f38:	0020      	movs	r0, r4
10000f3a:	2900      	cmp	r1, #0
10000f3c:	db06      	blt.n	10000f4c <alarm_pool_irq_handler+0x214>
10000f3e:	004c      	lsls	r4, r1, #1
10000f40:	1864      	adds	r4, r4, r1
10000f42:	00e4      	lsls	r4, r4, #3
10000f44:	1934      	adds	r4, r6, r4
10000f46:	68e3      	ldr	r3, [r4, #12]
10000f48:	42ab      	cmp	r3, r5
10000f4a:	ddf1      	ble.n	10000f30 <alarm_pool_irq_handler+0x1f8>
10000f4c:	9b02      	ldr	r3, [sp, #8]
10000f4e:	8007      	strh	r7, [r0, #0]
10000f50:	2000      	movs	r0, #0
10000f52:	5e1f      	ldrsh	r7, [r3, r0]
10000f54:	8019      	strh	r1, [r3, #0]
10000f56:	2f00      	cmp	r7, #0
10000f58:	dadc      	bge.n	10000f14 <alarm_pool_irq_handler+0x1dc>
10000f5a:	0014      	movs	r4, r2
10000f5c:	79a3      	ldrb	r3, [r4, #6]
10000f5e:	2b00      	cmp	r3, #0
10000f60:	d100      	bne.n	10000f64 <alarm_pool_irq_handler+0x22c>
10000f62:	e710      	b.n	10000d86 <alarm_pool_irq_handler+0x4e>
10000f64:	2300      	movs	r3, #0
10000f66:	71a3      	strb	r3, [r4, #6]
10000f68:	0026      	movs	r6, r4
10000f6a:	2308      	movs	r3, #8
10000f6c:	5ee1      	ldrsh	r1, [r4, r3]
10000f6e:	3608      	adds	r6, #8
10000f70:	1c4b      	adds	r3, r1, #1
10000f72:	d100      	bne.n	10000f76 <alarm_pool_irq_handler+0x23e>
10000f74:	e72c      	b.n	10000dd0 <alarm_pool_irq_handler+0x98>
10000f76:	0008      	movs	r0, r1
10000f78:	46a2      	mov	sl, r4
10000f7a:	6965      	ldr	r5, [r4, #20]
10000f7c:	e002      	b.n	10000f84 <alarm_pool_irq_handler+0x24c>
10000f7e:	003e      	movs	r6, r7
10000f80:	1c4b      	adds	r3, r1, #1
10000f82:	d01a      	beq.n	10000fba <alarm_pool_irq_handler+0x282>
10000f84:	004b      	lsls	r3, r1, #1
10000f86:	185b      	adds	r3, r3, r1
10000f88:	00db      	lsls	r3, r3, #3
10000f8a:	18ef      	adds	r7, r5, r3
10000f8c:	000a      	movs	r2, r1
10000f8e:	468c      	mov	ip, r1
10000f90:	5ee9      	ldrsh	r1, [r5, r3]
10000f92:	887b      	ldrh	r3, [r7, #2]
10000f94:	b21b      	sxth	r3, r3
10000f96:	2b00      	cmp	r3, #0
10000f98:	daf1      	bge.n	10000f7e <alarm_pool_irq_handler+0x246>
10000f9a:	2301      	movs	r3, #1
10000f9c:	425b      	negs	r3, r3
10000f9e:	17dc      	asrs	r4, r3, #31
10000fa0:	60bb      	str	r3, [r7, #8]
10000fa2:	60fc      	str	r4, [r7, #12]
10000fa4:	4282      	cmp	r2, r0
10000fa6:	d005      	beq.n	10000fb4 <alarm_pool_irq_handler+0x27c>
10000fa8:	4653      	mov	r3, sl
10000faa:	8031      	strh	r1, [r6, #0]
10000fac:	891b      	ldrh	r3, [r3, #8]
10000fae:	803b      	strh	r3, [r7, #0]
10000fb0:	4653      	mov	r3, sl
10000fb2:	811a      	strh	r2, [r3, #8]
10000fb4:	4660      	mov	r0, ip
10000fb6:	1c4b      	adds	r3, r1, #1
10000fb8:	d1e4      	bne.n	10000f84 <alarm_pool_irq_handler+0x24c>
10000fba:	4654      	mov	r4, sl
10000fbc:	e6e5      	b.n	10000d8a <alarm_pool_irq_handler+0x52>
10000fbe:	68a3      	ldr	r3, [r4, #8]
10000fc0:	4563      	cmp	r3, ip
10000fc2:	d9b7      	bls.n	10000f34 <alarm_pool_irq_handler+0x1fc>
10000fc4:	e7c2      	b.n	10000f4c <alarm_pool_irq_handler+0x214>
10000fc6:	1c6b      	adds	r3, r5, #1
10000fc8:	d000      	beq.n	10000fcc <alarm_pool_irq_handler+0x294>
10000fca:	e6ea      	b.n	10000da2 <alarm_pool_irq_handler+0x6a>
10000fcc:	e6f8      	b.n	10000dc0 <alarm_pool_irq_handler+0x88>
10000fce:	465b      	mov	r3, fp
10000fd0:	4658      	mov	r0, fp
10000fd2:	691b      	ldr	r3, [r3, #16]
10000fd4:	4798      	blx	r3
10000fd6:	2800      	cmp	r0, #0
10000fd8:	d11b      	bne.n	10001012 <alarm_pool_irq_handler+0x2da>
10000fda:	4653      	mov	r3, sl
10000fdc:	881b      	ldrh	r3, [r3, #0]
10000fde:	6922      	ldr	r2, [r4, #16]
10000fe0:	8123      	strh	r3, [r4, #8]
10000fe2:	f3ef 8310 	mrs	r3, PRIMASK
10000fe6:	b672      	cpsid	i
10000fe8:	6811      	ldr	r1, [r2, #0]
10000fea:	2900      	cmp	r1, #0
10000fec:	d0fc      	beq.n	10000fe8 <alarm_pool_irq_handler+0x2b0>
10000fee:	f3bf 8f5f 	dmb	sy
10000ff2:	4651      	mov	r1, sl
10000ff4:	8862      	ldrh	r2, [r4, #2]
10000ff6:	800a      	strh	r2, [r1, #0]
10000ff8:	6922      	ldr	r2, [r4, #16]
10000ffa:	8065      	strh	r5, [r4, #2]
10000ffc:	f3bf 8f5f 	dmb	sy
10001000:	2100      	movs	r1, #0
10001002:	6011      	str	r1, [r2, #0]
10001004:	f383 8810 	msr	PRIMASK, r3
10001008:	e6b4      	b.n	10000d74 <alarm_pool_irq_handler+0x3c>
1000100a:	4286      	cmp	r6, r0
1000100c:	d800      	bhi.n	10001010 <alarm_pool_irq_handler+0x2d8>
1000100e:	e6f8      	b.n	10000e02 <alarm_pool_irq_handler+0xca>
10001010:	e6b0      	b.n	10000d74 <alarm_pool_irq_handler+0x3c>
10001012:	465b      	mov	r3, fp
10001014:	681a      	ldr	r2, [r3, #0]
10001016:	685b      	ldr	r3, [r3, #4]
10001018:	9200      	str	r2, [sp, #0]
1000101a:	9301      	str	r3, [sp, #4]
1000101c:	e707      	b.n	10000e2e <alarm_pool_irq_handler+0xf6>
1000101e:	45b3      	cmp	fp, r6
10001020:	d800      	bhi.n	10001024 <alarm_pool_irq_handler+0x2ec>
10001022:	e748      	b.n	10000eb6 <alarm_pool_irq_handler+0x17e>
10001024:	e74c      	b.n	10000ec0 <alarm_pool_irq_handler+0x188>
10001026:	46c0      	nop			@ (mov r8, r8)
10001028:	20001f58 	.word	0x20001f58
1000102c:	4005703c 	.word	0x4005703c
10001030:	10000d39 	.word	0x10000d39
10001034:	40054000 	.word	0x40054000

10001038 <runtime_init_default_alarm_pool>:
10001038:	b570      	push	{r4, r5, r6, lr}
1000103a:	4c2e      	ldr	r4, [pc, #184]	@ (100010f4 <runtime_init_default_alarm_pool+0xbc>)
1000103c:	6925      	ldr	r5, [r4, #16]
1000103e:	2d00      	cmp	r5, #0
10001040:	d004      	beq.n	1000104c <runtime_init_default_alarm_pool+0x14>
10001042:	210a      	movs	r1, #10
10001044:	482c      	ldr	r0, [pc, #176]	@ (100010f8 <runtime_init_default_alarm_pool+0xc0>)
10001046:	f7ff fe09 	bl	10000c5c <lock_init>
1000104a:	bd70      	pop	{r4, r5, r6, pc}
1000104c:	4e2b      	ldr	r6, [pc, #172]	@ (100010fc <runtime_init_default_alarm_pool+0xc4>)
1000104e:	2103      	movs	r1, #3
10001050:	0030      	movs	r0, r6
10001052:	f000 f9e5 	bl	10001420 <timer_hardware_alarm_claim>
10001056:	60e6      	str	r6, [r4, #12]
10001058:	f7ff fbf6 	bl	10000848 <next_striped_spin_lock_num>
1000105c:	4b28      	ldr	r3, [pc, #160]	@ (10001100 <runtime_init_default_alarm_pool+0xc8>)
1000105e:	2203      	movs	r2, #3
10001060:	469c      	mov	ip, r3
10001062:	23d0      	movs	r3, #208	@ 0xd0
10001064:	7022      	strb	r2, [r4, #0]
10001066:	061b      	lsls	r3, r3, #24
10001068:	681b      	ldr	r3, [r3, #0]
1000106a:	2101      	movs	r1, #1
1000106c:	7063      	strb	r3, [r4, #1]
1000106e:	4b25      	ldr	r3, [pc, #148]	@ (10001104 <runtime_init_default_alarm_pool+0xcc>)
10001070:	4460      	add	r0, ip
10001072:	60a3      	str	r3, [r4, #8]
10001074:	230f      	movs	r3, #15
10001076:	0080      	lsls	r0, r0, #2
10001078:	6120      	str	r0, [r4, #16]
1000107a:	2002      	movs	r0, #2
1000107c:	8063      	strh	r3, [r4, #2]
1000107e:	6963      	ldr	r3, [r4, #20]
10001080:	4249      	negs	r1, r1
10001082:	80a1      	strh	r1, [r4, #4]
10001084:	8019      	strh	r1, [r3, #0]
10001086:	3102      	adds	r1, #2
10001088:	8619      	strh	r1, [r3, #48]	@ 0x30
1000108a:	3147      	adds	r1, #71	@ 0x47
1000108c:	831d      	strh	r5, [r3, #24]
1000108e:	5258      	strh	r0, [r3, r1]
10001090:	3118      	adds	r1, #24
10001092:	525a      	strh	r2, [r3, r1]
10001094:	3275      	adds	r2, #117	@ 0x75
10001096:	395c      	subs	r1, #92	@ 0x5c
10001098:	5299      	strh	r1, [r3, r2]
1000109a:	3218      	adds	r2, #24
1000109c:	3101      	adds	r1, #1
1000109e:	5299      	strh	r1, [r3, r2]
100010a0:	3218      	adds	r2, #24
100010a2:	3101      	adds	r1, #1
100010a4:	5299      	strh	r1, [r3, r2]
100010a6:	3218      	adds	r2, #24
100010a8:	3101      	adds	r1, #1
100010aa:	5299      	strh	r1, [r3, r2]
100010ac:	3508      	adds	r5, #8
100010ae:	3218      	adds	r2, #24
100010b0:	529d      	strh	r5, [r3, r2]
100010b2:	3102      	adds	r1, #2
100010b4:	3218      	adds	r2, #24
100010b6:	5299      	strh	r1, [r3, r2]
100010b8:	3218      	adds	r2, #24
100010ba:	3101      	adds	r1, #1
100010bc:	5299      	strh	r1, [r3, r2]
100010be:	3218      	adds	r2, #24
100010c0:	3101      	adds	r1, #1
100010c2:	5299      	strh	r1, [r3, r2]
100010c4:	3218      	adds	r2, #24
100010c6:	3101      	adds	r1, #1
100010c8:	5299      	strh	r1, [r3, r2]
100010ca:	3218      	adds	r2, #24
100010cc:	3101      	adds	r1, #1
100010ce:	5299      	strh	r1, [r3, r2]
100010d0:	3218      	adds	r2, #24
100010d2:	3101      	adds	r1, #1
100010d4:	5299      	strh	r1, [r3, r2]
100010d6:	4b0c      	ldr	r3, [pc, #48]	@ (10001108 <runtime_init_default_alarm_pool+0xd0>)
100010d8:	490c      	ldr	r1, [pc, #48]	@ (1000110c <runtime_init_default_alarm_pool+0xd4>)
100010da:	60dc      	str	r4, [r3, #12]
100010dc:	3001      	adds	r0, #1
100010de:	6235      	str	r5, [r6, #32]
100010e0:	f7ff fc28 	bl	10000934 <irq_set_exclusive_handler>
100010e4:	2101      	movs	r1, #1
100010e6:	2003      	movs	r0, #3
100010e8:	f7ff fbec 	bl	100008c4 <irq_set_enabled>
100010ec:	4b08      	ldr	r3, [pc, #32]	@ (10001110 <runtime_init_default_alarm_pool+0xd8>)
100010ee:	601d      	str	r5, [r3, #0]
100010f0:	e7a7      	b.n	10001042 <runtime_init_default_alarm_pool+0xa>
100010f2:	46c0      	nop			@ (mov r8, r8)
100010f4:	20000fe4 	.word	0x20000fe4
100010f8:	20001f74 	.word	0x20001f74
100010fc:	40054000 	.word	0x40054000
10001100:	34000040 	.word	0x34000040
10001104:	0010ffff 	.word	0x0010ffff
10001108:	20001f58 	.word	0x20001f58
1000110c:	10000d39 	.word	0x10000d39
10001110:	40056038 	.word	0x40056038

10001114 <alarm_pool_get_default>:
10001114:	4800      	ldr	r0, [pc, #0]	@ (10001118 <alarm_pool_get_default+0x4>)
10001116:	4770      	bx	lr
10001118:	20000fe4 	.word	0x20000fe4

1000111c <alarm_pool_add_alarm_at>:
1000111c:	b5f8      	push	{r3, r4, r5, r6, r7, lr}
1000111e:	001f      	movs	r7, r3
10001120:	ab08      	add	r3, sp, #32
10001122:	781b      	ldrb	r3, [r3, #0]
10001124:	0004      	movs	r4, r0
10001126:	0016      	movs	r6, r2
10001128:	2b00      	cmp	r3, #0
1000112a:	d108      	bne.n	1000113e <alarm_pool_add_alarm_at+0x22>
1000112c:	f000 f98a 	bl	10001444 <time_us_64>
10001130:	0032      	movs	r2, r6
10001132:	003b      	movs	r3, r7
10001134:	1a12      	subs	r2, r2, r0
10001136:	418b      	sbcs	r3, r1
10001138:	2b00      	cmp	r3, #0
1000113a:	da00      	bge.n	1000113e <alarm_pool_add_alarm_at+0x22>
1000113c:	e052      	b.n	100011e4 <alarm_pool_add_alarm_at+0xc8>
1000113e:	6922      	ldr	r2, [r4, #16]
10001140:	f3ef 8010 	mrs	r0, PRIMASK
10001144:	b672      	cpsid	i
10001146:	6813      	ldr	r3, [r2, #0]
10001148:	2b00      	cmp	r3, #0
1000114a:	d0fc      	beq.n	10001146 <alarm_pool_add_alarm_at+0x2a>
1000114c:	f3bf 8f5f 	dmb	sy
10001150:	2302      	movs	r3, #2
10001152:	5ee1      	ldrsh	r1, [r4, r3]
10001154:	6963      	ldr	r3, [r4, #20]
10001156:	004a      	lsls	r2, r1, #1
10001158:	1852      	adds	r2, r2, r1
1000115a:	00d2      	lsls	r2, r2, #3
1000115c:	189b      	adds	r3, r3, r2
1000115e:	6922      	ldr	r2, [r4, #16]
10001160:	2900      	cmp	r1, #0
10001162:	db36      	blt.n	100011d2 <alarm_pool_add_alarm_at+0xb6>
10001164:	881d      	ldrh	r5, [r3, #0]
10001166:	8065      	strh	r5, [r4, #2]
10001168:	f3bf 8f5f 	dmb	sy
1000116c:	2500      	movs	r5, #0
1000116e:	6015      	str	r5, [r2, #0]
10001170:	f380 8810 	msr	PRIMASK, r0
10001174:	9a06      	ldr	r2, [sp, #24]
10001176:	609e      	str	r6, [r3, #8]
10001178:	60df      	str	r7, [r3, #12]
1000117a:	611a      	str	r2, [r3, #16]
1000117c:	9a07      	ldr	r2, [sp, #28]
1000117e:	615a      	str	r2, [r3, #20]
10001180:	885a      	ldrh	r2, [r3, #2]
10001182:	3201      	adds	r2, #1
10001184:	0452      	lsls	r2, r2, #17
10001186:	0c52      	lsrs	r2, r2, #17
10001188:	1c10      	adds	r0, r2, #0
1000118a:	2a00      	cmp	r2, #0
1000118c:	d01f      	beq.n	100011ce <alarm_pool_add_alarm_at+0xb2>
1000118e:	b282      	uxth	r2, r0
10001190:	8058      	strh	r0, [r3, #2]
10001192:	0408      	lsls	r0, r1, #16
10001194:	4310      	orrs	r0, r2
10001196:	6926      	ldr	r6, [r4, #16]
10001198:	f3ef 8710 	mrs	r7, PRIMASK
1000119c:	b672      	cpsid	i
1000119e:	6832      	ldr	r2, [r6, #0]
100011a0:	2a00      	cmp	r2, #0
100011a2:	d0fc      	beq.n	1000119e <alarm_pool_add_alarm_at+0x82>
100011a4:	f3bf 8f5f 	dmb	sy
100011a8:	88a2      	ldrh	r2, [r4, #4]
100011aa:	801a      	strh	r2, [r3, #0]
100011ac:	80a1      	strh	r1, [r4, #4]
100011ae:	6923      	ldr	r3, [r4, #16]
100011b0:	f3bf 8f5f 	dmb	sy
100011b4:	2200      	movs	r2, #0
100011b6:	601a      	str	r2, [r3, #0]
100011b8:	f387 8810 	msr	PRIMASK, r7
100011bc:	490a      	ldr	r1, [pc, #40]	@ (100011e8 <alarm_pool_add_alarm_at+0xcc>)
100011be:	7823      	ldrb	r3, [r4, #0]
100011c0:	468c      	mov	ip, r1
100011c2:	3201      	adds	r2, #1
100011c4:	409a      	lsls	r2, r3
100011c6:	68e3      	ldr	r3, [r4, #12]
100011c8:	4463      	add	r3, ip
100011ca:	601a      	str	r2, [r3, #0]
100011cc:	bdf8      	pop	{r3, r4, r5, r6, r7, pc}
100011ce:	2001      	movs	r0, #1
100011d0:	e7dd      	b.n	1000118e <alarm_pool_add_alarm_at+0x72>
100011d2:	f3bf 8f5f 	dmb	sy
100011d6:	2300      	movs	r3, #0
100011d8:	6013      	str	r3, [r2, #0]
100011da:	f380 8810 	msr	PRIMASK, r0
100011de:	2001      	movs	r0, #1
100011e0:	4240      	negs	r0, r0
100011e2:	e7f3      	b.n	100011cc <alarm_pool_add_alarm_at+0xb0>
100011e4:	2000      	movs	r0, #0
100011e6:	e7f1      	b.n	100011cc <alarm_pool_add_alarm_at+0xb0>
100011e8:	0000203c 	.word	0x0000203c

100011ec <alarm_pool_add_alarm_at_force_in_context>:
100011ec:	b570      	push	{r4, r5, r6, lr}
100011ee:	0001      	movs	r1, r0
100011f0:	6904      	ldr	r4, [r0, #16]
100011f2:	f3ef 8c10 	mrs	ip, PRIMASK
100011f6:	b672      	cpsid	i
100011f8:	6820      	ldr	r0, [r4, #0]
100011fa:	2800      	cmp	r0, #0
100011fc:	d0fc      	beq.n	100011f8 <alarm_pool_add_alarm_at_force_in_context+0xc>
100011fe:	f3bf 8f5f 	dmb	sy
10001202:	2002      	movs	r0, #2
10001204:	5e0d      	ldrsh	r5, [r1, r0]
10001206:	694c      	ldr	r4, [r1, #20]
10001208:	0068      	lsls	r0, r5, #1
1000120a:	1940      	adds	r0, r0, r5
1000120c:	00c0      	lsls	r0, r0, #3
1000120e:	1824      	adds	r4, r4, r0
10001210:	6908      	ldr	r0, [r1, #16]
10001212:	2d00      	cmp	r5, #0
10001214:	db36      	blt.n	10001284 <alarm_pool_add_alarm_at_force_in_context+0x98>
10001216:	8826      	ldrh	r6, [r4, #0]
10001218:	804e      	strh	r6, [r1, #2]
1000121a:	f3bf 8f5f 	dmb	sy
1000121e:	2600      	movs	r6, #0
10001220:	6006      	str	r6, [r0, #0]
10001222:	f38c 8810 	msr	PRIMASK, ip
10001226:	60e3      	str	r3, [r4, #12]
10001228:	8863      	ldrh	r3, [r4, #2]
1000122a:	9804      	ldr	r0, [sp, #16]
1000122c:	3301      	adds	r3, #1
1000122e:	6120      	str	r0, [r4, #16]
10001230:	045b      	lsls	r3, r3, #17
10001232:	9805      	ldr	r0, [sp, #20]
10001234:	0c5b      	lsrs	r3, r3, #17
10001236:	60a2      	str	r2, [r4, #8]
10001238:	6160      	str	r0, [r4, #20]
1000123a:	1c1a      	adds	r2, r3, #0
1000123c:	2b00      	cmp	r3, #0
1000123e:	d01f      	beq.n	10001280 <alarm_pool_add_alarm_at_force_in_context+0x94>
10001240:	b293      	uxth	r3, r2
10001242:	0428      	lsls	r0, r5, #16
10001244:	8062      	strh	r2, [r4, #2]
10001246:	4318      	orrs	r0, r3
10001248:	690a      	ldr	r2, [r1, #16]
1000124a:	f3ef 8c10 	mrs	ip, PRIMASK
1000124e:	b672      	cpsid	i
10001250:	6813      	ldr	r3, [r2, #0]
10001252:	2b00      	cmp	r3, #0
10001254:	d0fc      	beq.n	10001250 <alarm_pool_add_alarm_at_force_in_context+0x64>
10001256:	f3bf 8f5f 	dmb	sy
1000125a:	888b      	ldrh	r3, [r1, #4]
1000125c:	8023      	strh	r3, [r4, #0]
1000125e:	808d      	strh	r5, [r1, #4]
10001260:	690b      	ldr	r3, [r1, #16]
10001262:	f3bf 8f5f 	dmb	sy
10001266:	2200      	movs	r2, #0
10001268:	601a      	str	r2, [r3, #0]
1000126a:	f38c 8810 	msr	PRIMASK, ip
1000126e:	780b      	ldrb	r3, [r1, #0]
10001270:	3201      	adds	r2, #1
10001272:	409a      	lsls	r2, r3
10001274:	68cb      	ldr	r3, [r1, #12]
10001276:	4908      	ldr	r1, [pc, #32]	@ (10001298 <alarm_pool_add_alarm_at_force_in_context+0xac>)
10001278:	468c      	mov	ip, r1
1000127a:	4463      	add	r3, ip
1000127c:	601a      	str	r2, [r3, #0]
1000127e:	bd70      	pop	{r4, r5, r6, pc}
10001280:	2201      	movs	r2, #1
10001282:	e7dd      	b.n	10001240 <alarm_pool_add_alarm_at_force_in_context+0x54>
10001284:	f3bf 8f5f 	dmb	sy
10001288:	2300      	movs	r3, #0
1000128a:	6003      	str	r3, [r0, #0]
1000128c:	f38c 8810 	msr	PRIMASK, ip
10001290:	2001      	movs	r0, #1
10001292:	4240      	negs	r0, r0
10001294:	e7f3      	b.n	1000127e <alarm_pool_add_alarm_at_force_in_context+0x92>
10001296:	46c0      	nop			@ (mov r8, r8)
10001298:	0000203c 	.word	0x0000203c

1000129c <alarm_pool_cancel_alarm>:
1000129c:	b510      	push	{r4, lr}
1000129e:	8943      	ldrh	r3, [r0, #10]
100012a0:	140a      	asrs	r2, r1, #16
100012a2:	4293      	cmp	r3, r2
100012a4:	dd1a      	ble.n	100012dc <alarm_pool_cancel_alarm+0x40>
100012a6:	0053      	lsls	r3, r2, #1
100012a8:	189b      	adds	r3, r3, r2
100012aa:	6942      	ldr	r2, [r0, #20]
100012ac:	00db      	lsls	r3, r3, #3
100012ae:	18d3      	adds	r3, r2, r3
100012b0:	6904      	ldr	r4, [r0, #16]
100012b2:	f3ef 8c10 	mrs	ip, PRIMASK
100012b6:	b672      	cpsid	i
100012b8:	6822      	ldr	r2, [r4, #0]
100012ba:	2a00      	cmp	r2, #0
100012bc:	d0fc      	beq.n	100012b8 <alarm_pool_cancel_alarm+0x1c>
100012be:	f3bf 8f5f 	dmb	sy
100012c2:	885a      	ldrh	r2, [r3, #2]
100012c4:	0409      	lsls	r1, r1, #16
100012c6:	b294      	uxth	r4, r2
100012c8:	0c09      	lsrs	r1, r1, #16
100012ca:	428a      	cmp	r2, r1
100012cc:	d008      	beq.n	100012e0 <alarm_pool_cancel_alarm+0x44>
100012ce:	6903      	ldr	r3, [r0, #16]
100012d0:	f3bf 8f5f 	dmb	sy
100012d4:	2200      	movs	r2, #0
100012d6:	601a      	str	r2, [r3, #0]
100012d8:	f38c 8810 	msr	PRIMASK, ip
100012dc:	2000      	movs	r0, #0
100012de:	bd10      	pop	{r4, pc}
100012e0:	2280      	movs	r2, #128	@ 0x80
100012e2:	0212      	lsls	r2, r2, #8
100012e4:	4314      	orrs	r4, r2
100012e6:	805c      	strh	r4, [r3, #2]
100012e8:	2301      	movs	r3, #1
100012ea:	6902      	ldr	r2, [r0, #16]
100012ec:	7183      	strb	r3, [r0, #6]
100012ee:	f3bf 8f5f 	dmb	sy
100012f2:	2100      	movs	r1, #0
100012f4:	6011      	str	r1, [r2, #0]
100012f6:	f38c 8810 	msr	PRIMASK, ip
100012fa:	4904      	ldr	r1, [pc, #16]	@ (1000130c <alarm_pool_cancel_alarm+0x70>)
100012fc:	7802      	ldrb	r2, [r0, #0]
100012fe:	468c      	mov	ip, r1
10001300:	4093      	lsls	r3, r2
10001302:	68c2      	ldr	r2, [r0, #12]
10001304:	2001      	movs	r0, #1
10001306:	4462      	add	r2, ip
10001308:	6013      	str	r3, [r2, #0]
1000130a:	e7e8      	b.n	100012de <alarm_pool_cancel_alarm+0x42>
1000130c:	0000203c 	.word	0x0000203c

10001310 <alarm_pool_core_num>:
10001310:	7840      	ldrb	r0, [r0, #1]
10001312:	4770      	bx	lr

10001314 <best_effort_wfe_or_timeout>:
10001314:	b5f0      	push	{r4, r5, r6, r7, lr}
10001316:	4657      	mov	r7, sl
10001318:	464e      	mov	r6, r9
1000131a:	46de      	mov	lr, fp
1000131c:	4645      	mov	r5, r8
1000131e:	b5e0      	push	{r5, r6, r7, lr}
10001320:	0006      	movs	r6, r0
10001322:	000f      	movs	r7, r1
10001324:	b085      	sub	sp, #20
10001326:	f3ef 8305 	mrs	r3, IPSR
1000132a:	4699      	mov	r9, r3
1000132c:	468b      	mov	fp, r1
1000132e:	2b00      	cmp	r3, #0
10001330:	d012      	beq.n	10001358 <best_effort_wfe_or_timeout+0x44>
10001332:	4938      	ldr	r1, [pc, #224]	@ (10001414 <best_effort_wfe_or_timeout+0x100>)
10001334:	2000      	movs	r0, #0
10001336:	6a4b      	ldr	r3, [r1, #36]	@ 0x24
10001338:	42bb      	cmp	r3, r7
1000133a:	d306      	bcc.n	1000134a <best_effort_wfe_or_timeout+0x36>
1000133c:	6a8a      	ldr	r2, [r1, #40]	@ 0x28
1000133e:	1bdb      	subs	r3, r3, r7
10001340:	1e59      	subs	r1, r3, #1
10001342:	418b      	sbcs	r3, r1
10001344:	42b2      	cmp	r2, r6
10001346:	4140      	adcs	r0, r0
10001348:	4318      	orrs	r0, r3
1000134a:	b005      	add	sp, #20
1000134c:	bcf0      	pop	{r4, r5, r6, r7}
1000134e:	46bb      	mov	fp, r7
10001350:	46b2      	mov	sl, r6
10001352:	46a9      	mov	r9, r5
10001354:	46a0      	mov	r8, r4
10001356:	bdf0      	pop	{r4, r5, r6, r7, pc}
10001358:	4b2f      	ldr	r3, [pc, #188]	@ (10001418 <best_effort_wfe_or_timeout+0x104>)
1000135a:	469a      	mov	sl, r3
1000135c:	68db      	ldr	r3, [r3, #12]
1000135e:	4698      	mov	r8, r3
10001360:	4653      	mov	r3, sl
10001362:	781b      	ldrb	r3, [r3, #0]
10001364:	4640      	mov	r0, r8
10001366:	9303      	str	r3, [sp, #12]
10001368:	f000 f864 	bl	10001434 <timer_time_us_64>
1000136c:	4642      	mov	r2, r8
1000136e:	9b03      	ldr	r3, [sp, #12]
10001370:	0004      	movs	r4, r0
10001372:	3304      	adds	r3, #4
10001374:	009b      	lsls	r3, r3, #2
10001376:	589b      	ldr	r3, [r3, r2]
10001378:	000d      	movs	r5, r1
1000137a:	1a1b      	subs	r3, r3, r0
1000137c:	0039      	movs	r1, r7
1000137e:	0030      	movs	r0, r6
10001380:	1b00      	subs	r0, r0, r4
10001382:	41a9      	sbcs	r1, r5
10001384:	4589      	cmp	r9, r1
10001386:	dc10      	bgt.n	100013aa <best_effort_wfe_or_timeout+0x96>
10001388:	d00d      	beq.n	100013a6 <best_effort_wfe_or_timeout+0x92>
1000138a:	bf20      	wfe
1000138c:	4a21      	ldr	r2, [pc, #132]	@ (10001414 <best_effort_wfe_or_timeout+0x100>)
1000138e:	2000      	movs	r0, #0
10001390:	6a53      	ldr	r3, [r2, #36]	@ 0x24
10001392:	455b      	cmp	r3, fp
10001394:	d3d9      	bcc.n	1000134a <best_effort_wfe_or_timeout+0x36>
10001396:	6a92      	ldr	r2, [r2, #40]	@ 0x28
10001398:	1bdb      	subs	r3, r3, r7
1000139a:	1e59      	subs	r1, r3, #1
1000139c:	418b      	sbcs	r3, r1
1000139e:	42b2      	cmp	r2, r6
100013a0:	4140      	adcs	r0, r0
100013a2:	4318      	orrs	r0, r3
100013a4:	e7d1      	b.n	1000134a <best_effort_wfe_or_timeout+0x36>
100013a6:	4283      	cmp	r3, r0
100013a8:	d9ef      	bls.n	1000138a <best_effort_wfe_or_timeout+0x76>
100013aa:	f000 f84b 	bl	10001444 <time_us_64>
100013ae:	0032      	movs	r2, r6
100013b0:	003b      	movs	r3, r7
100013b2:	1a12      	subs	r2, r2, r0
100013b4:	418b      	sbcs	r3, r1
100013b6:	2b00      	cmp	r3, #0
100013b8:	db1a      	blt.n	100013f0 <best_effort_wfe_or_timeout+0xdc>
100013ba:	2300      	movs	r3, #0
100013bc:	9301      	str	r3, [sp, #4]
100013be:	4b17      	ldr	r3, [pc, #92]	@ (1000141c <best_effort_wfe_or_timeout+0x108>)
100013c0:	0032      	movs	r2, r6
100013c2:	9300      	str	r3, [sp, #0]
100013c4:	4650      	mov	r0, sl
100013c6:	003b      	movs	r3, r7
100013c8:	f7ff ff10 	bl	100011ec <alarm_pool_add_alarm_at_force_in_context>
100013cc:	1e01      	subs	r1, r0, #0
100013ce:	dd0f      	ble.n	100013f0 <best_effort_wfe_or_timeout+0xdc>
100013d0:	4b10      	ldr	r3, [pc, #64]	@ (10001414 <best_effort_wfe_or_timeout+0x100>)
100013d2:	6a5a      	ldr	r2, [r3, #36]	@ 0x24
100013d4:	455a      	cmp	r2, fp
100013d6:	d31b      	bcc.n	10001410 <best_effort_wfe_or_timeout+0xfc>
100013d8:	6a9b      	ldr	r3, [r3, #40]	@ 0x28
100013da:	42b3      	cmp	r3, r6
100013dc:	d316      	bcc.n	1000140c <best_effort_wfe_or_timeout+0xf8>
100013de:	4650      	mov	r0, sl
100013e0:	f7ff ff5c 	bl	1000129c <alarm_pool_cancel_alarm>
100013e4:	4a0b      	ldr	r2, [pc, #44]	@ (10001414 <best_effort_wfe_or_timeout+0x100>)
100013e6:	2000      	movs	r0, #0
100013e8:	6a53      	ldr	r3, [r2, #36]	@ 0x24
100013ea:	455b      	cmp	r3, fp
100013ec:	d3ad      	bcc.n	1000134a <best_effort_wfe_or_timeout+0x36>
100013ee:	e7d2      	b.n	10001396 <best_effort_wfe_or_timeout+0x82>
100013f0:	4a08      	ldr	r2, [pc, #32]	@ (10001414 <best_effort_wfe_or_timeout+0x100>)
100013f2:	2000      	movs	r0, #0
100013f4:	6a53      	ldr	r3, [r2, #36]	@ 0x24
100013f6:	455b      	cmp	r3, fp
100013f8:	d3a7      	bcc.n	1000134a <best_effort_wfe_or_timeout+0x36>
100013fa:	2000      	movs	r0, #0
100013fc:	6a92      	ldr	r2, [r2, #40]	@ 0x28
100013fe:	1bdb      	subs	r3, r3, r7
10001400:	42b2      	cmp	r2, r6
10001402:	4140      	adcs	r0, r0
10001404:	1e5a      	subs	r2, r3, #1
10001406:	4193      	sbcs	r3, r2
10001408:	4318      	orrs	r0, r3
1000140a:	e79e      	b.n	1000134a <best_effort_wfe_or_timeout+0x36>
1000140c:	455a      	cmp	r2, fp
1000140e:	d1e6      	bne.n	100013de <best_effort_wfe_or_timeout+0xca>
10001410:	bf20      	wfe
10001412:	e7e4      	b.n	100013de <best_effort_wfe_or_timeout+0xca>
10001414:	40054000 	.word	0x40054000
10001418:	20000fe4 	.word	0x20000fe4
1000141c:	10000d09 	.word	0x10000d09

10001420 <timer_hardware_alarm_claim>:
10001420:	b510      	push	{r4, lr}
10001422:	4a02      	ldr	r2, [pc, #8]	@ (1000142c <timer_hardware_alarm_claim+0xc>)
10001424:	4802      	ldr	r0, [pc, #8]	@ (10001430 <timer_hardware_alarm_claim+0x10>)
10001426:	f7ff f9a9 	bl	1000077c <hw_claim_or_assert>
1000142a:	bd10      	pop	{r4, pc}
1000142c:	10006e98 	.word	0x10006e98
10001430:	20001a8c 	.word	0x20001a8c

10001434 <timer_time_us_64>:
10001434:	0003      	movs	r3, r0
10001436:	6a41      	ldr	r1, [r0, #36]	@ 0x24
10001438:	000a      	movs	r2, r1
1000143a:	6a98      	ldr	r0, [r3, #40]	@ 0x28
1000143c:	6a59      	ldr	r1, [r3, #36]	@ 0x24
1000143e:	428a      	cmp	r2, r1
10001440:	d1fa      	bne.n	10001438 <timer_time_us_64+0x4>
10001442:	4770      	bx	lr

10001444 <time_us_64>:
10001444:	4b03      	ldr	r3, [pc, #12]	@ (10001454 <time_us_64+0x10>)
10001446:	6a59      	ldr	r1, [r3, #36]	@ 0x24
10001448:	000a      	movs	r2, r1
1000144a:	6a98      	ldr	r0, [r3, #40]	@ 0x28
1000144c:	6a59      	ldr	r1, [r3, #36]	@ 0x24
1000144e:	4291      	cmp	r1, r2
10001450:	d1fa      	bne.n	10001448 <time_us_64+0x4>
10001452:	4770      	bx	lr
10001454:	40054000 	.word	0x40054000

10001458 <clock_configure_int_divider>:
10001458:	b5f8      	push	{r3, r4, r5, r6, r7, lr}
1000145a:	46de      	mov	lr, fp
1000145c:	464e      	mov	r6, r9
1000145e:	4657      	mov	r7, sl
10001460:	4645      	mov	r5, r8
10001462:	b5e0      	push	{r5, r6, r7, lr}
10001464:	468b      	mov	fp, r1
10001466:	0005      	movs	r5, r0
10001468:	990a      	ldr	r1, [sp, #40]	@ 0x28
1000146a:	0018      	movs	r0, r3
1000146c:	0016      	movs	r6, r2
1000146e:	f000 faef 	bl	10001a50 <__wrap___aeabi_uidiv>
10001472:	9b0a      	ldr	r3, [sp, #40]	@ 0x28
10001474:	006c      	lsls	r4, r5, #1
10001476:	021f      	lsls	r7, r3, #8
10001478:	4b32      	ldr	r3, [pc, #200]	@ (10001544 <clock_configure_int_divider+0xec>)
1000147a:	1964      	adds	r4, r4, r5
1000147c:	469c      	mov	ip, r3
1000147e:	00a4      	lsls	r4, r4, #2
10001480:	4464      	add	r4, ip
10001482:	6863      	ldr	r3, [r4, #4]
10001484:	4681      	mov	r9, r0
10001486:	429f      	cmp	r7, r3
10001488:	d900      	bls.n	1000148c <clock_configure_int_divider+0x34>
1000148a:	6067      	str	r7, [r4, #4]
1000148c:	1f2b      	subs	r3, r5, #4
1000148e:	b2db      	uxtb	r3, r3
10001490:	4698      	mov	r8, r3
10001492:	2b01      	cmp	r3, #1
10001494:	d930      	bls.n	100014f8 <clock_configure_int_divider+0xa0>
10001496:	23c0      	movs	r3, #192	@ 0xc0
10001498:	2280      	movs	r2, #128	@ 0x80
1000149a:	019b      	lsls	r3, r3, #6
1000149c:	18e3      	adds	r3, r4, r3
1000149e:	0112      	lsls	r2, r2, #4
100014a0:	601a      	str	r2, [r3, #0]
100014a2:	4b29      	ldr	r3, [pc, #164]	@ (10001548 <clock_configure_int_divider+0xf0>)
100014a4:	00ad      	lsls	r5, r5, #2
100014a6:	5959      	ldr	r1, [r3, r5]
100014a8:	469a      	mov	sl, r3
100014aa:	2900      	cmp	r1, #0
100014ac:	d11b      	bne.n	100014e6 <clock_configure_int_divider+0x8e>
100014ae:	0173      	lsls	r3, r6, #5
100014b0:	26e0      	movs	r6, #224	@ 0xe0
100014b2:	6822      	ldr	r2, [r4, #0]
100014b4:	4053      	eors	r3, r2
100014b6:	401e      	ands	r6, r3
100014b8:	2380      	movs	r3, #128	@ 0x80
100014ba:	4642      	mov	r2, r8
100014bc:	015b      	lsls	r3, r3, #5
100014be:	18e3      	adds	r3, r4, r3
100014c0:	601e      	str	r6, [r3, #0]
100014c2:	2a01      	cmp	r2, #1
100014c4:	d930      	bls.n	10001528 <clock_configure_int_divider+0xd0>
100014c6:	2380      	movs	r3, #128	@ 0x80
100014c8:	2280      	movs	r2, #128	@ 0x80
100014ca:	019b      	lsls	r3, r3, #6
100014cc:	18e3      	adds	r3, r4, r3
100014ce:	0112      	lsls	r2, r2, #4
100014d0:	601a      	str	r2, [r3, #0]
100014d2:	4653      	mov	r3, sl
100014d4:	464a      	mov	r2, r9
100014d6:	6067      	str	r7, [r4, #4]
100014d8:	515a      	str	r2, [r3, r5]
100014da:	bcf0      	pop	{r4, r5, r6, r7}
100014dc:	46bb      	mov	fp, r7
100014de:	46b2      	mov	sl, r6
100014e0:	46a9      	mov	r9, r5
100014e2:	46a0      	mov	r8, r4
100014e4:	bdf8      	pop	{r3, r4, r5, r6, r7, pc}
100014e6:	6958      	ldr	r0, [r3, #20]
100014e8:	f000 fab2 	bl	10001a50 <__wrap___aeabi_uidiv>
100014ec:	3001      	adds	r0, #1
100014ee:	0043      	lsls	r3, r0, #1
100014f0:	181b      	adds	r3, r3, r0
100014f2:	3b03      	subs	r3, #3
100014f4:	d2fd      	bcs.n	100014f2 <clock_configure_int_divider+0x9a>
100014f6:	e7da      	b.n	100014ae <clock_configure_int_divider+0x56>
100014f8:	465b      	mov	r3, fp
100014fa:	2b01      	cmp	r3, #1
100014fc:	d1cb      	bne.n	10001496 <clock_configure_int_divider+0x3e>
100014fe:	23c0      	movs	r3, #192	@ 0xc0
10001500:	2203      	movs	r2, #3
10001502:	019b      	lsls	r3, r3, #6
10001504:	18e3      	adds	r3, r4, r3
10001506:	601a      	str	r2, [r3, #0]
10001508:	3a02      	subs	r2, #2
1000150a:	68a3      	ldr	r3, [r4, #8]
1000150c:	421a      	tst	r2, r3
1000150e:	d0fc      	beq.n	1000150a <clock_configure_int_divider+0xb2>
10001510:	0173      	lsls	r3, r6, #5
10001512:	26e0      	movs	r6, #224	@ 0xe0
10001514:	6822      	ldr	r2, [r4, #0]
10001516:	00ad      	lsls	r5, r5, #2
10001518:	4053      	eors	r3, r2
1000151a:	401e      	ands	r6, r3
1000151c:	2380      	movs	r3, #128	@ 0x80
1000151e:	4a0a      	ldr	r2, [pc, #40]	@ (10001548 <clock_configure_int_divider+0xf0>)
10001520:	015b      	lsls	r3, r3, #5
10001522:	4692      	mov	sl, r2
10001524:	18e3      	adds	r3, r4, r3
10001526:	601e      	str	r6, [r3, #0]
10001528:	465a      	mov	r2, fp
1000152a:	6821      	ldr	r1, [r4, #0]
1000152c:	4051      	eors	r1, r2
1000152e:	2203      	movs	r2, #3
10001530:	400a      	ands	r2, r1
10001532:	601a      	str	r2, [r3, #0]
10001534:	2201      	movs	r2, #1
10001536:	465b      	mov	r3, fp
10001538:	409a      	lsls	r2, r3
1000153a:	68a3      	ldr	r3, [r4, #8]
1000153c:	421a      	tst	r2, r3
1000153e:	d0fc      	beq.n	1000153a <clock_configure_int_divider+0xe2>
10001540:	e7c1      	b.n	100014c6 <clock_configure_int_divider+0x6e>
10001542:	46c0      	nop			@ (mov r8, r8)
10001544:	40008000 	.word	0x40008000
10001548:	20001a90 	.word	0x20001a90

1000154c <clock_configure_undivided>:
1000154c:	b5f0      	push	{r4, r5, r6, r7, lr}
1000154e:	4646      	mov	r6, r8
10001550:	464f      	mov	r7, r9
10001552:	46d6      	mov	lr, sl
10001554:	b5c0      	push	{r6, r7, lr}
10001556:	001f      	movs	r7, r3
10001558:	4b34      	ldr	r3, [pc, #208]	@ (1000162c <clock_configure_undivided+0xe0>)
1000155a:	0044      	lsls	r4, r0, #1
1000155c:	469c      	mov	ip, r3
1000155e:	1824      	adds	r4, r4, r0
10001560:	00a4      	lsls	r4, r4, #2
10001562:	4464      	add	r4, ip
10001564:	6863      	ldr	r3, [r4, #4]
10001566:	4688      	mov	r8, r1
10001568:	0016      	movs	r6, r2
1000156a:	2bff      	cmp	r3, #255	@ 0xff
1000156c:	d802      	bhi.n	10001574 <clock_configure_undivided+0x28>
1000156e:	2380      	movs	r3, #128	@ 0x80
10001570:	005b      	lsls	r3, r3, #1
10001572:	6063      	str	r3, [r4, #4]
10001574:	1f03      	subs	r3, r0, #4
10001576:	b2db      	uxtb	r3, r3
10001578:	469a      	mov	sl, r3
1000157a:	2b01      	cmp	r3, #1
1000157c:	d930      	bls.n	100015e0 <clock_configure_undivided+0x94>
1000157e:	23c0      	movs	r3, #192	@ 0xc0
10001580:	2280      	movs	r2, #128	@ 0x80
10001582:	019b      	lsls	r3, r3, #6
10001584:	18e3      	adds	r3, r4, r3
10001586:	0112      	lsls	r2, r2, #4
10001588:	601a      	str	r2, [r3, #0]
1000158a:	4b29      	ldr	r3, [pc, #164]	@ (10001630 <clock_configure_undivided+0xe4>)
1000158c:	0085      	lsls	r5, r0, #2
1000158e:	5959      	ldr	r1, [r3, r5]
10001590:	4699      	mov	r9, r3
10001592:	2900      	cmp	r1, #0
10001594:	d11b      	bne.n	100015ce <clock_configure_undivided+0x82>
10001596:	0173      	lsls	r3, r6, #5
10001598:	26e0      	movs	r6, #224	@ 0xe0
1000159a:	6822      	ldr	r2, [r4, #0]
1000159c:	4053      	eors	r3, r2
1000159e:	401e      	ands	r6, r3
100015a0:	2380      	movs	r3, #128	@ 0x80
100015a2:	4652      	mov	r2, sl
100015a4:	015b      	lsls	r3, r3, #5
100015a6:	18e3      	adds	r3, r4, r3
100015a8:	601e      	str	r6, [r3, #0]
100015aa:	2a01      	cmp	r2, #1
100015ac:	d930      	bls.n	10001610 <clock_configure_undivided+0xc4>
100015ae:	2380      	movs	r3, #128	@ 0x80
100015b0:	2280      	movs	r2, #128	@ 0x80
100015b2:	019b      	lsls	r3, r3, #6
100015b4:	18e3      	adds	r3, r4, r3
100015b6:	0112      	lsls	r2, r2, #4
100015b8:	601a      	str	r2, [r3, #0]
100015ba:	2380      	movs	r3, #128	@ 0x80
100015bc:	005b      	lsls	r3, r3, #1
100015be:	6063      	str	r3, [r4, #4]
100015c0:	464b      	mov	r3, r9
100015c2:	515f      	str	r7, [r3, r5]
100015c4:	bce0      	pop	{r5, r6, r7}
100015c6:	46ba      	mov	sl, r7
100015c8:	46b1      	mov	r9, r6
100015ca:	46a8      	mov	r8, r5
100015cc:	bdf0      	pop	{r4, r5, r6, r7, pc}
100015ce:	6958      	ldr	r0, [r3, #20]
100015d0:	f000 fa3e 	bl	10001a50 <__wrap___aeabi_uidiv>
100015d4:	3001      	adds	r0, #1
100015d6:	0043      	lsls	r3, r0, #1
100015d8:	181b      	adds	r3, r3, r0
100015da:	3b03      	subs	r3, #3
100015dc:	d2fd      	bcs.n	100015da <clock_configure_undivided+0x8e>
100015de:	e7da      	b.n	10001596 <clock_configure_undivided+0x4a>
100015e0:	4643      	mov	r3, r8
100015e2:	2b01      	cmp	r3, #1
100015e4:	d1cb      	bne.n	1000157e <clock_configure_undivided+0x32>
100015e6:	23c0      	movs	r3, #192	@ 0xc0
100015e8:	2203      	movs	r2, #3
100015ea:	019b      	lsls	r3, r3, #6
100015ec:	18e3      	adds	r3, r4, r3
100015ee:	601a      	str	r2, [r3, #0]
100015f0:	3a02      	subs	r2, #2
100015f2:	68a3      	ldr	r3, [r4, #8]
100015f4:	421a      	tst	r2, r3
100015f6:	d0fc      	beq.n	100015f2 <clock_configure_undivided+0xa6>
100015f8:	0173      	lsls	r3, r6, #5
100015fa:	26e0      	movs	r6, #224	@ 0xe0
100015fc:	6822      	ldr	r2, [r4, #0]
100015fe:	0085      	lsls	r5, r0, #2
10001600:	4053      	eors	r3, r2
10001602:	401e      	ands	r6, r3
10001604:	2380      	movs	r3, #128	@ 0x80
10001606:	4a0a      	ldr	r2, [pc, #40]	@ (10001630 <clock_configure_undivided+0xe4>)
10001608:	015b      	lsls	r3, r3, #5
1000160a:	4691      	mov	r9, r2
1000160c:	18e3      	adds	r3, r4, r3
1000160e:	601e      	str	r6, [r3, #0]
10001610:	4642      	mov	r2, r8
10001612:	6821      	ldr	r1, [r4, #0]
10001614:	4051      	eors	r1, r2
10001616:	2203      	movs	r2, #3
10001618:	400a      	ands	r2, r1
1000161a:	601a      	str	r2, [r3, #0]
1000161c:	2301      	movs	r3, #1
1000161e:	4642      	mov	r2, r8
10001620:	4093      	lsls	r3, r2
10001622:	68a2      	ldr	r2, [r4, #8]
10001624:	4213      	tst	r3, r2
10001626:	d0fc      	beq.n	10001622 <clock_configure_undivided+0xd6>
10001628:	e7c1      	b.n	100015ae <clock_configure_undivided+0x62>
1000162a:	46c0      	nop			@ (mov r8, r8)
1000162c:	40008000 	.word	0x40008000
10001630:	20001a90 	.word	0x20001a90

10001634 <clock_get_hz>:
10001634:	4b01      	ldr	r3, [pc, #4]	@ (1000163c <clock_get_hz+0x8>)
10001636:	0080      	lsls	r0, r0, #2
10001638:	58c0      	ldr	r0, [r0, r3]
1000163a:	4770      	bx	lr
1000163c:	20001a90 	.word	0x20001a90

10001640 <pll_init>:
10001640:	b5f8      	push	{r3, r4, r5, r6, r7, lr}
10001642:	0004      	movs	r4, r0
10001644:	4821      	ldr	r0, [pc, #132]	@ (100016cc <pll_init+0x8c>)
10001646:	001e      	movs	r6, r3
10001648:	0017      	movs	r7, r2
1000164a:	000d      	movs	r5, r1
1000164c:	f000 fa00 	bl	10001a50 <__wrap___aeabi_uidiv>
10001650:	0001      	movs	r1, r0
10001652:	0038      	movs	r0, r7
10001654:	f000 f9fc 	bl	10001a50 <__wrap___aeabi_uidiv>
10001658:	9b06      	ldr	r3, [sp, #24]
1000165a:	0436      	lsls	r6, r6, #16
1000165c:	031b      	lsls	r3, r3, #12
1000165e:	431e      	orrs	r6, r3
10001660:	6823      	ldr	r3, [r4, #0]
10001662:	2b00      	cmp	r3, #0
10001664:	db20      	blt.n	100016a8 <pll_init+0x68>
10001666:	4b1a      	ldr	r3, [pc, #104]	@ (100016d0 <pll_init+0x90>)
10001668:	491a      	ldr	r1, [pc, #104]	@ (100016d4 <pll_init+0x94>)
1000166a:	18e3      	adds	r3, r4, r3
1000166c:	1e5a      	subs	r2, r3, #1
1000166e:	4193      	sbcs	r3, r2
10001670:	2280      	movs	r2, #128	@ 0x80
10001672:	0192      	lsls	r2, r2, #6
10001674:	4694      	mov	ip, r2
10001676:	425b      	negs	r3, r3
10001678:	0b1b      	lsrs	r3, r3, #12
1000167a:	4a17      	ldr	r2, [pc, #92]	@ (100016d8 <pll_init+0x98>)
1000167c:	031b      	lsls	r3, r3, #12
1000167e:	4463      	add	r3, ip
10001680:	6013      	str	r3, [r2, #0]
10001682:	4a16      	ldr	r2, [pc, #88]	@ (100016dc <pll_init+0x9c>)
10001684:	6013      	str	r3, [r2, #0]
10001686:	001f      	movs	r7, r3
10001688:	680a      	ldr	r2, [r1, #0]
1000168a:	4397      	bics	r7, r2
1000168c:	d1fb      	bne.n	10001686 <pll_init+0x46>
1000168e:	4b14      	ldr	r3, [pc, #80]	@ (100016e0 <pll_init+0xa0>)
10001690:	6025      	str	r5, [r4, #0]
10001692:	18e2      	adds	r2, r4, r3
10001694:	2321      	movs	r3, #33	@ 0x21
10001696:	60a0      	str	r0, [r4, #8]
10001698:	6013      	str	r3, [r2, #0]
1000169a:	6823      	ldr	r3, [r4, #0]
1000169c:	2b00      	cmp	r3, #0
1000169e:	dafc      	bge.n	1000169a <pll_init+0x5a>
100016a0:	2308      	movs	r3, #8
100016a2:	60e6      	str	r6, [r4, #12]
100016a4:	6013      	str	r3, [r2, #0]
100016a6:	bdf8      	pop	{r3, r4, r5, r6, r7, pc}
100016a8:	233f      	movs	r3, #63	@ 0x3f
100016aa:	6822      	ldr	r2, [r4, #0]
100016ac:	4013      	ands	r3, r2
100016ae:	42ab      	cmp	r3, r5
100016b0:	d1d9      	bne.n	10001666 <pll_init+0x26>
100016b2:	68a3      	ldr	r3, [r4, #8]
100016b4:	051b      	lsls	r3, r3, #20
100016b6:	0d1b      	lsrs	r3, r3, #20
100016b8:	4283      	cmp	r3, r0
100016ba:	d1d4      	bne.n	10001666 <pll_init+0x26>
100016bc:	22ee      	movs	r2, #238	@ 0xee
100016be:	68e3      	ldr	r3, [r4, #12]
100016c0:	02d2      	lsls	r2, r2, #11
100016c2:	4013      	ands	r3, r2
100016c4:	42b3      	cmp	r3, r6
100016c6:	d1ce      	bne.n	10001666 <pll_init+0x26>
100016c8:	e7ed      	b.n	100016a6 <pll_init+0x66>
100016ca:	46c0      	nop			@ (mov r8, r8)
100016cc:	00b71b00 	.word	0x00b71b00
100016d0:	bffd4000 	.word	0xbffd4000
100016d4:	4000c008 	.word	0x4000c008
100016d8:	4000e000 	.word	0x4000e000
100016dc:	4000f000 	.word	0x4000f000
100016e0:	00003004 	.word	0x00003004

100016e4 <watchdog_reboot>:
100016e4:	b510      	push	{r4, lr}
100016e6:	2480      	movs	r4, #128	@ 0x80
100016e8:	4b1c      	ldr	r3, [pc, #112]	@ (1000175c <watchdog_reboot+0x78>)
100016ea:	05e4      	lsls	r4, r4, #23
100016ec:	601c      	str	r4, [r3, #0]
100016ee:	2800      	cmp	r0, #0
100016f0:	d01a      	beq.n	10001728 <watchdog_reboot+0x44>
100016f2:	2301      	movs	r3, #1
100016f4:	4c1a      	ldr	r4, [pc, #104]	@ (10001760 <watchdog_reboot+0x7c>)
100016f6:	4318      	orrs	r0, r3
100016f8:	4b1a      	ldr	r3, [pc, #104]	@ (10001764 <watchdog_reboot+0x80>)
100016fa:	61dc      	str	r4, [r3, #28]
100016fc:	4c1a      	ldr	r4, [pc, #104]	@ (10001768 <watchdog_reboot+0x84>)
100016fe:	4044      	eors	r4, r0
10001700:	621c      	str	r4, [r3, #32]
10001702:	6259      	str	r1, [r3, #36]	@ 0x24
10001704:	6298      	str	r0, [r3, #40]	@ 0x28
10001706:	2180      	movs	r1, #128	@ 0x80
10001708:	4b14      	ldr	r3, [pc, #80]	@ (1000175c <watchdog_reboot+0x78>)
1000170a:	05c9      	lsls	r1, r1, #23
1000170c:	6019      	str	r1, [r3, #0]
1000170e:	4817      	ldr	r0, [pc, #92]	@ (1000176c <watchdog_reboot+0x88>)
10001710:	4917      	ldr	r1, [pc, #92]	@ (10001770 <watchdog_reboot+0x8c>)
10001712:	6008      	str	r0, [r1, #0]
10001714:	21e0      	movs	r1, #224	@ 0xe0
10001716:	04c9      	lsls	r1, r1, #19
10001718:	6019      	str	r1, [r3, #0]
1000171a:	2a00      	cmp	r2, #0
1000171c:	d107      	bne.n	1000172e <watchdog_reboot+0x4a>
1000171e:	2280      	movs	r2, #128	@ 0x80
10001720:	4b14      	ldr	r3, [pc, #80]	@ (10001774 <watchdog_reboot+0x90>)
10001722:	0612      	lsls	r2, r2, #24
10001724:	601a      	str	r2, [r3, #0]
10001726:	bd10      	pop	{r4, pc}
10001728:	4b0e      	ldr	r3, [pc, #56]	@ (10001764 <watchdog_reboot+0x80>)
1000172a:	61d8      	str	r0, [r3, #28]
1000172c:	e7eb      	b.n	10001706 <watchdog_reboot+0x22>
1000172e:	0153      	lsls	r3, r2, #5
10001730:	1a9b      	subs	r3, r3, r2
10001732:	009b      	lsls	r3, r3, #2
10001734:	189a      	adds	r2, r3, r2
10001736:	2380      	movs	r3, #128	@ 0x80
10001738:	0112      	lsls	r2, r2, #4
1000173a:	045b      	lsls	r3, r3, #17
1000173c:	429a      	cmp	r2, r3
1000173e:	d209      	bcs.n	10001754 <watchdog_reboot+0x70>
10001740:	0013      	movs	r3, r2
10001742:	490d      	ldr	r1, [pc, #52]	@ (10001778 <watchdog_reboot+0x94>)
10001744:	600b      	str	r3, [r1, #0]
10001746:	4b07      	ldr	r3, [pc, #28]	@ (10001764 <watchdog_reboot+0x80>)
10001748:	605a      	str	r2, [r3, #4]
1000174a:	2280      	movs	r2, #128	@ 0x80
1000174c:	4b09      	ldr	r3, [pc, #36]	@ (10001774 <watchdog_reboot+0x90>)
1000174e:	05d2      	lsls	r2, r2, #23
10001750:	601a      	str	r2, [r3, #0]
10001752:	e7e8      	b.n	10001726 <watchdog_reboot+0x42>
10001754:	4b09      	ldr	r3, [pc, #36]	@ (1000177c <watchdog_reboot+0x98>)
10001756:	001a      	movs	r2, r3
10001758:	e7f3      	b.n	10001742 <watchdog_reboot+0x5e>
1000175a:	46c0      	nop			@ (mov r8, r8)
1000175c:	4005b000 	.word	0x4005b000
10001760:	b007c0d3 	.word	0xb007c0d3
10001764:	40058000 	.word	0x40058000
10001768:	4ff83f2d 	.word	0x4ff83f2d
1000176c:	0001fffc 	.word	0x0001fffc
10001770:	40012008 	.word	0x40012008
10001774:	4005a000 	.word	0x4005a000
10001778:	20001f30 	.word	0x20001f30
1000177c:	00ffffff 	.word	0x00ffffff

10001780 <tick_start>:
10001780:	2380      	movs	r3, #128	@ 0x80
10001782:	4a02      	ldr	r2, [pc, #8]	@ (1000178c <tick_start+0xc>)
10001784:	009b      	lsls	r3, r3, #2
10001786:	430b      	orrs	r3, r1
10001788:	62d3      	str	r3, [r2, #44]	@ 0x2c
1000178a:	4770      	bx	lr
1000178c:	40058000 	.word	0x40058000

10001790 <rom_func_lookup>:
10001790:	2300      	movs	r3, #0
10001792:	b510      	push	{r4, lr}
10001794:	0001      	movs	r1, r0
10001796:	8a98      	ldrh	r0, [r3, #20]
10001798:	8b1b      	ldrh	r3, [r3, #24]
1000179a:	4798      	blx	r3
1000179c:	bd10      	pop	{r4, pc}
1000179e:	46c0      	nop			@ (mov r8, r8)

100017a0 <rom_data_lookup>:
100017a0:	2316      	movs	r3, #22
100017a2:	b510      	push	{r4, lr}
100017a4:	0001      	movs	r1, r0
100017a6:	8818      	ldrh	r0, [r3, #0]
100017a8:	3302      	adds	r3, #2
100017aa:	881b      	ldrh	r3, [r3, #0]
100017ac:	4798      	blx	r3
100017ae:	bd10      	pop	{r4, pc}

100017b0 <rom_funcs_lookup>:
100017b0:	b5f8      	push	{r3, r4, r5, r6, r7, lr}
100017b2:	4647      	mov	r7, r8
100017b4:	46ce      	mov	lr, r9
100017b6:	b580      	push	{r7, lr}
100017b8:	1e0f      	subs	r7, r1, #0
100017ba:	d018      	beq.n	100017ee <rom_funcs_lookup+0x3e>
100017bc:	2314      	movs	r3, #20
100017be:	4699      	mov	r9, r3
100017c0:	3304      	adds	r3, #4
100017c2:	0004      	movs	r4, r0
100017c4:	2500      	movs	r5, #0
100017c6:	2601      	movs	r6, #1
100017c8:	4698      	mov	r8, r3
100017ca:	464b      	mov	r3, r9
100017cc:	8818      	ldrh	r0, [r3, #0]
100017ce:	4643      	mov	r3, r8
100017d0:	6821      	ldr	r1, [r4, #0]
100017d2:	881b      	ldrh	r3, [r3, #0]
100017d4:	4798      	blx	r3
100017d6:	c401      	stmia	r4!, {r0}
100017d8:	1e43      	subs	r3, r0, #1
100017da:	4198      	sbcs	r0, r3
100017dc:	3501      	adds	r5, #1
100017de:	4006      	ands	r6, r0
100017e0:	42af      	cmp	r7, r5
100017e2:	d1f2      	bne.n	100017ca <rom_funcs_lookup+0x1a>
100017e4:	0030      	movs	r0, r6
100017e6:	bcc0      	pop	{r6, r7}
100017e8:	46b9      	mov	r9, r7
100017ea:	46b0      	mov	r8, r6
100017ec:	bdf8      	pop	{r3, r4, r5, r6, r7, pc}
100017ee:	2601      	movs	r6, #1
100017f0:	e7f8      	b.n	100017e4 <rom_funcs_lookup+0x34>
100017f2:	46c0      	nop			@ (mov r8, r8)

100017f4 <rom_reset_usb_boot_extra>:
100017f4:	2300      	movs	r3, #0
100017f6:	b570      	push	{r4, r5, r6, lr}
100017f8:	0004      	movs	r4, r0
100017fa:	000d      	movs	r5, r1
100017fc:	8a98      	ldrh	r0, [r3, #20]
100017fe:	4905      	ldr	r1, [pc, #20]	@ (10001814 <rom_reset_usb_boot_extra+0x20>)
10001800:	8b1b      	ldrh	r3, [r3, #24]
10001802:	4798      	blx	r3
10001804:	0003      	movs	r3, r0
10001806:	2000      	movs	r0, #0
10001808:	2c00      	cmp	r4, #0
1000180a:	db01      	blt.n	10001810 <rom_reset_usb_boot_extra+0x1c>
1000180c:	3001      	adds	r0, #1
1000180e:	40a0      	lsls	r0, r4
10001810:	0029      	movs	r1, r5
10001812:	4798      	blx	r3
10001814:	00004255 	.word	0x00004255

10001818 <xosc_init>:
10001818:	23aa      	movs	r3, #170	@ 0xaa
1000181a:	4a06      	ldr	r2, [pc, #24]	@ (10001834 <xosc_init+0x1c>)
1000181c:	011b      	lsls	r3, r3, #4
1000181e:	6013      	str	r3, [r2, #0]
10001820:	238d      	movs	r3, #141	@ 0x8d
10001822:	005b      	lsls	r3, r3, #1
10001824:	60d3      	str	r3, [r2, #12]
10001826:	4904      	ldr	r1, [pc, #16]	@ (10001838 <xosc_init+0x20>)
10001828:	4b04      	ldr	r3, [pc, #16]	@ (1000183c <xosc_init+0x24>)
1000182a:	6019      	str	r1, [r3, #0]
1000182c:	6853      	ldr	r3, [r2, #4]
1000182e:	2b00      	cmp	r3, #0
10001830:	dafc      	bge.n	1000182c <xosc_init+0x14>
10001832:	4770      	bx	lr
10001834:	40024000 	.word	0x40024000
10001838:	00fab000 	.word	0x00fab000
1000183c:	40026000 	.word	0x40026000

10001840 <first_per_core_initializer>:
10001840:	4770      	bx	lr
10001842:	46c0      	nop			@ (mov r8, r8)

10001844 <hard_assertion_failure>:
10001844:	b510      	push	{r4, lr}
10001846:	4801      	ldr	r0, [pc, #4]	@ (1000184c <hard_assertion_failure+0x8>)
10001848:	f7fe ff80 	bl	1000074c <panic>
1000184c:	10006ebc 	.word	0x10006ebc

10001850 <runtime_run_initializers>:
10001850:	b570      	push	{r4, r5, r6, lr}
10001852:	4d07      	ldr	r5, [pc, #28]	@ (10001870 <runtime_run_initializers+0x20>)
10001854:	4e07      	ldr	r6, [pc, #28]	@ (10001874 <runtime_run_initializers+0x24>)
10001856:	42b5      	cmp	r5, r6
10001858:	d209      	bcs.n	1000186e <runtime_run_initializers+0x1e>
1000185a:	2400      	movs	r4, #0
1000185c:	3e01      	subs	r6, #1
1000185e:	1b76      	subs	r6, r6, r5
10001860:	08b6      	lsrs	r6, r6, #2
10001862:	cd08      	ldmia	r5!, {r3}
10001864:	4798      	blx	r3
10001866:	0023      	movs	r3, r4
10001868:	3401      	adds	r4, #1
1000186a:	42b3      	cmp	r3, r6
1000186c:	d1f9      	bne.n	10001862 <runtime_run_initializers+0x12>
1000186e:	bd70      	pop	{r4, r5, r6, pc}
10001870:	10006dc0 	.word	0x10006dc0
10001874:	10006dfc 	.word	0x10006dfc

10001878 <runtime_init_early_resets>:
10001878:	4b05      	ldr	r3, [pc, #20]	@ (10001890 <runtime_init_early_resets+0x18>)
1000187a:	4a06      	ldr	r2, [pc, #24]	@ (10001894 <runtime_init_early_resets+0x1c>)
1000187c:	4906      	ldr	r1, [pc, #24]	@ (10001898 <runtime_init_early_resets+0x20>)
1000187e:	601a      	str	r2, [r3, #0]
10001880:	4a06      	ldr	r2, [pc, #24]	@ (1000189c <runtime_init_early_resets+0x24>)
10001882:	4b07      	ldr	r3, [pc, #28]	@ (100018a0 <runtime_init_early_resets+0x28>)
10001884:	601a      	str	r2, [r3, #0]
10001886:	0010      	movs	r0, r2
10001888:	680b      	ldr	r3, [r1, #0]
1000188a:	4398      	bics	r0, r3
1000188c:	d1fb      	bne.n	10001886 <runtime_init_early_resets+0xe>
1000188e:	4770      	bx	lr
10001890:	4000e000 	.word	0x4000e000
10001894:	fefbcdbf 	.word	0xfefbcdbf
10001898:	4000c008 	.word	0x4000c008
1000189c:	003c7ffe 	.word	0x003c7ffe
100018a0:	4000f000 	.word	0x4000f000

100018a4 <runtime_init_usb_power_down>:
100018a4:	4b04      	ldr	r3, [pc, #16]	@ (100018b8 <runtime_init_usb_power_down+0x14>)
100018a6:	6cdb      	ldr	r3, [r3, #76]	@ 0x4c
100018a8:	2b00      	cmp	r3, #0
100018aa:	d103      	bne.n	100018b4 <runtime_init_usb_power_down+0x10>
100018ac:	2280      	movs	r2, #128	@ 0x80
100018ae:	4b03      	ldr	r3, [pc, #12]	@ (100018bc <runtime_init_usb_power_down+0x18>)
100018b0:	02d2      	lsls	r2, r2, #11
100018b2:	601a      	str	r2, [r3, #0]
100018b4:	4770      	bx	lr
100018b6:	46c0      	nop			@ (mov r8, r8)
100018b8:	50110000 	.word	0x50110000
100018bc:	5011204c 	.word	0x5011204c

100018c0 <runtime_init_post_clock_resets>:
100018c0:	4a04      	ldr	r2, [pc, #16]	@ (100018d4 <runtime_init_post_clock_resets+0x14>)
100018c2:	4b05      	ldr	r3, [pc, #20]	@ (100018d8 <runtime_init_post_clock_resets+0x18>)
100018c4:	601a      	str	r2, [r3, #0]
100018c6:	4a05      	ldr	r2, [pc, #20]	@ (100018dc <runtime_init_post_clock_resets+0x1c>)
100018c8:	6813      	ldr	r3, [r2, #0]
100018ca:	01db      	lsls	r3, r3, #7
100018cc:	3380      	adds	r3, #128	@ 0x80
100018ce:	d1fb      	bne.n	100018c8 <runtime_init_post_clock_resets+0x8>
100018d0:	4770      	bx	lr
100018d2:	46c0      	nop			@ (mov r8, r8)
100018d4:	01ffffff 	.word	0x01ffffff
100018d8:	4000f000 	.word	0x4000f000
100018dc:	4000c008 	.word	0x4000c008

100018e0 <runtime_init_rp2040_gpio_ie_disable>:
100018e0:	2240      	movs	r2, #64	@ 0x40
100018e2:	4b03      	ldr	r3, [pc, #12]	@ (100018f0 <runtime_init_rp2040_gpio_ie_disable+0x10>)
100018e4:	679a      	str	r2, [r3, #120]	@ 0x78
100018e6:	675a      	str	r2, [r3, #116]	@ 0x74
100018e8:	671a      	str	r2, [r3, #112]	@ 0x70
100018ea:	66da      	str	r2, [r3, #108]	@ 0x6c
100018ec:	4770      	bx	lr
100018ee:	46c0      	nop			@ (mov r8, r8)
100018f0:	4001f000 	.word	0x4001f000

100018f4 <runtime_init_spin_locks_reset>:
100018f4:	b510      	push	{r4, lr}
100018f6:	f7fe ffc5 	bl	10000884 <spin_locks_reset>
100018fa:	bd10      	pop	{r4, pc}

100018fc <runtime_init_install_ram_vector_table>:
100018fc:	b570      	push	{r4, r5, r6, lr}
100018fe:	4d04      	ldr	r5, [pc, #16]	@ (10001910 <runtime_init_install_ram_vector_table+0x14>)
10001900:	4c04      	ldr	r4, [pc, #16]	@ (10001914 <runtime_init_install_ram_vector_table+0x18>)
10001902:	68a9      	ldr	r1, [r5, #8]
10001904:	22c0      	movs	r2, #192	@ 0xc0
10001906:	0020      	movs	r0, r4
10001908:	f000 ff36 	bl	10002778 <__wrap___aeabi_memcpy>
1000190c:	60ac      	str	r4, [r5, #8]
1000190e:	bd70      	pop	{r4, r5, r6, pc}
10001910:	e000ed00 	.word	0xe000ed00
10001914:	20000000 	.word	0x20000000

10001918 <runtime_init_clocks>:
10001918:	2300      	movs	r3, #0
1000191a:	b510      	push	{r4, lr}
1000191c:	4c29      	ldr	r4, [pc, #164]	@ (100019c4 <runtime_init_clocks+0xac>)
1000191e:	b082      	sub	sp, #8
10001920:	67a3      	str	r3, [r4, #120]	@ 0x78
10001922:	f7ff ff79 	bl	10001818 <xosc_init>
10001926:	2201      	movs	r2, #1
10001928:	4b27      	ldr	r3, [pc, #156]	@ (100019c8 <runtime_init_clocks+0xb0>)
1000192a:	601a      	str	r2, [r3, #0]
1000192c:	6c63      	ldr	r3, [r4, #68]	@ 0x44
1000192e:	2b01      	cmp	r3, #1
10001930:	d1fc      	bne.n	1000192c <runtime_init_clocks+0x14>
10001932:	2203      	movs	r2, #3
10001934:	4b25      	ldr	r3, [pc, #148]	@ (100019cc <runtime_init_clocks+0xb4>)
10001936:	601a      	str	r2, [r3, #0]
10001938:	4a22      	ldr	r2, [pc, #136]	@ (100019c4 <runtime_init_clocks+0xac>)
1000193a:	6b93      	ldr	r3, [r2, #56]	@ 0x38
1000193c:	2b01      	cmp	r3, #1
1000193e:	d1fc      	bne.n	1000193a <runtime_init_clocks+0x22>
10001940:	3301      	adds	r3, #1
10001942:	9300      	str	r3, [sp, #0]
10001944:	2101      	movs	r1, #1
10001946:	4a22      	ldr	r2, [pc, #136]	@ (100019d0 <runtime_init_clocks+0xb8>)
10001948:	4822      	ldr	r0, [pc, #136]	@ (100019d4 <runtime_init_clocks+0xbc>)
1000194a:	3304      	adds	r3, #4
1000194c:	f7ff fe78 	bl	10001640 <pll_init>
10001950:	2305      	movs	r3, #5
10001952:	2101      	movs	r1, #1
10001954:	9300      	str	r3, [sp, #0]
10001956:	4a20      	ldr	r2, [pc, #128]	@ (100019d8 <runtime_init_clocks+0xc0>)
10001958:	4820      	ldr	r0, [pc, #128]	@ (100019dc <runtime_init_clocks+0xc4>)
1000195a:	f7ff fe71 	bl	10001640 <pll_init>
1000195e:	2200      	movs	r2, #0
10001960:	2102      	movs	r1, #2
10001962:	2004      	movs	r0, #4
10001964:	4b1e      	ldr	r3, [pc, #120]	@ (100019e0 <runtime_init_clocks+0xc8>)
10001966:	f7ff fdf1 	bl	1000154c <clock_configure_undivided>
1000196a:	2200      	movs	r2, #0
1000196c:	2101      	movs	r1, #1
1000196e:	2005      	movs	r0, #5
10001970:	4b1c      	ldr	r3, [pc, #112]	@ (100019e4 <runtime_init_clocks+0xcc>)
10001972:	f7ff fdeb 	bl	1000154c <clock_configure_undivided>
10001976:	2200      	movs	r2, #0
10001978:	2100      	movs	r1, #0
1000197a:	2007      	movs	r0, #7
1000197c:	4b1a      	ldr	r3, [pc, #104]	@ (100019e8 <runtime_init_clocks+0xd0>)
1000197e:	f7ff fde5 	bl	1000154c <clock_configure_undivided>
10001982:	2200      	movs	r2, #0
10001984:	2100      	movs	r1, #0
10001986:	2008      	movs	r0, #8
10001988:	4b17      	ldr	r3, [pc, #92]	@ (100019e8 <runtime_init_clocks+0xd0>)
1000198a:	f7ff fddf 	bl	1000154c <clock_configure_undivided>
1000198e:	2380      	movs	r3, #128	@ 0x80
10001990:	00db      	lsls	r3, r3, #3
10001992:	9300      	str	r3, [sp, #0]
10001994:	2200      	movs	r2, #0
10001996:	2100      	movs	r1, #0
10001998:	2009      	movs	r0, #9
1000199a:	4b13      	ldr	r3, [pc, #76]	@ (100019e8 <runtime_init_clocks+0xd0>)
1000199c:	f7ff fd5c 	bl	10001458 <clock_configure_int_divider>
100019a0:	2200      	movs	r2, #0
100019a2:	4b10      	ldr	r3, [pc, #64]	@ (100019e4 <runtime_init_clocks+0xcc>)
100019a4:	2100      	movs	r1, #0
100019a6:	2006      	movs	r0, #6
100019a8:	f7ff fdd0 	bl	1000154c <clock_configure_undivided>
100019ac:	2004      	movs	r0, #4
100019ae:	f7ff fe41 	bl	10001634 <clock_get_hz>
100019b2:	490e      	ldr	r1, [pc, #56]	@ (100019ec <runtime_init_clocks+0xd4>)
100019b4:	f000 f84c 	bl	10001a50 <__wrap___aeabi_uidiv>
100019b8:	0001      	movs	r1, r0
100019ba:	2000      	movs	r0, #0
100019bc:	f7ff fee0 	bl	10001780 <tick_start>
100019c0:	b002      	add	sp, #8
100019c2:	bd10      	pop	{r4, pc}
100019c4:	40008000 	.word	0x40008000
100019c8:	4000b03c 	.word	0x4000b03c
100019cc:	4000b030 	.word	0x4000b030
100019d0:	59682f00 	.word	0x59682f00
100019d4:	40028000 	.word	0x40028000
100019d8:	47868c00 	.word	0x47868c00
100019dc:	4002c000 	.word	0x4002c000
100019e0:	00b71b00 	.word	0x00b71b00
100019e4:	07735940 	.word	0x07735940
100019e8:	02dc6c00 	.word	0x02dc6c00
100019ec:	000f4240 	.word	0x000f4240

100019f0 <__aeabi_bits_init>:
100019f0:	4801      	ldr	r0, [pc, #4]	@ (100019f8 <__aeabi_bits_init+0x8>)
100019f2:	2104      	movs	r1, #4
100019f4:	4b01      	ldr	r3, [pc, #4]	@ (100019fc <__aeabi_bits_init+0xc>)
100019f6:	4718      	bx	r3
100019f8:	20001000 	.word	0x20001000
100019fc:	100017b1 	.word	0x100017b1

10001a00 <__wrap___aeabi_idiv>:
10001a00:	4a12      	ldr	r2, [pc, #72]	@ (10001a4c <divmod_s32s32_savestate+0x18>)
10001a02:	6f93      	ldr	r3, [r2, #120]	@ 0x78
10001a04:	089b      	lsrs	r3, r3, #2
10001a06:	d215      	bcs.n	10001a34 <divmod_s32s32_savestate>

10001a08 <divmod_s32s32_unsafe>:
10001a08:	6690      	str	r0, [r2, #104]	@ 0x68
10001a0a:	66d1      	str	r1, [r2, #108]	@ 0x6c
10001a0c:	2900      	cmp	r1, #0
10001a0e:	d005      	beq.n	10001a1c <divmod_s32s32_unsafe+0x14>
10001a10:	e7ff      	b.n	10001a12 <divmod_s32s32_unsafe+0xa>
10001a12:	e7ff      	b.n	10001a14 <divmod_s32s32_unsafe+0xc>
10001a14:	e7ff      	b.n	10001a16 <divmod_s32s32_unsafe+0xe>
10001a16:	6f51      	ldr	r1, [r2, #116]	@ 0x74
10001a18:	6f10      	ldr	r0, [r2, #112]	@ 0x70
10001a1a:	4770      	bx	lr
10001a1c:	b504      	push	{r2, lr}
10001a1e:	2180      	movs	r1, #128	@ 0x80
10001a20:	0609      	lsls	r1, r1, #24
10001a22:	17c2      	asrs	r2, r0, #31
10001a24:	4051      	eors	r1, r2
10001a26:	2800      	cmp	r0, #0
10001a28:	d000      	beq.n	10001a2c <divmod_s32s32_unsafe+0x24>
10001a2a:	43c8      	mvns	r0, r1
10001a2c:	f005 f988 	bl	10006d40 <____aeabi_idiv0_veneer>
10001a30:	2100      	movs	r1, #0
10001a32:	bd04      	pop	{r2, pc}

10001a34 <divmod_s32s32_savestate>:
10001a34:	b5f0      	push	{r4, r5, r6, r7, lr}
10001a36:	6e14      	ldr	r4, [r2, #96]	@ 0x60
10001a38:	6e55      	ldr	r5, [r2, #100]	@ 0x64
10001a3a:	6f57      	ldr	r7, [r2, #116]	@ 0x74
10001a3c:	6f16      	ldr	r6, [r2, #112]	@ 0x70
10001a3e:	f7ff ffe3 	bl	10001a08 <divmod_s32s32_unsafe>
10001a42:	6614      	str	r4, [r2, #96]	@ 0x60
10001a44:	6655      	str	r5, [r2, #100]	@ 0x64
10001a46:	6757      	str	r7, [r2, #116]	@ 0x74
10001a48:	6716      	str	r6, [r2, #112]	@ 0x70
10001a4a:	bdf0      	pop	{r4, r5, r6, r7, pc}
10001a4c:	d0000000 	.word	0xd0000000

10001a50 <__wrap___aeabi_uidiv>:
10001a50:	4a11      	ldr	r2, [pc, #68]	@ (10001a98 <divmod_u32u32_savestate+0x18>)
10001a52:	6f93      	ldr	r3, [r2, #120]	@ 0x78
10001a54:	089b      	lsrs	r3, r3, #2
10001a56:	d213      	bcs.n	10001a80 <divmod_u32u32_savestate>

10001a58 <divmod_u32u32_unsafe>:
10001a58:	6610      	str	r0, [r2, #96]	@ 0x60
10001a5a:	6651      	str	r1, [r2, #100]	@ 0x64
10001a5c:	2900      	cmp	r1, #0
10001a5e:	d005      	beq.n	10001a6c <divmod_u32u32_unsafe+0x14>
10001a60:	e7ff      	b.n	10001a62 <divmod_u32u32_unsafe+0xa>
10001a62:	e7ff      	b.n	10001a64 <divmod_u32u32_unsafe+0xc>
10001a64:	e7ff      	b.n	10001a66 <divmod_u32u32_unsafe+0xe>
10001a66:	6f51      	ldr	r1, [r2, #116]	@ 0x74
10001a68:	6f10      	ldr	r0, [r2, #112]	@ 0x70
10001a6a:	4770      	bx	lr
10001a6c:	b504      	push	{r2, lr}
10001a6e:	2800      	cmp	r0, #0
10001a70:	d001      	beq.n	10001a76 <divmod_u32u32_unsafe+0x1e>
10001a72:	2000      	movs	r0, #0
10001a74:	43c0      	mvns	r0, r0
10001a76:	f005 f963 	bl	10006d40 <____aeabi_idiv0_veneer>
10001a7a:	2100      	movs	r1, #0
10001a7c:	bd04      	pop	{r2, pc}
10001a7e:	46c0      	nop			@ (mov r8, r8)

10001a80 <divmod_u32u32_savestate>:
10001a80:	b5f0      	push	{r4, r5, r6, r7, lr}
10001a82:	6e14      	ldr	r4, [r2, #96]	@ 0x60
10001a84:	6e55      	ldr	r5, [r2, #100]	@ 0x64
10001a86:	6f57      	ldr	r7, [r2, #116]	@ 0x74
10001a88:	6f16      	ldr	r6, [r2, #112]	@ 0x70
10001a8a:	f7ff ffe5 	bl	10001a58 <divmod_u32u32_unsafe>
10001a8e:	6614      	str	r4, [r2, #96]	@ 0x60
10001a90:	6655      	str	r5, [r2, #100]	@ 0x64
10001a92:	6757      	str	r7, [r2, #116]	@ 0x74
10001a94:	6716      	str	r6, [r2, #112]	@ 0x70
10001a96:	bdf0      	pop	{r4, r5, r6, r7, pc}
10001a98:	d0000000 	.word	0xd0000000

10001a9c <__wrap___aeabi_ldivmod>:
10001a9c:	4694      	mov	ip, r2
10001a9e:	4a4a      	ldr	r2, [pc, #296]	@ (10001bc8 <udiv0+0x1a>)
10001aa0:	6f92      	ldr	r2, [r2, #120]	@ 0x78
10001aa2:	0892      	lsrs	r2, r2, #2
10001aa4:	4662      	mov	r2, ip
10001aa6:	d201      	bcs.n	10001aac <divmod_s64s64_savestate>
10001aa8:	e028      	b.n	10001afc <divmod_s64s64_unsafe>
10001aaa:	46c0      	nop			@ (mov r8, r8)

10001aac <divmod_s64s64_savestate>:
10001aac:	b5f0      	push	{r4, r5, r6, r7, lr}
10001aae:	4e46      	ldr	r6, [pc, #280]	@ (10001bc8 <udiv0+0x1a>)
10001ab0:	6e34      	ldr	r4, [r6, #96]	@ 0x60
10001ab2:	6e75      	ldr	r5, [r6, #100]	@ 0x64
10001ab4:	6f77      	ldr	r7, [r6, #116]	@ 0x74
10001ab6:	6f36      	ldr	r6, [r6, #112]	@ 0x70
10001ab8:	f000 f820 	bl	10001afc <divmod_s64s64_unsafe>
10001abc:	4694      	mov	ip, r2
10001abe:	4a42      	ldr	r2, [pc, #264]	@ (10001bc8 <udiv0+0x1a>)
10001ac0:	6614      	str	r4, [r2, #96]	@ 0x60
10001ac2:	6655      	str	r5, [r2, #100]	@ 0x64
10001ac4:	6757      	str	r7, [r2, #116]	@ 0x74
10001ac6:	6716      	str	r6, [r2, #112]	@ 0x70
10001ac8:	4662      	mov	r2, ip
10001aca:	bdf0      	pop	{r4, r5, r6, r7, pc}

10001acc <__wrap___aeabi_uldivmod>:
10001acc:	4694      	mov	ip, r2
10001ace:	4a3e      	ldr	r2, [pc, #248]	@ (10001bc8 <udiv0+0x1a>)
10001ad0:	6f92      	ldr	r2, [r2, #120]	@ 0x78
10001ad2:	0892      	lsrs	r2, r2, #2
10001ad4:	4662      	mov	r2, ip
10001ad6:	d201      	bcs.n	10001adc <divmod_u64u64_savestate>
10001ad8:	e054      	b.n	10001b84 <divmod_u64u64_unsafe>
10001ada:	46c0      	nop			@ (mov r8, r8)

10001adc <divmod_u64u64_savestate>:
10001adc:	b5f0      	push	{r4, r5, r6, r7, lr}
10001ade:	4e3a      	ldr	r6, [pc, #232]	@ (10001bc8 <udiv0+0x1a>)
10001ae0:	6e34      	ldr	r4, [r6, #96]	@ 0x60
10001ae2:	6e75      	ldr	r5, [r6, #100]	@ 0x64
10001ae4:	6f77      	ldr	r7, [r6, #116]	@ 0x74
10001ae6:	6f36      	ldr	r6, [r6, #112]	@ 0x70
10001ae8:	f000 f84c 	bl	10001b84 <divmod_u64u64_unsafe>
10001aec:	4694      	mov	ip, r2
10001aee:	4a36      	ldr	r2, [pc, #216]	@ (10001bc8 <udiv0+0x1a>)
10001af0:	6614      	str	r4, [r2, #96]	@ 0x60
10001af2:	6655      	str	r5, [r2, #100]	@ 0x64
10001af4:	6757      	str	r7, [r2, #116]	@ 0x74
10001af6:	6716      	str	r6, [r2, #112]	@ 0x70
10001af8:	4662      	mov	r2, ip
10001afa:	bdf0      	pop	{r4, r5, r6, r7, pc}

10001afc <divmod_s64s64_unsafe>:
10001afc:	2b00      	cmp	r3, #0
10001afe:	db24      	blt.n	10001b4a <l42_1+0x26>
10001b00:	d011      	beq.n	10001b26 <l42_1+0x2>
10001b02:	2900      	cmp	r1, #0
10001b04:	da3e      	bge.n	10001b84 <divmod_u64u64_unsafe>
10001b06:	b500      	push	{lr}
10001b08:	43c9      	mvns	r1, r1
10001b0a:	4240      	negs	r0, r0
10001b0c:	d100      	bne.n	10001b10 <l40_1>
10001b0e:	3101      	adds	r1, #1

10001b10 <l40_1>:
10001b10:	f000 f838 	bl	10001b84 <divmod_u64u64_unsafe>
10001b14:	43c9      	mvns	r1, r1
10001b16:	4240      	negs	r0, r0
10001b18:	d100      	bne.n	10001b1c <l41_1>
10001b1a:	3101      	adds	r1, #1

10001b1c <l41_1>:
10001b1c:	43db      	mvns	r3, r3
10001b1e:	4252      	negs	r2, r2
10001b20:	d100      	bne.n	10001b24 <l42_1>
10001b22:	3301      	adds	r3, #1

10001b24 <l42_1>:
10001b24:	bd00      	pop	{pc}
10001b26:	2a00      	cmp	r2, #0
10001b28:	d1eb      	bne.n	10001b02 <divmod_s64s64_unsafe+0x6>
10001b2a:	2800      	cmp	r0, #0
10001b2c:	d101      	bne.n	10001b32 <l42_1+0xe>
10001b2e:	2900      	cmp	r1, #0
10001b30:	d005      	beq.n	10001b3e <l42_1+0x1a>
10001b32:	2000      	movs	r0, #0
10001b34:	0fc9      	lsrs	r1, r1, #31
10001b36:	07c9      	lsls	r1, r1, #31
10001b38:	d101      	bne.n	10001b3e <l42_1+0x1a>
10001b3a:	43c0      	mvns	r0, r0
10001b3c:	0841      	lsrs	r1, r0, #1
10001b3e:	b500      	push	{lr}
10001b40:	f005 f8ee 	bl	10006d20 <____aeabi_ldiv0_veneer>
10001b44:	2200      	movs	r2, #0
10001b46:	2300      	movs	r3, #0
10001b48:	bd00      	pop	{pc}
10001b4a:	b500      	push	{lr}
10001b4c:	2900      	cmp	r1, #0
10001b4e:	db0a      	blt.n	10001b66 <l44_1+0x2>
10001b50:	43db      	mvns	r3, r3
10001b52:	4252      	negs	r2, r2
10001b54:	d100      	bne.n	10001b58 <l43_1>
10001b56:	3301      	adds	r3, #1

10001b58 <l43_1>:
10001b58:	f000 f814 	bl	10001b84 <divmod_u64u64_unsafe>
10001b5c:	43c9      	mvns	r1, r1
10001b5e:	4240      	negs	r0, r0
10001b60:	d100      	bne.n	10001b64 <l44_1>
10001b62:	3101      	adds	r1, #1

10001b64 <l44_1>:
10001b64:	bd00      	pop	{pc}
10001b66:	43c9      	mvns	r1, r1
10001b68:	4240      	negs	r0, r0
10001b6a:	d100      	bne.n	10001b6e <l45_1>
10001b6c:	3101      	adds	r1, #1

10001b6e <l45_1>:
10001b6e:	43db      	mvns	r3, r3
10001b70:	4252      	negs	r2, r2
10001b72:	d100      	bne.n	10001b76 <l46_1>
10001b74:	3301      	adds	r3, #1

10001b76 <l46_1>:
10001b76:	f000 f805 	bl	10001b84 <divmod_u64u64_unsafe>
10001b7a:	43db      	mvns	r3, r3
10001b7c:	4252      	negs	r2, r2
10001b7e:	d100      	bne.n	10001b82 <l47_1>
10001b80:	3301      	adds	r3, #1

10001b82 <l47_1>:
10001b82:	bd00      	pop	{pc}

10001b84 <divmod_u64u64_unsafe>:
10001b84:	2900      	cmp	r1, #0
10001b86:	d123      	bne.n	10001bd0 <y64>
10001b88:	2b00      	cmp	r3, #0
10001b8a:	d118      	bne.n	10001bbe <udiv0+0x10>
10001b8c:	2a00      	cmp	r2, #0
10001b8e:	d00c      	beq.n	10001baa <divmod_u64u64_unsafe+0x26>
10001b90:	46bc      	mov	ip, r7
10001b92:	4f0d      	ldr	r7, [pc, #52]	@ (10001bc8 <udiv0+0x1a>)
10001b94:	6638      	str	r0, [r7, #96]	@ 0x60
10001b96:	667a      	str	r2, [r7, #100]	@ 0x64
10001b98:	2100      	movs	r1, #0
10001b9a:	2300      	movs	r3, #0
10001b9c:	e7ff      	b.n	10001b9e <divmod_u64u64_unsafe+0x1a>
10001b9e:	e7ff      	b.n	10001ba0 <divmod_u64u64_unsafe+0x1c>
10001ba0:	e7ff      	b.n	10001ba2 <divmod_u64u64_unsafe+0x1e>
10001ba2:	6f7a      	ldr	r2, [r7, #116]	@ 0x74
10001ba4:	6f38      	ldr	r0, [r7, #112]	@ 0x70
10001ba6:	4667      	mov	r7, ip
10001ba8:	4770      	bx	lr
10001baa:	2800      	cmp	r0, #0
10001bac:	d001      	beq.n	10001bb2 <udiv0+0x4>

10001bae <udiv0>:
10001bae:	4807      	ldr	r0, [pc, #28]	@ (10001bcc <udiv0+0x1e>)
10001bb0:	0001      	movs	r1, r0
10001bb2:	b500      	push	{lr}
10001bb4:	f005 f8b4 	bl	10006d20 <____aeabi_ldiv0_veneer>
10001bb8:	2200      	movs	r2, #0
10001bba:	2300      	movs	r3, #0
10001bbc:	bd00      	pop	{pc}
10001bbe:	0002      	movs	r2, r0
10001bc0:	000b      	movs	r3, r1
10001bc2:	2000      	movs	r0, #0
10001bc4:	2100      	movs	r1, #0
10001bc6:	4770      	bx	lr
10001bc8:	d0000000 	.word	0xd0000000
10001bcc:	ffffffff 	.word	0xffffffff

10001bd0 <y64>:
10001bd0:	2b00      	cmp	r3, #0
10001bd2:	d000      	beq.n	10001bd6 <y64+0x6>
10001bd4:	e0bf      	b.n	10001d56 <y64_x48>
10001bd6:	0c13      	lsrs	r3, r2, #16
10001bd8:	d128      	bne.n	10001c2c <y64_x32>
10001bda:	2a00      	cmp	r2, #0
10001bdc:	d0e7      	beq.n	10001bae <udiv0>
10001bde:	b480      	push	{r7}
10001be0:	4f11      	ldr	r7, [pc, #68]	@ (10001c28 <y64+0x58>)
10001be2:	6639      	str	r1, [r7, #96]	@ 0x60
10001be4:	667a      	str	r2, [r7, #100]	@ 0x64
10001be6:	e7ff      	b.n	10001be8 <y64+0x18>
10001be8:	e7ff      	b.n	10001bea <y64+0x1a>
10001bea:	b430      	push	{r4, r5}
10001bec:	0c04      	lsrs	r4, r0, #16
10001bee:	6f7b      	ldr	r3, [r7, #116]	@ 0x74
10001bf0:	6f39      	ldr	r1, [r7, #112]	@ 0x70
10001bf2:	041b      	lsls	r3, r3, #16
10001bf4:	4323      	orrs	r3, r4
10001bf6:	663b      	str	r3, [r7, #96]	@ 0x60
10001bf8:	667a      	str	r2, [r7, #100]	@ 0x64
10001bfa:	e7ff      	b.n	10001bfc <y64+0x2c>
10001bfc:	e7ff      	b.n	10001bfe <y64+0x2e>
10001bfe:	e7ff      	b.n	10001c00 <y64+0x30>
10001c00:	46c0      	nop			@ (mov r8, r8)
10001c02:	b284      	uxth	r4, r0
10001c04:	6f7b      	ldr	r3, [r7, #116]	@ 0x74
10001c06:	6f3d      	ldr	r5, [r7, #112]	@ 0x70
10001c08:	041b      	lsls	r3, r3, #16
10001c0a:	4323      	orrs	r3, r4
10001c0c:	663b      	str	r3, [r7, #96]	@ 0x60
10001c0e:	667a      	str	r2, [r7, #100]	@ 0x64
10001c10:	e7ff      	b.n	10001c12 <y64+0x42>
10001c12:	e7ff      	b.n	10001c14 <y64+0x44>
10001c14:	46c0      	nop			@ (mov r8, r8)
10001c16:	2300      	movs	r3, #0
10001c18:	042c      	lsls	r4, r5, #16
10001c1a:	0c2d      	lsrs	r5, r5, #16
10001c1c:	6f7a      	ldr	r2, [r7, #116]	@ 0x74
10001c1e:	6f38      	ldr	r0, [r7, #112]	@ 0x70
10001c20:	1900      	adds	r0, r0, r4
10001c22:	4169      	adcs	r1, r5
10001c24:	bcb0      	pop	{r4, r5, r7}
10001c26:	4770      	bx	lr
10001c28:	d0000000 	.word	0xd0000000

10001c2c <y64_x32>:
10001c2c:	b5f0      	push	{r4, r5, r6, r7, lr}
10001c2e:	4694      	mov	ip, r2
10001c30:	2500      	movs	r5, #0
10001c32:	0e14      	lsrs	r4, r2, #24
10001c34:	d101      	bne.n	10001c3a <y64_x32+0xe>
10001c36:	0212      	lsls	r2, r2, #8
10001c38:	3508      	adds	r5, #8
10001c3a:	0f14      	lsrs	r4, r2, #28
10001c3c:	d101      	bne.n	10001c42 <y64_x32+0x16>
10001c3e:	0112      	lsls	r2, r2, #4
10001c40:	3504      	adds	r5, #4
10001c42:	0f94      	lsrs	r4, r2, #30
10001c44:	d101      	bne.n	10001c4a <y64_x32+0x1e>
10001c46:	0092      	lsls	r2, r2, #2
10001c48:	3502      	adds	r5, #2
10001c4a:	0fd4      	lsrs	r4, r2, #31
10001c4c:	d101      	bne.n	10001c52 <y64_x32+0x26>
10001c4e:	0052      	lsls	r2, r2, #1
10001c50:	3501      	adds	r5, #1
10001c52:	0bd4      	lsrs	r4, r2, #15
10001c54:	3401      	adds	r4, #1
10001c56:	4f25      	ldr	r7, [pc, #148]	@ (10001cec <y64_x32+0xc0>)
10001c58:	667c      	str	r4, [r7, #100]	@ 0x64
10001c5a:	4c25      	ldr	r4, [pc, #148]	@ (10001cf0 <y64_x32+0xc4>)
10001c5c:	663c      	str	r4, [r7, #96]	@ 0x60
10001c5e:	0c0e      	lsrs	r6, r1, #16
10001c60:	b293      	uxth	r3, r2
10001c62:	e7ff      	b.n	10001c64 <y64_x32+0x38>
10001c64:	e7ff      	b.n	10001c66 <y64_x32+0x3a>
10001c66:	e7ff      	b.n	10001c68 <y64_x32+0x3c>
10001c68:	6f3c      	ldr	r4, [r7, #112]	@ 0x70
10001c6a:	4366      	muls	r6, r4
10001c6c:	0c36      	lsrs	r6, r6, #16
10001c6e:	0377      	lsls	r7, r6, #13
10001c70:	46be      	mov	lr, r7
10001c72:	4373      	muls	r3, r6
10001c74:	0bdf      	lsrs	r7, r3, #15
10001c76:	045b      	lsls	r3, r3, #17
10001c78:	1ac0      	subs	r0, r0, r3
10001c7a:	41b9      	sbcs	r1, r7
10001c7c:	0c13      	lsrs	r3, r2, #16
10001c7e:	4373      	muls	r3, r6
10001c80:	18db      	adds	r3, r3, r3
10001c82:	1ac9      	subs	r1, r1, r3
10001c84:	08ce      	lsrs	r6, r1, #3
10001c86:	4366      	muls	r6, r4
10001c88:	0c36      	lsrs	r6, r6, #16
10001c8a:	44b6      	add	lr, r6
10001c8c:	b293      	uxth	r3, r2
10001c8e:	4373      	muls	r3, r6
10001c90:	0f1f      	lsrs	r7, r3, #28
10001c92:	011b      	lsls	r3, r3, #4
10001c94:	1ac0      	subs	r0, r0, r3
10001c96:	41b9      	sbcs	r1, r7
10001c98:	0c13      	lsrs	r3, r2, #16
10001c9a:	4373      	muls	r3, r6
10001c9c:	0b1f      	lsrs	r7, r3, #12
10001c9e:	051b      	lsls	r3, r3, #20
10001ca0:	1ac0      	subs	r0, r0, r3
10001ca2:	41b9      	sbcs	r1, r7
10001ca4:	0d86      	lsrs	r6, r0, #22
10001ca6:	028f      	lsls	r7, r1, #10
10001ca8:	433e      	orrs	r6, r7
10001caa:	4366      	muls	r6, r4
10001cac:	0c36      	lsrs	r6, r6, #16
10001cae:	2d09      	cmp	r5, #9
10001cb0:	db24      	blt.n	10001cfc <last0>
10001cb2:	0a52      	lsrs	r2, r2, #9
10001cb4:	4372      	muls	r2, r6
10001cb6:	1a80      	subs	r0, r0, r2
10001cb8:	0377      	lsls	r7, r6, #13
10001cba:	0a46      	lsrs	r6, r0, #9
10001cbc:	4366      	muls	r6, r4
10001cbe:	0c36      	lsrs	r6, r6, #16
10001cc0:	2316      	movs	r3, #22
10001cc2:	1b5b      	subs	r3, r3, r5
10001cc4:	40de      	lsrs	r6, r3
10001cc6:	40df      	lsrs	r7, r3
10001cc8:	19bf      	adds	r7, r7, r6
10001cca:	4664      	mov	r4, ip
10001ccc:	4366      	muls	r6, r4
10001cce:	1b82      	subs	r2, r0, r6
10001cd0:	4670      	mov	r0, lr
10001cd2:	3504      	adds	r5, #4
10001cd4:	3306      	adds	r3, #6
10001cd6:	0001      	movs	r1, r0
10001cd8:	40d9      	lsrs	r1, r3
10001cda:	40a8      	lsls	r0, r5
10001cdc:	19c0      	adds	r0, r0, r7
10001cde:	d300      	bcc.n	10001ce2 <y64_x32+0xb6>
10001ce0:	3101      	adds	r1, #1
10001ce2:	42a2      	cmp	r2, r4
10001ce4:	d206      	bcs.n	10001cf4 <y64_x32+0xc8>
10001ce6:	2300      	movs	r3, #0
10001ce8:	bdf0      	pop	{r4, r5, r6, r7, pc}
10001cea:	0000      	.short	0x0000
10001cec:	d0000000 	.word	0xd0000000
10001cf0:	ffffffff 	.word	0xffffffff
10001cf4:	1b12      	subs	r2, r2, r4
10001cf6:	3001      	adds	r0, #1
10001cf8:	d3f3      	bcc.n	10001ce2 <y64_x32+0xb6>
10001cfa:	e7f1      	b.n	10001ce0 <y64_x32+0xb4>

10001cfc <last0>:
10001cfc:	2709      	movs	r7, #9
10001cfe:	1b7f      	subs	r7, r7, r5
10001d00:	40fe      	lsrs	r6, r7
10001d02:	4664      	mov	r4, ip
10001d04:	b2a2      	uxth	r2, r4
10001d06:	4372      	muls	r2, r6
10001d08:	1a80      	subs	r0, r0, r2
10001d0a:	d200      	bcs.n	10001d0e <last0+0x12>
10001d0c:	3901      	subs	r1, #1
10001d0e:	0c22      	lsrs	r2, r4, #16
10001d10:	4372      	muls	r2, r6
10001d12:	0c13      	lsrs	r3, r2, #16
10001d14:	0412      	lsls	r2, r2, #16
10001d16:	1a82      	subs	r2, r0, r2
10001d18:	4199      	sbcs	r1, r3
10001d1a:	000b      	movs	r3, r1
10001d1c:	4670      	mov	r0, lr
10001d1e:	3504      	adds	r5, #4
10001d20:	3713      	adds	r7, #19
10001d22:	0001      	movs	r1, r0
10001d24:	40f9      	lsrs	r1, r7
10001d26:	40a8      	lsls	r0, r5
10001d28:	1980      	adds	r0, r0, r6
10001d2a:	d300      	bcc.n	10001d2e <last0+0x32>
10001d2c:	3101      	adds	r1, #1
10001d2e:	2b00      	cmp	r3, #0
10001d30:	d102      	bne.n	10001d38 <last0+0x3c>
10001d32:	42a2      	cmp	r2, r4
10001d34:	d20a      	bcs.n	10001d4c <last0+0x50>
10001d36:	bdf0      	pop	{r4, r5, r6, r7, pc}
10001d38:	3001      	adds	r0, #1
10001d3a:	d300      	bcc.n	10001d3e <last0+0x42>
10001d3c:	3101      	adds	r1, #1
10001d3e:	1b12      	subs	r2, r2, r4
10001d40:	d2fa      	bcs.n	10001d38 <last0+0x3c>
10001d42:	3b01      	subs	r3, #1
10001d44:	d1f8      	bne.n	10001d38 <last0+0x3c>
10001d46:	42a2      	cmp	r2, r4
10001d48:	d200      	bcs.n	10001d4c <last0+0x50>
10001d4a:	bdf0      	pop	{r4, r5, r6, r7, pc}
10001d4c:	3001      	adds	r0, #1
10001d4e:	d300      	bcc.n	10001d52 <last0+0x56>
10001d50:	3101      	adds	r1, #1
10001d52:	1b12      	subs	r2, r2, r4
10001d54:	e7f7      	b.n	10001d46 <last0+0x4a>

10001d56 <y64_x48>:
10001d56:	b5f0      	push	{r4, r5, r6, r7, lr}
10001d58:	0c1c      	lsrs	r4, r3, #16
10001d5a:	d000      	beq.n	10001d5e <y64_x48+0x8>
10001d5c:	e080      	b.n	10001e60 <y64_x64>
10001d5e:	b40c      	push	{r2, r3}
10001d60:	2500      	movs	r5, #0
10001d62:	0a1c      	lsrs	r4, r3, #8
10001d64:	d104      	bne.n	10001d70 <y64_x48+0x1a>
10001d66:	021b      	lsls	r3, r3, #8
10001d68:	0e16      	lsrs	r6, r2, #24
10001d6a:	4333      	orrs	r3, r6
10001d6c:	0212      	lsls	r2, r2, #8
10001d6e:	3508      	adds	r5, #8
10001d70:	0b1c      	lsrs	r4, r3, #12
10001d72:	d104      	bne.n	10001d7e <y64_x48+0x28>
10001d74:	011b      	lsls	r3, r3, #4
10001d76:	0f16      	lsrs	r6, r2, #28
10001d78:	4333      	orrs	r3, r6
10001d7a:	0112      	lsls	r2, r2, #4
10001d7c:	3504      	adds	r5, #4
10001d7e:	0b9c      	lsrs	r4, r3, #14
10001d80:	d104      	bne.n	10001d8c <y64_x48+0x36>
10001d82:	009b      	lsls	r3, r3, #2
10001d84:	0f96      	lsrs	r6, r2, #30
10001d86:	4333      	orrs	r3, r6
10001d88:	0092      	lsls	r2, r2, #2
10001d8a:	3502      	adds	r5, #2
10001d8c:	0bdc      	lsrs	r4, r3, #15
10001d8e:	d102      	bne.n	10001d96 <y64_x48+0x40>
10001d90:	1892      	adds	r2, r2, r2
10001d92:	415b      	adcs	r3, r3
10001d94:	3501      	adds	r5, #1
10001d96:	001c      	movs	r4, r3
10001d98:	1897      	adds	r7, r2, r2
10001d9a:	4164      	adcs	r4, r4
10001d9c:	3401      	adds	r4, #1
10001d9e:	4f46      	ldr	r7, [pc, #280]	@ (10001eb8 <y64_x64+0x58>)
10001da0:	667c      	str	r4, [r7, #100]	@ 0x64
10001da2:	4c46      	ldr	r4, [pc, #280]	@ (10001ebc <y64_x64+0x5c>)
10001da4:	663c      	str	r4, [r7, #96]	@ 0x60
10001da6:	0c0e      	lsrs	r6, r1, #16
10001da8:	e7ff      	b.n	10001daa <y64_x48+0x54>
10001daa:	e7ff      	b.n	10001dac <y64_x48+0x56>
10001dac:	e7ff      	b.n	10001dae <y64_x48+0x58>
10001dae:	46c0      	nop			@ (mov r8, r8)
10001db0:	6f3c      	ldr	r4, [r7, #112]	@ 0x70
10001db2:	4366      	muls	r6, r4
10001db4:	0c36      	lsrs	r6, r6, #16
10001db6:	0377      	lsls	r7, r6, #13
10001db8:	46be      	mov	lr, r7
10001dba:	b297      	uxth	r7, r2
10001dbc:	4377      	muls	r7, r6
10001dbe:	1bc0      	subs	r0, r0, r7
10001dc0:	d200      	bcs.n	10001dc4 <y64_x48+0x6e>
10001dc2:	3901      	subs	r1, #1
10001dc4:	1bc0      	subs	r0, r0, r7
10001dc6:	d200      	bcs.n	10001dca <y64_x48+0x74>
10001dc8:	3901      	subs	r1, #1
10001dca:	b29f      	uxth	r7, r3
10001dcc:	4377      	muls	r7, r6
10001dce:	1bc9      	subs	r1, r1, r7
10001dd0:	1bc9      	subs	r1, r1, r7
10001dd2:	0c17      	lsrs	r7, r2, #16
10001dd4:	4377      	muls	r7, r6
10001dd6:	047e      	lsls	r6, r7, #17
10001dd8:	0bff      	lsrs	r7, r7, #15
10001dda:	1b80      	subs	r0, r0, r6
10001ddc:	41b9      	sbcs	r1, r7
10001dde:	08ce      	lsrs	r6, r1, #3
10001de0:	4366      	muls	r6, r4
10001de2:	0c36      	lsrs	r6, r6, #16
10001de4:	2d0c      	cmp	r5, #12
10001de6:	db33      	blt.n	10001e50 <last1>
10001de8:	44b6      	add	lr, r6
10001dea:	0b12      	lsrs	r2, r2, #12
10001dec:	051f      	lsls	r7, r3, #20
10001dee:	433a      	orrs	r2, r7
10001df0:	0b1b      	lsrs	r3, r3, #12
10001df2:	b297      	uxth	r7, r2
10001df4:	4377      	muls	r7, r6
10001df6:	1bc0      	subs	r0, r0, r7
10001df8:	d200      	bcs.n	10001dfc <y64_x48+0xa6>
10001dfa:	3901      	subs	r1, #1
10001dfc:	b29f      	uxth	r7, r3
10001dfe:	4377      	muls	r7, r6
10001e00:	1bc9      	subs	r1, r1, r7
10001e02:	0c17      	lsrs	r7, r2, #16
10001e04:	4377      	muls	r7, r6
10001e06:	043e      	lsls	r6, r7, #16
10001e08:	0c3f      	lsrs	r7, r7, #16
10001e0a:	1b80      	subs	r0, r0, r6
10001e0c:	41b9      	sbcs	r1, r7
10001e0e:	0d86      	lsrs	r6, r0, #22
10001e10:	028f      	lsls	r7, r1, #10
10001e12:	433e      	orrs	r6, r7
10001e14:	4366      	muls	r6, r4
10001e16:	2729      	movs	r7, #41	@ 0x29
10001e18:	1b7f      	subs	r7, r7, r5
10001e1a:	40fe      	lsrs	r6, r7
10001e1c:	3d0c      	subs	r5, #12
10001e1e:	4677      	mov	r7, lr
10001e20:	40af      	lsls	r7, r5
10001e22:	19bf      	adds	r7, r7, r6
10001e24:	bc30      	pop	{r4, r5}
10001e26:	b2a2      	uxth	r2, r4
10001e28:	b2ab      	uxth	r3, r5
10001e2a:	4372      	muls	r2, r6
10001e2c:	4373      	muls	r3, r6
10001e2e:	1a80      	subs	r0, r0, r2
10001e30:	4199      	sbcs	r1, r3
10001e32:	0c22      	lsrs	r2, r4, #16
10001e34:	4372      	muls	r2, r6
10001e36:	0c13      	lsrs	r3, r2, #16
10001e38:	0412      	lsls	r2, r2, #16
10001e3a:	1a80      	subs	r0, r0, r2
10001e3c:	4199      	sbcs	r1, r3
10001e3e:	0002      	movs	r2, r0
10001e40:	000b      	movs	r3, r1
10001e42:	3701      	adds	r7, #1
10001e44:	1b00      	subs	r0, r0, r4
10001e46:	41a9      	sbcs	r1, r5
10001e48:	d2f9      	bcs.n	10001e3e <y64_x48+0xe8>
10001e4a:	1e78      	subs	r0, r7, #1
10001e4c:	2100      	movs	r1, #0
10001e4e:	bdf0      	pop	{r4, r5, r6, r7, pc}

10001e50 <last1>:
10001e50:	270c      	movs	r7, #12
10001e52:	1b7f      	subs	r7, r7, r5
10001e54:	40fe      	lsrs	r6, r7
10001e56:	4677      	mov	r7, lr
10001e58:	0b7f      	lsrs	r7, r7, #13
10001e5a:	40af      	lsls	r7, r5
10001e5c:	19ff      	adds	r7, r7, r7
10001e5e:	e7e0      	b.n	10001e22 <y64_x48+0xcc>

10001e60 <y64_x64>:
10001e60:	2400      	movs	r4, #0
10001e62:	1c5d      	adds	r5, r3, #1
10001e64:	d007      	beq.n	10001e76 <y64_x64+0x16>
10001e66:	4f14      	ldr	r7, [pc, #80]	@ (10001eb8 <y64_x64+0x58>)
10001e68:	667d      	str	r5, [r7, #100]	@ 0x64
10001e6a:	6639      	str	r1, [r7, #96]	@ 0x60
10001e6c:	e7ff      	b.n	10001e6e <y64_x64+0xe>
10001e6e:	e7ff      	b.n	10001e70 <y64_x64+0x10>
10001e70:	e7ff      	b.n	10001e72 <y64_x64+0x12>
10001e72:	e7ff      	b.n	10001e74 <y64_x64+0x14>
10001e74:	6f3c      	ldr	r4, [r7, #112]	@ 0x70
10001e76:	b295      	uxth	r5, r2
10001e78:	b29e      	uxth	r6, r3
10001e7a:	4365      	muls	r5, r4
10001e7c:	4366      	muls	r6, r4
10001e7e:	1b40      	subs	r0, r0, r5
10001e80:	41b1      	sbcs	r1, r6
10001e82:	0c15      	lsrs	r5, r2, #16
10001e84:	0c1e      	lsrs	r6, r3, #16
10001e86:	4365      	muls	r5, r4
10001e88:	4366      	muls	r6, r4
10001e8a:	0436      	lsls	r6, r6, #16
10001e8c:	0c2f      	lsrs	r7, r5, #16
10001e8e:	433e      	orrs	r6, r7
10001e90:	042d      	lsls	r5, r5, #16
10001e92:	1b40      	subs	r0, r0, r5
10001e94:	41b1      	sbcs	r1, r6
10001e96:	4299      	cmp	r1, r3
10001e98:	d204      	bcs.n	10001ea4 <y64_x64+0x44>
10001e9a:	0002      	movs	r2, r0
10001e9c:	000b      	movs	r3, r1
10001e9e:	0020      	movs	r0, r4
10001ea0:	2100      	movs	r1, #0
10001ea2:	bdf0      	pop	{r4, r5, r6, r7, pc}
10001ea4:	d101      	bne.n	10001eaa <y64_x64+0x4a>
10001ea6:	4290      	cmp	r0, r2
10001ea8:	d3f7      	bcc.n	10001e9a <y64_x64+0x3a>
10001eaa:	1a80      	subs	r0, r0, r2
10001eac:	4199      	sbcs	r1, r3
10001eae:	3401      	adds	r4, #1
10001eb0:	4299      	cmp	r1, r3
10001eb2:	d3f2      	bcc.n	10001e9a <y64_x64+0x3a>
10001eb4:	e7f6      	b.n	10001ea4 <y64_x64+0x44>
10001eb6:	0000      	.short	0x0000
10001eb8:	d0000000 	.word	0xd0000000
10001ebc:	ffffffff 	.word	0xffffffff

10001ec0 <__wrap___aeabi_drsub>:
10001ec0:	4048      	eors	r0, r1
10001ec2:	4041      	eors	r1, r0
10001ec4:	4048      	eors	r0, r1

10001ec6 <__wrap___aeabi_dsub>:
10001ec6:	b418      	push	{r3, r4}
10001ec8:	4b1b      	ldr	r3, [pc, #108]	@ (10001f38 <__wrap___aeabi_dmul+0x12>)
10001eca:	685b      	ldr	r3, [r3, #4]
10001ecc:	46fc      	mov	ip, pc
10001ece:	9301      	str	r3, [sp, #4]
10001ed0:	bd08      	pop	{r3, pc}
10001ed2:	df04      	.short	0xdf04
10001ed4:	1000216b 	.word	0x1000216b

10001ed8 <__wrap___aeabi_dadd>:
10001ed8:	b418      	push	{r3, r4}
10001eda:	4b17      	ldr	r3, [pc, #92]	@ (10001f38 <__wrap___aeabi_dmul+0x12>)
10001edc:	681b      	ldr	r3, [r3, #0]
10001ede:	46fc      	mov	ip, pc
10001ee0:	9301      	str	r3, [sp, #4]
10001ee2:	bd08      	pop	{r3, pc}
10001ee4:	2175df00 	.word	0x2175df00
10001ee8:	1000      	.short	0x1000

10001eea <__wrap___aeabi_ddiv>:
10001eea:	4694      	mov	ip, r2
10001eec:	4a13      	ldr	r2, [pc, #76]	@ (10001f3c <__wrap___aeabi_dmul+0x16>)
10001eee:	6f92      	ldr	r2, [r2, #120]	@ 0x78
10001ef0:	0892      	lsrs	r2, r2, #2
10001ef2:	d209      	bcs.n	10001f08 <ddiv_save_state>
10001ef4:	4662      	mov	r2, ip

10001ef6 <ddiv_shim_call>:
10001ef6:	b418      	push	{r3, r4}
10001ef8:	4b0f      	ldr	r3, [pc, #60]	@ (10001f38 <__wrap___aeabi_dmul+0x12>)
10001efa:	68db      	ldr	r3, [r3, #12]
10001efc:	46fc      	mov	ip, pc
10001efe:	9301      	str	r3, [sp, #4]
10001f00:	bd08      	pop	{r3, pc}
10001f02:	df0c      	.short	0xdf0c
10001f04:	1000242d 	.word	0x1000242d

10001f08 <ddiv_save_state>:
10001f08:	4a0c      	ldr	r2, [pc, #48]	@ (10001f3c <__wrap___aeabi_dmul+0x16>)
10001f0a:	b5f0      	push	{r4, r5, r6, r7, lr}
10001f0c:	6e14      	ldr	r4, [r2, #96]	@ 0x60
10001f0e:	6e55      	ldr	r5, [r2, #100]	@ 0x64
10001f10:	6f57      	ldr	r7, [r2, #116]	@ 0x74
10001f12:	6f16      	ldr	r6, [r2, #112]	@ 0x70
10001f14:	4662      	mov	r2, ip
10001f16:	f7ff ffee 	bl	10001ef6 <ddiv_shim_call>
10001f1a:	4a08      	ldr	r2, [pc, #32]	@ (10001f3c <__wrap___aeabi_dmul+0x16>)
10001f1c:	6614      	str	r4, [r2, #96]	@ 0x60
10001f1e:	6655      	str	r5, [r2, #100]	@ 0x64
10001f20:	6757      	str	r7, [r2, #116]	@ 0x74
10001f22:	6716      	str	r6, [r2, #112]	@ 0x70
10001f24:	bdf0      	pop	{r4, r5, r6, r7, pc}

10001f26 <__wrap___aeabi_dmul>:
10001f26:	b418      	push	{r3, r4}
10001f28:	4b03      	ldr	r3, [pc, #12]	@ (10001f38 <__wrap___aeabi_dmul+0x12>)
10001f2a:	689b      	ldr	r3, [r3, #8]
10001f2c:	46fc      	mov	ip, pc
10001f2e:	9301      	str	r3, [sp, #4]
10001f30:	bd08      	pop	{r3, pc}
10001f32:	df08      	.short	0xdf08
10001f34:	100022d1 	.word	0x100022d1
10001f38:	200011e8 	.word	0x200011e8
10001f3c:	d0000000 	.word	0xd0000000

10001f40 <__wrap___aeabi_cdrcmple>:
10001f40:	b5ff      	push	{r0, r1, r2, r3, r4, r5, r6, r7, lr}
10001f42:	4050      	eors	r0, r2
10001f44:	4042      	eors	r2, r0
10001f46:	4050      	eors	r0, r2
10001f48:	4059      	eors	r1, r3
10001f4a:	404b      	eors	r3, r1
10001f4c:	4059      	eors	r1, r3
10001f4e:	e000      	b.n	10001f52 <__aeabi_dfcmple_guts>

10001f50 <__wrap___aeabi_cdcmpeq>:
10001f50:	b5ff      	push	{r0, r1, r2, r3, r4, r5, r6, r7, lr}

10001f52 <__aeabi_dfcmple_guts>:
10001f52:	4f15      	ldr	r7, [pc, #84]	@ (10001fa8 <__aeabi_dfcmple_guts+0x56>)
10001f54:	004c      	lsls	r4, r1, #1
10001f56:	0d64      	lsrs	r4, r4, #21
10001f58:	d003      	beq.n	10001f62 <__aeabi_dfcmple_guts+0x10>
10001f5a:	42bc      	cmp	r4, r7
10001f5c:	d104      	bne.n	10001f68 <__aeabi_dfcmple_guts+0x16>
10001f5e:	030c      	lsls	r4, r1, #12
10001f60:	d814      	bhi.n	10001f8c <__aeabi_dfcmple_guts+0x3a>
10001f62:	2000      	movs	r0, #0
10001f64:	0d09      	lsrs	r1, r1, #20
10001f66:	0509      	lsls	r1, r1, #20
10001f68:	005c      	lsls	r4, r3, #1
10001f6a:	0d64      	lsrs	r4, r4, #21
10001f6c:	d003      	beq.n	10001f76 <__aeabi_dfcmple_guts+0x24>
10001f6e:	42bc      	cmp	r4, r7
10001f70:	d104      	bne.n	10001f7c <__aeabi_dfcmple_guts+0x2a>
10001f72:	031c      	lsls	r4, r3, #12
10001f74:	d80a      	bhi.n	10001f8c <__aeabi_dfcmple_guts+0x3a>
10001f76:	2200      	movs	r2, #0
10001f78:	0d1b      	lsrs	r3, r3, #20
10001f7a:	051b      	lsls	r3, r3, #20
10001f7c:	2601      	movs	r6, #1
10001f7e:	404b      	eors	r3, r1
10001f80:	d409      	bmi.n	10001f96 <__aeabi_dfcmple_guts+0x44>
10001f82:	404b      	eors	r3, r1
10001f84:	d503      	bpl.n	10001f8e <__aeabi_dfcmple_guts+0x3c>
10001f86:	428b      	cmp	r3, r1
10001f88:	d100      	bne.n	10001f8c <__aeabi_dfcmple_guts+0x3a>
10001f8a:	4282      	cmp	r2, r0
10001f8c:	bdff      	pop	{r0, r1, r2, r3, r4, r5, r6, r7, pc}
10001f8e:	4299      	cmp	r1, r3
10001f90:	d1fc      	bne.n	10001f8c <__aeabi_dfcmple_guts+0x3a>
10001f92:	4290      	cmp	r0, r2
10001f94:	bdff      	pop	{r0, r1, r2, r3, r4, r5, r6, r7, pc}
10001f96:	430b      	orrs	r3, r1
10001f98:	18db      	adds	r3, r3, r3
10001f9a:	4303      	orrs	r3, r0
10001f9c:	4313      	orrs	r3, r2
10001f9e:	d0f5      	beq.n	10001f8c <__aeabi_dfcmple_guts+0x3a>
10001fa0:	43c9      	mvns	r1, r1
10001fa2:	1849      	adds	r1, r1, r1
10001fa4:	bdff      	pop	{r0, r1, r2, r3, r4, r5, r6, r7, pc}
10001fa6:	0000      	.short	0x0000
10001fa8:	000007ff 	.word	0x000007ff

10001fac <__wrap___aeabi_dcmplt>:
10001fac:	b500      	push	{lr}
10001fae:	f7ff ffcf 	bl	10001f50 <__wrap___aeabi_cdcmpeq>
10001fb2:	4180      	sbcs	r0, r0
10001fb4:	bd00      	pop	{pc}
10001fb6:	46c0      	nop			@ (mov r8, r8)

10001fb8 <__wrap___aeabi_dcmple>:
10001fb8:	b500      	push	{lr}
10001fba:	f7ff ffc9 	bl	10001f50 <__wrap___aeabi_cdcmpeq>
10001fbe:	d901      	bls.n	10001fc4 <__wrap___aeabi_dcmple+0xc>
10001fc0:	2000      	movs	r0, #0
10001fc2:	bd00      	pop	{pc}
10001fc4:	2001      	movs	r0, #1
10001fc6:	bd00      	pop	{pc}

10001fc8 <__wrap___aeabi_dcmpge>:
10001fc8:	b500      	push	{lr}
10001fca:	f7ff ffb9 	bl	10001f40 <__wrap___aeabi_cdrcmple>
10001fce:	d901      	bls.n	10001fd4 <__wrap___aeabi_dcmpge+0xc>
10001fd0:	2000      	movs	r0, #0
10001fd2:	bd00      	pop	{pc}
10001fd4:	2001      	movs	r0, #1
10001fd6:	bd00      	pop	{pc}

10001fd8 <__wrap___aeabi_dcmpgt>:
10001fd8:	b500      	push	{lr}
10001fda:	f7ff ffb1 	bl	10001f40 <__wrap___aeabi_cdrcmple>
10001fde:	4180      	sbcs	r0, r0
10001fe0:	bd00      	pop	{pc}

10001fe2 <__wrap___aeabi_dcmpun>:
10001fe2:	2001      	movs	r0, #1
10001fe4:	0540      	lsls	r0, r0, #21
10001fe6:	004a      	lsls	r2, r1, #1
10001fe8:	1812      	adds	r2, r2, r0
10001fea:	d804      	bhi.n	10001ff6 <__wrap___aeabi_dcmpun+0x14>
10001fec:	005a      	lsls	r2, r3, #1
10001fee:	1812      	adds	r2, r2, r0
10001ff0:	d801      	bhi.n	10001ff6 <__wrap___aeabi_dcmpun+0x14>
10001ff2:	2000      	movs	r0, #0
10001ff4:	4770      	bx	lr
10001ff6:	2001      	movs	r0, #1
10001ff8:	4770      	bx	lr
	...

10001ffc <__wrap___aeabi_ui2d>:
10001ffc:	2100      	movs	r1, #0
10001ffe:	2800      	cmp	r0, #0
10002000:	d105      	bne.n	1000200e <__wrap___aeabi_i2d+0xa>
10002002:	4770      	bx	lr

10002004 <__wrap___aeabi_i2d>:
10002004:	17c1      	asrs	r1, r0, #31
10002006:	4048      	eors	r0, r1
10002008:	1a40      	subs	r0, r0, r1
1000200a:	d0fa      	beq.n	10002002 <__wrap___aeabi_ui2d+0x6>
1000200c:	07c9      	lsls	r1, r1, #31
1000200e:	b513      	push	{r0, r1, r4, lr}
10002010:	4b06      	ldr	r3, [pc, #24]	@ (1000202c <__wrap___aeabi_i2d+0x28>)
10002012:	681b      	ldr	r3, [r3, #0]
10002014:	4798      	blx	r3
10002016:	bc0c      	pop	{r2, r3}
10002018:	1c44      	adds	r4, r0, #1
1000201a:	40a2      	lsls	r2, r4
1000201c:	0510      	lsls	r0, r2, #20
1000201e:	0b12      	lsrs	r2, r2, #12
10002020:	4903      	ldr	r1, [pc, #12]	@ (10002030 <__wrap___aeabi_i2d+0x2c>)
10002022:	1b09      	subs	r1, r1, r4
10002024:	0509      	lsls	r1, r1, #20
10002026:	4319      	orrs	r1, r3
10002028:	4311      	orrs	r1, r2
1000202a:	bd10      	pop	{r4, pc}
1000202c:	20001f70 	.word	0x20001f70
10002030:	0000041f 	.word	0x0000041f

10002034 <__wrap___aeabi_d2iz>:
10002034:	b510      	push	{r4, lr}
10002036:	004c      	lsls	r4, r1, #1
10002038:	0d62      	lsrs	r2, r4, #21
1000203a:	2380      	movs	r3, #128	@ 0x80
1000203c:	18d2      	adds	r2, r2, r3
1000203e:	00db      	lsls	r3, r3, #3
10002040:	1ad2      	subs	r2, r2, r3
10002042:	055b      	lsls	r3, r3, #21
10002044:	2a7e      	cmp	r2, #126	@ 0x7e
10002046:	dd10      	ble.n	1000206a <__wrap___aeabi_d2iz+0x36>
10002048:	3a9e      	subs	r2, #158	@ 0x9e
1000204a:	da13      	bge.n	10002074 <__wrap___aeabi_d2iz+0x40>
1000204c:	17cc      	asrs	r4, r1, #31
1000204e:	0309      	lsls	r1, r1, #12
10002050:	0849      	lsrs	r1, r1, #1
10002052:	4319      	orrs	r1, r3
10002054:	4252      	negs	r2, r2
10002056:	40d1      	lsrs	r1, r2
10002058:	0064      	lsls	r4, r4, #1
1000205a:	3401      	adds	r4, #1
1000205c:	3215      	adds	r2, #21
1000205e:	2a20      	cmp	r2, #32
10002060:	da05      	bge.n	1000206e <__wrap___aeabi_d2iz+0x3a>
10002062:	40d0      	lsrs	r0, r2
10002064:	4308      	orrs	r0, r1
10002066:	4360      	muls	r0, r4
10002068:	bd10      	pop	{r4, pc}
1000206a:	2000      	movs	r0, #0
1000206c:	bd10      	pop	{r4, pc}
1000206e:	4608      	mov	r0, r1
10002070:	4360      	muls	r0, r4
10002072:	bd10      	pop	{r4, pc}
10002074:	0fc8      	lsrs	r0, r1, #31
10002076:	18c0      	adds	r0, r0, r3
10002078:	3801      	subs	r0, #1
1000207a:	bd10      	pop	{r4, pc}

1000207c <__wrap___aeabi_d2uiz>:
1000207c:	b418      	push	{r3, r4}
1000207e:	4b04      	ldr	r3, [pc, #16]	@ (10002090 <__wrap___aeabi_d2uiz+0x14>)
10002080:	6a5b      	ldr	r3, [r3, #36]	@ 0x24
10002082:	46fc      	mov	ip, pc
10002084:	9301      	str	r3, [sp, #4]
10002086:	bd08      	pop	{r3, pc}
10002088:	25dddf24 	.word	0x25dddf24
1000208c:	00001000 	.word	0x00001000
10002090:	200011e8 	.word	0x200011e8

10002094 <__aeabi_double_init>:
10002094:	2313      	movs	r3, #19
10002096:	b570      	push	{r4, r5, r6, lr}
10002098:	781d      	ldrb	r5, [r3, #0]
1000209a:	2d01      	cmp	r5, #1
1000209c:	d019      	beq.n	100020d2 <__aeabi_double_init+0x3e>
1000209e:	dd14      	ble.n	100020ca <__aeabi_double_init+0x36>
100020a0:	481f      	ldr	r0, [pc, #124]	@ (10002120 <__aeabi_double_init+0x8c>)
100020a2:	f7ff fb7d 	bl	100017a0 <rom_data_lookup>
100020a6:	0006      	movs	r6, r0
100020a8:	481e      	ldr	r0, [pc, #120]	@ (10002124 <__aeabi_double_init+0x90>)
100020aa:	f7ff fb79 	bl	100017a0 <rom_data_lookup>
100020ae:	4c1e      	ldr	r4, [pc, #120]	@ (10002128 <__aeabi_double_init+0x94>)
100020b0:	2280      	movs	r2, #128	@ 0x80
100020b2:	0031      	movs	r1, r6
100020b4:	0020      	movs	r0, r4
100020b6:	f000 fb5f 	bl	10002778 <__wrap___aeabi_memcpy>
100020ba:	2d02      	cmp	r5, #2
100020bc:	d02d      	beq.n	1000211a <__aeabi_double_init+0x86>
100020be:	481b      	ldr	r0, [pc, #108]	@ (1000212c <__aeabi_double_init+0x98>)
100020c0:	f7ff fb66 	bl	10001790 <rom_func_lookup>
100020c4:	4b1a      	ldr	r3, [pc, #104]	@ (10002130 <__aeabi_double_init+0x9c>)
100020c6:	6018      	str	r0, [r3, #0]
100020c8:	bd70      	pop	{r4, r5, r6, pc}
100020ca:	4b1a      	ldr	r3, [pc, #104]	@ (10002134 <__aeabi_double_init+0xa0>)
100020cc:	4c16      	ldr	r4, [pc, #88]	@ (10002128 <__aeabi_double_init+0x94>)
100020ce:	64a3      	str	r3, [r4, #72]	@ 0x48
100020d0:	e7f5      	b.n	100020be <__aeabi_double_init+0x2a>
100020d2:	4b18      	ldr	r3, [pc, #96]	@ (10002134 <__aeabi_double_init+0xa0>)
100020d4:	4c14      	ldr	r4, [pc, #80]	@ (10002128 <__aeabi_double_init+0x94>)
100020d6:	6023      	str	r3, [r4, #0]
100020d8:	6063      	str	r3, [r4, #4]
100020da:	60a3      	str	r3, [r4, #8]
100020dc:	60e3      	str	r3, [r4, #12]
100020de:	6123      	str	r3, [r4, #16]
100020e0:	6163      	str	r3, [r4, #20]
100020e2:	61a3      	str	r3, [r4, #24]
100020e4:	61e3      	str	r3, [r4, #28]
100020e6:	6223      	str	r3, [r4, #32]
100020e8:	6263      	str	r3, [r4, #36]	@ 0x24
100020ea:	62a3      	str	r3, [r4, #40]	@ 0x28
100020ec:	62e3      	str	r3, [r4, #44]	@ 0x2c
100020ee:	6323      	str	r3, [r4, #48]	@ 0x30
100020f0:	6363      	str	r3, [r4, #52]	@ 0x34
100020f2:	63a3      	str	r3, [r4, #56]	@ 0x38
100020f4:	63e3      	str	r3, [r4, #60]	@ 0x3c
100020f6:	6423      	str	r3, [r4, #64]	@ 0x40
100020f8:	6463      	str	r3, [r4, #68]	@ 0x44
100020fa:	64a3      	str	r3, [r4, #72]	@ 0x48
100020fc:	64e3      	str	r3, [r4, #76]	@ 0x4c
100020fe:	6523      	str	r3, [r4, #80]	@ 0x50
10002100:	6563      	str	r3, [r4, #84]	@ 0x54
10002102:	65a3      	str	r3, [r4, #88]	@ 0x58
10002104:	65e3      	str	r3, [r4, #92]	@ 0x5c
10002106:	6623      	str	r3, [r4, #96]	@ 0x60
10002108:	6663      	str	r3, [r4, #100]	@ 0x64
1000210a:	66a3      	str	r3, [r4, #104]	@ 0x68
1000210c:	66e3      	str	r3, [r4, #108]	@ 0x6c
1000210e:	6723      	str	r3, [r4, #112]	@ 0x70
10002110:	6763      	str	r3, [r4, #116]	@ 0x74
10002112:	67a3      	str	r3, [r4, #120]	@ 0x78
10002114:	67e3      	str	r3, [r4, #124]	@ 0x7c
10002116:	64a3      	str	r3, [r4, #72]	@ 0x48
10002118:	e7d1      	b.n	100020be <__aeabi_double_init+0x2a>
1000211a:	4b06      	ldr	r3, [pc, #24]	@ (10002134 <__aeabi_double_init+0xa0>)
1000211c:	64a3      	str	r3, [r4, #72]	@ 0x48
1000211e:	e7ce      	b.n	100020be <__aeabi_double_init+0x2a>
10002120:	00004453 	.word	0x00004453
10002124:	00004653 	.word	0x00004653
10002128:	200011e8 	.word	0x200011e8
1000212c:	0000334c 	.word	0x0000334c
10002130:	20001f70 	.word	0x20001f70
10002134:	10002139 	.word	0x10002139

10002138 <double_table_shim_on_use_helper>:
10002138:	b507      	push	{r0, r1, r2, lr}
1000213a:	4660      	mov	r0, ip
1000213c:	8801      	ldrh	r1, [r0, #0]
1000213e:	0a0a      	lsrs	r2, r1, #8
10002140:	3002      	adds	r0, #2
10002142:	2adf      	cmp	r2, #223	@ 0xdf
10002144:	d1fa      	bne.n	1000213c <double_table_shim_on_use_helper+0x4>
10002146:	b2c9      	uxtb	r1, r1
10002148:	0882      	lsrs	r2, r0, #2
1000214a:	d304      	bcc.n	10002156 <double_table_shim_on_use_helper+0x1e>
1000214c:	8802      	ldrh	r2, [r0, #0]
1000214e:	8840      	ldrh	r0, [r0, #2]
10002150:	0400      	lsls	r0, r0, #16
10002152:	4310      	orrs	r0, r2
10002154:	e000      	b.n	10002158 <double_table_shim_on_use_helper+0x20>
10002156:	6800      	ldr	r0, [r0, #0]
10002158:	4a01      	ldr	r2, [pc, #4]	@ (10002160 <double_table_shim_on_use_helper+0x28>)
1000215a:	5050      	str	r0, [r2, r1]
1000215c:	9003      	str	r0, [sp, #12]
1000215e:	bd07      	pop	{r0, r1, r2, pc}
10002160:	200011e8 	.word	0x200011e8

10002164 <drsub_shim>:
10002164:	b40f      	push	{r0, r1, r2, r3}
10002166:	bc03      	pop	{r0, r1}
10002168:	bc0c      	pop	{r2, r3}

1000216a <dsub_shim>:
1000216a:	b5f0      	push	{r4, r5, r6, r7, lr}
1000216c:	2401      	movs	r4, #1
1000216e:	07e4      	lsls	r4, r4, #31
10002170:	4063      	eors	r3, r4
10002172:	e000      	b.n	10002176 <da_entry>

10002174 <dadd_shim>:
10002174:	b5f0      	push	{r4, r5, r6, r7, lr}

10002176 <da_entry>:
10002176:	0d0c      	lsrs	r4, r1, #20
10002178:	0fcf      	lsrs	r7, r1, #31
1000217a:	1e66      	subs	r6, r4, #1
1000217c:	0536      	lsls	r6, r6, #20
1000217e:	1b89      	subs	r1, r1, r6
10002180:	0564      	lsls	r4, r4, #21
10002182:	d303      	bcc.n	1000218c <l8_1>
10002184:	43c9      	mvns	r1, r1
10002186:	4240      	negs	r0, r0
10002188:	d300      	bcc.n	1000218c <l8_1>
1000218a:	3101      	adds	r1, #1

1000218c <l8_1>:
1000218c:	0d64      	lsrs	r4, r4, #21
1000218e:	d003      	beq.n	10002198 <l8_2>
10002190:	1c66      	adds	r6, r4, #1
10002192:	0af6      	lsrs	r6, r6, #11
10002194:	d007      	beq.n	100021a6 <l8_3>
10002196:	1be4      	subs	r4, r4, r7

10002198 <l8_2>:
10002198:	2000      	movs	r0, #0
1000219a:	007f      	lsls	r7, r7, #1
1000219c:	1c79      	adds	r1, r7, #1
1000219e:	0789      	lsls	r1, r1, #30
100021a0:	1289      	asrs	r1, r1, #10
100021a2:	3c80      	subs	r4, #128	@ 0x80
100021a4:	0324      	lsls	r4, r4, #12

100021a6 <l8_3>:
100021a6:	0d1d      	lsrs	r5, r3, #20
100021a8:	0fdf      	lsrs	r7, r3, #31
100021aa:	1e6e      	subs	r6, r5, #1
100021ac:	0536      	lsls	r6, r6, #20
100021ae:	1b9b      	subs	r3, r3, r6
100021b0:	056d      	lsls	r5, r5, #21
100021b2:	d303      	bcc.n	100021bc <l9_1>
100021b4:	43db      	mvns	r3, r3
100021b6:	4252      	negs	r2, r2
100021b8:	d300      	bcc.n	100021bc <l9_1>
100021ba:	3301      	adds	r3, #1

100021bc <l9_1>:
100021bc:	0d6d      	lsrs	r5, r5, #21
100021be:	d003      	beq.n	100021c8 <l9_2>
100021c0:	1c6e      	adds	r6, r5, #1
100021c2:	0af6      	lsrs	r6, r6, #11
100021c4:	d007      	beq.n	100021d6 <l9_3>
100021c6:	1bed      	subs	r5, r5, r7

100021c8 <l9_2>:
100021c8:	2200      	movs	r2, #0
100021ca:	007f      	lsls	r7, r7, #1
100021cc:	1c7b      	adds	r3, r7, #1
100021ce:	079b      	lsls	r3, r3, #30
100021d0:	129b      	asrs	r3, r3, #10
100021d2:	3d80      	subs	r5, #128	@ 0x80
100021d4:	032d      	lsls	r5, r5, #12

100021d6 <l9_3>:
100021d6:	1b2f      	subs	r7, r5, r4
100021d8:	1b66      	subs	r6, r4, r5
100021da:	d458      	bmi.n	1000228e <da_ygtx>
100021dc:	46a4      	mov	ip, r4
100021de:	2e20      	cmp	r6, #32
100021e0:	da46      	bge.n	10002270 <da_xrgty>
100021e2:	3720      	adds	r7, #32
100021e4:	0014      	movs	r4, r2
100021e6:	40bc      	lsls	r4, r7

100021e8 <da_xgty0>:
100021e8:	001d      	movs	r5, r3
100021ea:	40bd      	lsls	r5, r7
100021ec:	40f2      	lsrs	r2, r6
100021ee:	4133      	asrs	r3, r6
100021f0:	432a      	orrs	r2, r5

100021f2 <da_add>:
100021f2:	1880      	adds	r0, r0, r2
100021f4:	4159      	adcs	r1, r3

100021f6 <da_pack>:
100021f6:	0fcb      	lsrs	r3, r1, #31
100021f8:	d005      	beq.n	10002206 <da_pack+0x10>
100021fa:	43c9      	mvns	r1, r1
100021fc:	43c0      	mvns	r0, r0
100021fe:	2200      	movs	r2, #0
10002200:	4264      	negs	r4, r4
10002202:	4150      	adcs	r0, r2
10002204:	4151      	adcs	r1, r2
10002206:	4662      	mov	r2, ip
10002208:	0d4d      	lsrs	r5, r1, #21
1000220a:	d128      	bne.n	1000225e <da_0>
1000220c:	0d0d      	lsrs	r5, r1, #20
1000220e:	d107      	bne.n	10002220 <da_1>
10002210:	2800      	cmp	r0, #0
10002212:	d01f      	beq.n	10002254 <da_5>

10002214 <da_2>:
10002214:	1924      	adds	r4, r4, r4
10002216:	4140      	adcs	r0, r0
10002218:	4149      	adcs	r1, r1
1000221a:	3a01      	subs	r2, #1
1000221c:	0d0d      	lsrs	r5, r1, #20
1000221e:	d0f9      	beq.n	10002214 <da_2>

10002220 <da_1>:
10002220:	0064      	lsls	r4, r4, #1
10002222:	d306      	bcc.n	10002232 <da_3>

10002224 <da_4>:
10002224:	3001      	adds	r0, #1
10002226:	d300      	bcc.n	1000222a <da_4+0x6>
10002228:	3101      	adds	r1, #1
1000222a:	2c00      	cmp	r4, #0
1000222c:	d101      	bne.n	10002232 <da_3>
1000222e:	0840      	lsrs	r0, r0, #1
10002230:	0040      	lsls	r0, r0, #1

10002232 <da_3>:
10002232:	3a01      	subs	r2, #1
10002234:	d40b      	bmi.n	1000224e <da_6>
10002236:	1c94      	adds	r4, r2, #2
10002238:	0ae4      	lsrs	r4, r4, #11
1000223a:	d104      	bne.n	10002246 <da_7>
1000223c:	0512      	lsls	r2, r2, #20
1000223e:	4411      	add	r1, r2
10002240:	07db      	lsls	r3, r3, #31
10002242:	4419      	add	r1, r3
10002244:	bdf0      	pop	{r4, r5, r6, r7, pc}

10002246 <da_7>:
10002246:	07d9      	lsls	r1, r3, #31
10002248:	4b20      	ldr	r3, [pc, #128]	@ (100022cc <da_xmgty+0x4>)
1000224a:	4319      	orrs	r1, r3
1000224c:	e000      	b.n	10002250 <da_6+0x2>

1000224e <da_6>:
1000224e:	07d9      	lsls	r1, r3, #31
10002250:	2000      	movs	r0, #0
10002252:	bdf0      	pop	{r4, r5, r6, r7, pc}

10002254 <da_5>:
10002254:	2900      	cmp	r1, #0
10002256:	d1dd      	bne.n	10002214 <da_2>
10002258:	2c00      	cmp	r4, #0
1000225a:	d1db      	bne.n	10002214 <da_2>
1000225c:	bdf0      	pop	{r4, r5, r6, r7, pc}

1000225e <da_0>:
1000225e:	3201      	adds	r2, #1
10002260:	07c6      	lsls	r6, r0, #31
10002262:	0840      	lsrs	r0, r0, #1
10002264:	07cd      	lsls	r5, r1, #31
10002266:	4328      	orrs	r0, r5
10002268:	0849      	lsrs	r1, r1, #1
1000226a:	2e00      	cmp	r6, #0
1000226c:	d0e1      	beq.n	10002232 <da_3>
1000226e:	e7d9      	b.n	10002224 <da_4>

10002270 <da_xrgty>:
10002270:	2e3c      	cmp	r6, #60	@ 0x3c
10002272:	da29      	bge.n	100022c8 <da_xmgty>
10002274:	3e20      	subs	r6, #32
10002276:	3740      	adds	r7, #64	@ 0x40
10002278:	0014      	movs	r4, r2
1000227a:	40bc      	lsls	r4, r7
1000227c:	d000      	beq.n	10002280 <da_xrgty+0x10>
1000227e:	2401      	movs	r4, #1
10002280:	40f2      	lsrs	r2, r6
10002282:	4314      	orrs	r4, r2
10002284:	001a      	movs	r2, r3
10002286:	40bb      	lsls	r3, r7
10002288:	431c      	orrs	r4, r3
1000228a:	17d3      	asrs	r3, r2, #31
1000228c:	e7ac      	b.n	100021e8 <da_xgty0>

1000228e <da_ygtx>:
1000228e:	46ac      	mov	ip, r5
10002290:	2f20      	cmp	r7, #32
10002292:	da08      	bge.n	100022a6 <da_yrgtx>
10002294:	3620      	adds	r6, #32
10002296:	0004      	movs	r4, r0
10002298:	40b4      	lsls	r4, r6

1000229a <da_ygtx0>:
1000229a:	000d      	movs	r5, r1
1000229c:	40b5      	lsls	r5, r6
1000229e:	40f8      	lsrs	r0, r7
100022a0:	4139      	asrs	r1, r7
100022a2:	4328      	orrs	r0, r5
100022a4:	e7a5      	b.n	100021f2 <da_add>

100022a6 <da_yrgtx>:
100022a6:	2f3c      	cmp	r7, #60	@ 0x3c
100022a8:	da0c      	bge.n	100022c4 <da_ymgtx>
100022aa:	3f20      	subs	r7, #32
100022ac:	3640      	adds	r6, #64	@ 0x40
100022ae:	0004      	movs	r4, r0
100022b0:	40b4      	lsls	r4, r6
100022b2:	d000      	beq.n	100022b6 <da_yrgtx+0x10>
100022b4:	2401      	movs	r4, #1
100022b6:	40f8      	lsrs	r0, r7
100022b8:	4304      	orrs	r4, r0
100022ba:	0008      	movs	r0, r1
100022bc:	40b1      	lsls	r1, r6
100022be:	430c      	orrs	r4, r1
100022c0:	17c1      	asrs	r1, r0, #31
100022c2:	e7ea      	b.n	1000229a <da_ygtx0>

100022c4 <da_ymgtx>:
100022c4:	0010      	movs	r0, r2
100022c6:	0019      	movs	r1, r3

100022c8 <da_xmgty>:
100022c8:	2400      	movs	r4, #0
100022ca:	e794      	b.n	100021f6 <da_pack>
100022cc:	7ff00000 	.word	0x7ff00000

100022d0 <dmul_shim>:
100022d0:	b5f0      	push	{r4, r5, r6, r7, lr}
100022d2:	0d0c      	lsrs	r4, r1, #20
100022d4:	1e66      	subs	r6, r4, #1
100022d6:	0536      	lsls	r6, r6, #20
100022d8:	1b89      	subs	r1, r1, r6
100022da:	0ae6      	lsrs	r6, r4, #11
100022dc:	0564      	lsls	r4, r4, #21
100022de:	0d64      	lsrs	r4, r4, #21
100022e0:	d002      	beq.n	100022e8 <l12_1>
100022e2:	1c65      	adds	r5, r4, #1
100022e4:	0aed      	lsrs	r5, r5, #11
100022e6:	d004      	beq.n	100022f2 <l12_2>

100022e8 <l12_1>:
100022e8:	2000      	movs	r0, #0
100022ea:	2101      	movs	r1, #1
100022ec:	0509      	lsls	r1, r1, #20
100022ee:	3c80      	subs	r4, #128	@ 0x80
100022f0:	0324      	lsls	r4, r4, #12

100022f2 <l12_2>:
100022f2:	46a4      	mov	ip, r4
100022f4:	0d1c      	lsrs	r4, r3, #20
100022f6:	1e67      	subs	r7, r4, #1
100022f8:	053f      	lsls	r7, r7, #20
100022fa:	1bdb      	subs	r3, r3, r7
100022fc:	0ae7      	lsrs	r7, r4, #11
100022fe:	0564      	lsls	r4, r4, #21
10002300:	0d64      	lsrs	r4, r4, #21
10002302:	d002      	beq.n	1000230a <l13_1>
10002304:	1c65      	adds	r5, r4, #1
10002306:	0aed      	lsrs	r5, r5, #11
10002308:	d004      	beq.n	10002314 <l13_2>

1000230a <l13_1>:
1000230a:	2200      	movs	r2, #0
1000230c:	2301      	movs	r3, #1
1000230e:	051b      	lsls	r3, r3, #20
10002310:	3c80      	subs	r4, #128	@ 0x80
10002312:	0324      	lsls	r4, r4, #12

10002314 <l13_2>:
10002314:	4077      	eors	r7, r6
10002316:	4464      	add	r4, ip
10002318:	b497      	push	{r0, r1, r2, r4, r7}
1000231a:	b284      	uxth	r4, r0
1000231c:	b296      	uxth	r6, r2
1000231e:	4374      	muls	r4, r6
10002320:	0c07      	lsrs	r7, r0, #16
10002322:	437e      	muls	r6, r7
10002324:	0c15      	lsrs	r5, r2, #16
10002326:	436f      	muls	r7, r5
10002328:	b280      	uxth	r0, r0
1000232a:	4368      	muls	r0, r5
1000232c:	1836      	adds	r6, r6, r0
1000232e:	d302      	bcc.n	10002336 <l14_1>
10002330:	2001      	movs	r0, #1
10002332:	0400      	lsls	r0, r0, #16
10002334:	183f      	adds	r7, r7, r0

10002336 <l14_1>:
10002336:	0430      	lsls	r0, r6, #16
10002338:	0c35      	lsrs	r5, r6, #16
1000233a:	1900      	adds	r0, r0, r4
1000233c:	417d      	adcs	r5, r7
1000233e:	4684      	mov	ip, r0
10002340:	b288      	uxth	r0, r1
10002342:	b29a      	uxth	r2, r3
10002344:	4350      	muls	r0, r2
10002346:	0c0c      	lsrs	r4, r1, #16
10002348:	4362      	muls	r2, r4
1000234a:	0c1f      	lsrs	r7, r3, #16
1000234c:	437c      	muls	r4, r7
1000234e:	b28e      	uxth	r6, r1
10002350:	437e      	muls	r6, r7
10002352:	1992      	adds	r2, r2, r6
10002354:	d302      	bcc.n	1000235c <l15_1>
10002356:	2601      	movs	r6, #1
10002358:	0436      	lsls	r6, r6, #16
1000235a:	19a4      	adds	r4, r4, r6

1000235c <l15_1>:
1000235c:	0416      	lsls	r6, r2, #16
1000235e:	0c17      	lsrs	r7, r2, #16
10002360:	1836      	adds	r6, r6, r0
10002362:	4167      	adcs	r7, r4
10002364:	bc01      	pop	{r0}
10002366:	b281      	uxth	r1, r0
10002368:	b29a      	uxth	r2, r3
1000236a:	4351      	muls	r1, r2
1000236c:	0c04      	lsrs	r4, r0, #16
1000236e:	4362      	muls	r2, r4
10002370:	0c1b      	lsrs	r3, r3, #16
10002372:	435c      	muls	r4, r3
10002374:	b280      	uxth	r0, r0
10002376:	4358      	muls	r0, r3
10002378:	1812      	adds	r2, r2, r0
1000237a:	d302      	bcc.n	10002382 <l16_1>
1000237c:	2001      	movs	r0, #1
1000237e:	0400      	lsls	r0, r0, #16
10002380:	1824      	adds	r4, r4, r0

10002382 <l16_1>:
10002382:	0410      	lsls	r0, r2, #16
10002384:	0c13      	lsrs	r3, r2, #16
10002386:	1840      	adds	r0, r0, r1
10002388:	4163      	adcs	r3, r4
1000238a:	182d      	adds	r5, r5, r0
1000238c:	415e      	adcs	r6, r3
1000238e:	2000      	movs	r0, #0
10002390:	4147      	adcs	r7, r0
10002392:	bc06      	pop	{r1, r2}
10002394:	b288      	uxth	r0, r1
10002396:	b293      	uxth	r3, r2
10002398:	4358      	muls	r0, r3
1000239a:	0c0c      	lsrs	r4, r1, #16
1000239c:	4363      	muls	r3, r4
1000239e:	0c12      	lsrs	r2, r2, #16
100023a0:	4354      	muls	r4, r2
100023a2:	b289      	uxth	r1, r1
100023a4:	4351      	muls	r1, r2
100023a6:	185b      	adds	r3, r3, r1
100023a8:	d302      	bcc.n	100023b0 <l17_1>
100023aa:	2101      	movs	r1, #1
100023ac:	0409      	lsls	r1, r1, #16
100023ae:	1864      	adds	r4, r4, r1

100023b0 <l17_1>:
100023b0:	0419      	lsls	r1, r3, #16
100023b2:	0c1a      	lsrs	r2, r3, #16
100023b4:	1809      	adds	r1, r1, r0
100023b6:	4162      	adcs	r2, r4
100023b8:	186d      	adds	r5, r5, r1
100023ba:	4156      	adcs	r6, r2
100023bc:	2000      	movs	r0, #0
100023be:	4147      	adcs	r7, r0
100023c0:	bc18      	pop	{r3, r4}
100023c2:	02f9      	lsls	r1, r7, #11
100023c4:	0d72      	lsrs	r2, r6, #21
100023c6:	4311      	orrs	r1, r2
100023c8:	02f0      	lsls	r0, r6, #11
100023ca:	0d6a      	lsrs	r2, r5, #21
100023cc:	4310      	orrs	r0, r2
100023ce:	02ed      	lsls	r5, r5, #11
100023d0:	0d0a      	lsrs	r2, r1, #20
100023d2:	d103      	bne.n	100023dc <l17_1+0x2c>
100023d4:	196d      	adds	r5, r5, r5
100023d6:	4140      	adcs	r0, r0
100023d8:	4149      	adcs	r1, r1
100023da:	3b01      	subs	r3, #1
100023dc:	4e12      	ldr	r6, [pc, #72]	@ (10002428 <dm_1+0xa>)
100023de:	1b9b      	subs	r3, r3, r6
100023e0:	0076      	lsls	r6, r6, #1
100023e2:	42b3      	cmp	r3, r6
100023e4:	d20e      	bcs.n	10002404 <dm_0>
100023e6:	006d      	lsls	r5, r5, #1
100023e8:	d307      	bcc.n	100023fa <l17_1+0x4a>
100023ea:	3001      	adds	r0, #1
100023ec:	2600      	movs	r6, #0
100023ee:	4171      	adcs	r1, r6
100023f0:	4666      	mov	r6, ip
100023f2:	4335      	orrs	r5, r6
100023f4:	d101      	bne.n	100023fa <l17_1+0x4a>
100023f6:	0840      	lsrs	r0, r0, #1
100023f8:	0040      	lsls	r0, r0, #1
100023fa:	051b      	lsls	r3, r3, #20
100023fc:	18c9      	adds	r1, r1, r3

100023fe <dm_2>:
100023fe:	07e4      	lsls	r4, r4, #31
10002400:	4421      	add	r1, r4
10002402:	bdf0      	pop	{r4, r5, r6, r7, pc}

10002404 <dm_0>:
10002404:	da0b      	bge.n	1000241e <dm_1>
10002406:	3301      	adds	r3, #1
10002408:	d106      	bne.n	10002418 <dm_0+0x14>
1000240a:	3001      	adds	r0, #1
1000240c:	d104      	bne.n	10002418 <dm_0+0x14>
1000240e:	3101      	adds	r1, #1
10002410:	0d4f      	lsrs	r7, r1, #21
10002412:	d001      	beq.n	10002418 <dm_0+0x14>
10002414:	0849      	lsrs	r1, r1, #1
10002416:	e7f2      	b.n	100023fe <dm_2>
10002418:	07e1      	lsls	r1, r4, #31
1000241a:	2000      	movs	r0, #0
1000241c:	bdf0      	pop	{r4, r5, r6, r7, pc}

1000241e <dm_1>:
1000241e:	3601      	adds	r6, #1
10002420:	0531      	lsls	r1, r6, #20
10002422:	2000      	movs	r0, #0
10002424:	e7eb      	b.n	100023fe <dm_2>
10002426:	0000      	.short	0x0000
10002428:	000003ff 	.word	0x000003ff

1000242c <ddiv_shim>:
1000242c:	b5f0      	push	{r4, r5, r6, r7, lr}

1000242e <ddiv0>:
1000242e:	0d1c      	lsrs	r4, r3, #20
10002430:	1e67      	subs	r7, r4, #1
10002432:	053f      	lsls	r7, r7, #20
10002434:	1bdb      	subs	r3, r3, r7
10002436:	0ae7      	lsrs	r7, r4, #11
10002438:	0564      	lsls	r4, r4, #21
1000243a:	0d64      	lsrs	r4, r4, #21
1000243c:	d002      	beq.n	10002444 <l20_1>
1000243e:	1c66      	adds	r6, r4, #1
10002440:	0af6      	lsrs	r6, r6, #11
10002442:	d004      	beq.n	1000244e <l20_2>

10002444 <l20_1>:
10002444:	2200      	movs	r2, #0
10002446:	2301      	movs	r3, #1
10002448:	051b      	lsls	r3, r3, #20
1000244a:	3c80      	subs	r4, #128	@ 0x80
1000244c:	0324      	lsls	r4, r4, #12

1000244e <l20_2>:
1000244e:	25d0      	movs	r5, #208	@ 0xd0
10002450:	062d      	lsls	r5, r5, #24
10002452:	2600      	movs	r6, #0
10002454:	43f6      	mvns	r6, r6
10002456:	662e      	str	r6, [r5, #96]	@ 0x60
10002458:	091e      	lsrs	r6, r3, #4
1000245a:	666e      	str	r6, [r5, #100]	@ 0x64
1000245c:	0fce      	lsrs	r6, r1, #31
1000245e:	19f6      	adds	r6, r6, r7
10002460:	46b4      	mov	ip, r6
10002462:	0049      	lsls	r1, r1, #1
10002464:	0d4f      	lsrs	r7, r1, #21
10002466:	d002      	beq.n	1000246e <l20_2+0x20>
10002468:	1c7e      	adds	r6, r7, #1
1000246a:	0af6      	lsrs	r6, r6, #11
1000246c:	d003      	beq.n	10002476 <l20_2+0x28>
1000246e:	2000      	movs	r0, #0
10002470:	2100      	movs	r1, #0
10002472:	3f40      	subs	r7, #64	@ 0x40
10002474:	033f      	lsls	r7, r7, #12
10002476:	1b3e      	subs	r6, r7, r4
10002478:	00b6      	lsls	r6, r6, #2
1000247a:	44b4      	add	ip, r6
1000247c:	3f01      	subs	r7, #1
1000247e:	057f      	lsls	r7, r7, #21
10002480:	1bc9      	subs	r1, r1, r7
10002482:	0849      	lsrs	r1, r1, #1
10002484:	6f2e      	ldr	r6, [r5, #112]	@ 0x70
10002486:	3601      	adds	r6, #1
10002488:	0876      	lsrs	r6, r6, #1
1000248a:	029c      	lsls	r4, r3, #10
1000248c:	0d95      	lsrs	r5, r2, #22
1000248e:	4325      	orrs	r5, r4
10002490:	4375      	muls	r5, r6
10002492:	13ed      	asrs	r5, r5, #15
10002494:	4375      	muls	r5, r6
10002496:	13ad      	asrs	r5, r5, #14
10002498:	3501      	adds	r5, #1
1000249a:	106d      	asrs	r5, r5, #1
1000249c:	03f6      	lsls	r6, r6, #15
1000249e:	1b76      	subs	r6, r6, r5
100024a0:	b40c      	push	{r2, r3}
100024a2:	02cc      	lsls	r4, r1, #11
100024a4:	0d45      	lsrs	r5, r0, #21
100024a6:	432c      	orrs	r4, r5
100024a8:	b2a2      	uxth	r2, r4
100024aa:	b2b3      	uxth	r3, r6
100024ac:	435a      	muls	r2, r3
100024ae:	0c27      	lsrs	r7, r4, #16
100024b0:	437b      	muls	r3, r7
100024b2:	0c35      	lsrs	r5, r6, #16
100024b4:	436f      	muls	r7, r5
100024b6:	b2a4      	uxth	r4, r4
100024b8:	436c      	muls	r4, r5
100024ba:	191b      	adds	r3, r3, r4
100024bc:	d302      	bcc.n	100024c4 <l21_1>
100024be:	2401      	movs	r4, #1
100024c0:	0424      	lsls	r4, r4, #16
100024c2:	193f      	adds	r7, r7, r4

100024c4 <l21_1>:
100024c4:	041c      	lsls	r4, r3, #16
100024c6:	0c1d      	lsrs	r5, r3, #16
100024c8:	18a4      	adds	r4, r4, r2
100024ca:	417d      	adcs	r5, r7
100024cc:	1924      	adds	r4, r4, r4
100024ce:	416d      	adcs	r5, r5
100024d0:	9a00      	ldr	r2, [sp, #0]
100024d2:	b291      	uxth	r1, r2
100024d4:	b2ac      	uxth	r4, r5
100024d6:	4361      	muls	r1, r4
100024d8:	0c17      	lsrs	r7, r2, #16
100024da:	437c      	muls	r4, r7
100024dc:	0c2b      	lsrs	r3, r5, #16
100024de:	435f      	muls	r7, r3
100024e0:	b292      	uxth	r2, r2
100024e2:	435a      	muls	r2, r3
100024e4:	18a4      	adds	r4, r4, r2
100024e6:	d302      	bcc.n	100024ee <l22_1>
100024e8:	2201      	movs	r2, #1
100024ea:	0412      	lsls	r2, r2, #16
100024ec:	18bf      	adds	r7, r7, r2

100024ee <l22_1>:
100024ee:	0422      	lsls	r2, r4, #16
100024f0:	0c23      	lsrs	r3, r4, #16
100024f2:	1852      	adds	r2, r2, r1
100024f4:	417b      	adcs	r3, r7
100024f6:	9c01      	ldr	r4, [sp, #4]
100024f8:	436c      	muls	r4, r5
100024fa:	191b      	adds	r3, r3, r4
100024fc:	0e52      	lsrs	r2, r2, #25
100024fe:	01d9      	lsls	r1, r3, #7
10002500:	430a      	orrs	r2, r1
10002502:	0144      	lsls	r4, r0, #5
10002504:	1aa0      	subs	r0, r4, r2
10002506:	b281      	uxth	r1, r0
10002508:	b2b2      	uxth	r2, r6
1000250a:	4351      	muls	r1, r2
1000250c:	1403      	asrs	r3, r0, #16
1000250e:	435a      	muls	r2, r3
10002510:	0c36      	lsrs	r6, r6, #16
10002512:	4373      	muls	r3, r6
10002514:	b287      	uxth	r7, r0
10002516:	4377      	muls	r7, r6
10002518:	17d6      	asrs	r6, r2, #31
1000251a:	19d2      	adds	r2, r2, r7
1000251c:	2700      	movs	r7, #0
1000251e:	417e      	adcs	r6, r7
10002520:	0436      	lsls	r6, r6, #16
10002522:	199b      	adds	r3, r3, r6
10002524:	0417      	lsls	r7, r2, #16
10002526:	0c16      	lsrs	r6, r2, #16
10002528:	187f      	adds	r7, r7, r1
1000252a:	415e      	adcs	r6, r3
1000252c:	1673      	asrs	r3, r6, #25
1000252e:	18ed      	adds	r5, r5, r3
10002530:	01f3      	lsls	r3, r6, #7
10002532:	2600      	movs	r6, #0
10002534:	3380      	adds	r3, #128	@ 0x80
10002536:	4175      	adcs	r5, r6
10002538:	0fa9      	lsrs	r1, r5, #30
1000253a:	d106      	bne.n	1000254a <dd_0>
1000253c:	0064      	lsls	r4, r4, #1
1000253e:	0a69      	lsrs	r1, r5, #9
10002540:	05e8      	lsls	r0, r5, #23
10002542:	0a5b      	lsrs	r3, r3, #9
10002544:	4318      	orrs	r0, r3
10002546:	d209      	bcs.n	1000255c <dd_1>
10002548:	e02f      	b.n	100025aa <dd_2>

1000254a <dd_0>:
1000254a:	2204      	movs	r2, #4
1000254c:	4494      	add	ip, r2
1000254e:	3380      	adds	r3, #128	@ 0x80
10002550:	4175      	adcs	r5, r6
10002552:	0aa9      	lsrs	r1, r5, #10
10002554:	05a8      	lsls	r0, r5, #22
10002556:	0a9b      	lsrs	r3, r3, #10
10002558:	4318      	orrs	r0, r3
1000255a:	d326      	bcc.n	100025aa <dd_2>

1000255c <dd_1>:
1000255c:	4140      	adcs	r0, r0
1000255e:	4149      	adcs	r1, r1
10002560:	0424      	lsls	r4, r4, #16
10002562:	9a00      	ldr	r2, [sp, #0]
10002564:	9b01      	ldr	r3, [sp, #4]
10002566:	000d      	movs	r5, r1
10002568:	4355      	muls	r5, r2
1000256a:	1b64      	subs	r4, r4, r5
1000256c:	4343      	muls	r3, r0
1000256e:	1ae4      	subs	r4, r4, r3
10002570:	b295      	uxth	r5, r2
10002572:	b286      	uxth	r6, r0
10002574:	4375      	muls	r5, r6
10002576:	0c17      	lsrs	r7, r2, #16
10002578:	437e      	muls	r6, r7
1000257a:	0c03      	lsrs	r3, r0, #16
1000257c:	435f      	muls	r7, r3
1000257e:	b292      	uxth	r2, r2
10002580:	435a      	muls	r2, r3
10002582:	18b6      	adds	r6, r6, r2
10002584:	d302      	bcc.n	1000258c <l24_1>
10002586:	2201      	movs	r2, #1
10002588:	0412      	lsls	r2, r2, #16
1000258a:	18bf      	adds	r7, r7, r2

1000258c <l24_1>:
1000258c:	0432      	lsls	r2, r6, #16
1000258e:	0c33      	lsrs	r3, r6, #16
10002590:	1952      	adds	r2, r2, r5
10002592:	417b      	adcs	r3, r7
10002594:	4252      	negs	r2, r2
10002596:	419c      	sbcs	r4, r3
10002598:	2c00      	cmp	r4, #0
1000259a:	d402      	bmi.n	100025a2 <l24_1+0x16>
1000259c:	2200      	movs	r2, #0
1000259e:	3001      	adds	r0, #1
100025a0:	4151      	adcs	r1, r2
100025a2:	0840      	lsrs	r0, r0, #1
100025a4:	07ca      	lsls	r2, r1, #31
100025a6:	4310      	orrs	r0, r2
100025a8:	0849      	lsrs	r1, r1, #1

100025aa <dd_2>:
100025aa:	b002      	add	sp, #8
100025ac:	4662      	mov	r2, ip
100025ae:	07d7      	lsls	r7, r2, #31
100025b0:	1092      	asrs	r2, r2, #2
100025b2:	4b08      	ldr	r3, [pc, #32]	@ (100025d4 <dd_4+0x6>)
100025b4:	18d2      	adds	r2, r2, r3
100025b6:	4b08      	ldr	r3, [pc, #32]	@ (100025d8 <dd_4+0xa>)
100025b8:	429a      	cmp	r2, r3
100025ba:	d203      	bcs.n	100025c4 <dd_3>
100025bc:	0512      	lsls	r2, r2, #20
100025be:	1889      	adds	r1, r1, r2

100025c0 <dd_5>:
100025c0:	19c9      	adds	r1, r1, r7
100025c2:	bdf0      	pop	{r4, r5, r6, r7, pc}

100025c4 <dd_3>:
100025c4:	2000      	movs	r0, #0
100025c6:	2a00      	cmp	r2, #0
100025c8:	dc01      	bgt.n	100025ce <dd_4>
100025ca:	0039      	movs	r1, r7
100025cc:	bdf0      	pop	{r4, r5, r6, r7, pc}

100025ce <dd_4>:
100025ce:	3301      	adds	r3, #1
100025d0:	0519      	lsls	r1, r3, #20
100025d2:	e7f5      	b.n	100025c0 <dd_5>
100025d4:	000003fd 	.word	0x000003fd
100025d8:	000007fe 	.word	0x000007fe

100025dc <double2uint_shim>:
100025dc:	2200      	movs	r2, #0

100025de <double2ufix_shim>:
100025de:	b500      	push	{lr}
100025e0:	3220      	adds	r2, #32
100025e2:	f000 f804 	bl	100025ee <double2ufix64_shim>
100025e6:	0008      	movs	r0, r1
100025e8:	bd00      	pop	{pc}
	...

100025ec <double2uint64_shim>:
100025ec:	2200      	movs	r2, #0

100025ee <double2ufix64_shim>:
100025ee:	150b      	asrs	r3, r1, #20
100025f0:	d40a      	bmi.n	10002608 <ret_dzero>

100025f2 <d2fix>:
100025f2:	b510      	push	{r4, lr}
100025f4:	4694      	mov	ip, r2
100025f6:	f000 f831 	bl	1000265c <dunpacks>
100025fa:	1414      	asrs	r4, r2, #16
100025fc:	3401      	adds	r4, #1
100025fe:	da00      	bge.n	10002602 <d2fix+0x10>
10002600:	2100      	movs	r1, #0
10002602:	17cb      	asrs	r3, r1, #31
10002604:	4c14      	ldr	r4, [pc, #80]	@ (10002658 <d2fix_a+0x4a>)
10002606:	4720      	bx	r4

10002608 <ret_dzero>:
10002608:	2000      	movs	r0, #0
1000260a:	2100      	movs	r1, #0
1000260c:	4770      	bx	lr

1000260e <d2fix_a>:
1000260e:	4462      	add	r2, ip
10002610:	3a34      	subs	r2, #52	@ 0x34
10002612:	d40c      	bmi.n	1000262e <d2fix_a+0x20>
10002614:	2a0c      	cmp	r2, #12
10002616:	da07      	bge.n	10002628 <d2fix_a+0x1a>
10002618:	0004      	movs	r4, r0
1000261a:	4091      	lsls	r1, r2
1000261c:	4090      	lsls	r0, r2
1000261e:	4252      	negs	r2, r2
10002620:	3220      	adds	r2, #32
10002622:	40d4      	lsrs	r4, r2
10002624:	4321      	orrs	r1, r4
10002626:	bd10      	pop	{r4, pc}
10002628:	43d8      	mvns	r0, r3
1000262a:	43d9      	mvns	r1, r3
1000262c:	bd10      	pop	{r4, pc}
1000262e:	3220      	adds	r2, #32
10002630:	d407      	bmi.n	10002642 <d2fix_a+0x34>
10002632:	460c      	mov	r4, r1
10002634:	4094      	lsls	r4, r2
10002636:	4252      	negs	r2, r2
10002638:	3220      	adds	r2, #32
1000263a:	4111      	asrs	r1, r2
1000263c:	40d0      	lsrs	r0, r2
1000263e:	4320      	orrs	r0, r4
10002640:	bd10      	pop	{r4, pc}
10002642:	0008      	movs	r0, r1
10002644:	17c9      	asrs	r1, r1, #31
10002646:	3220      	adds	r2, #32
10002648:	d403      	bmi.n	10002652 <d2fix_a+0x44>
1000264a:	4252      	negs	r2, r2
1000264c:	3220      	adds	r2, #32
1000264e:	4110      	asrs	r0, r2
10002650:	bd10      	pop	{r4, pc}
10002652:	0018      	movs	r0, r3
10002654:	0019      	movs	r1, r3
10002656:	bd10      	pop	{r4, pc}
10002658:	1000260f 	.word	0x1000260f

1000265c <dunpacks>:
1000265c:	0d0a      	lsrs	r2, r1, #20
1000265e:	0fcc      	lsrs	r4, r1, #31
10002660:	1e53      	subs	r3, r2, #1
10002662:	051b      	lsls	r3, r3, #20
10002664:	1ac9      	subs	r1, r1, r3
10002666:	0552      	lsls	r2, r2, #21
10002668:	d303      	bcc.n	10002672 <l60_1>
1000266a:	43c9      	mvns	r1, r1
1000266c:	4240      	negs	r0, r0
1000266e:	d300      	bcc.n	10002672 <l60_1>
10002670:	3101      	adds	r1, #1

10002672 <l60_1>:
10002672:	0d52      	lsrs	r2, r2, #21
10002674:	d003      	beq.n	1000267e <l60_2>
10002676:	1c53      	adds	r3, r2, #1
10002678:	0adb      	lsrs	r3, r3, #11
1000267a:	d007      	beq.n	1000268c <l60_3>
1000267c:	1b12      	subs	r2, r2, r4

1000267e <l60_2>:
1000267e:	2000      	movs	r0, #0
10002680:	0064      	lsls	r4, r4, #1
10002682:	1c61      	adds	r1, r4, #1
10002684:	0789      	lsls	r1, r1, #30
10002686:	1289      	asrs	r1, r1, #10
10002688:	3a80      	subs	r2, #128	@ 0x80
1000268a:	0312      	lsls	r2, r2, #12

1000268c <l60_3>:
1000268c:	4b01      	ldr	r3, [pc, #4]	@ (10002694 <l60_3+0x8>)
1000268e:	1ad2      	subs	r2, r2, r3
10002690:	4770      	bx	lr
10002692:	0000      	.short	0x0000
10002694:	000003ff 	.word	0x000003ff

10002698 <__wrap___aeabi_lmul>:
10002698:	4351      	muls	r1, r2
1000269a:	4343      	muls	r3, r0
1000269c:	18c9      	adds	r1, r1, r3
1000269e:	468c      	mov	ip, r1
100026a0:	0c11      	lsrs	r1, r2, #16
100026a2:	b283      	uxth	r3, r0
100026a4:	434b      	muls	r3, r1
100026a6:	b410      	push	{r4}
100026a8:	0c04      	lsrs	r4, r0, #16
100026aa:	4361      	muls	r1, r4
100026ac:	b292      	uxth	r2, r2
100026ae:	b280      	uxth	r0, r0
100026b0:	4350      	muls	r0, r2
100026b2:	4362      	muls	r2, r4
100026b4:	041c      	lsls	r4, r3, #16
100026b6:	0c1b      	lsrs	r3, r3, #16
100026b8:	1900      	adds	r0, r0, r4
100026ba:	bc10      	pop	{r4}
100026bc:	4159      	adcs	r1, r3
100026be:	0413      	lsls	r3, r2, #16
100026c0:	0c12      	lsrs	r2, r2, #16
100026c2:	18c0      	adds	r0, r0, r3
100026c4:	4151      	adcs	r1, r2
100026c6:	4461      	add	r1, ip
100026c8:	4770      	bx	lr
	...

100026cc <__aeabi_float_init>:
100026cc:	2313      	movs	r3, #19
100026ce:	b510      	push	{r4, lr}
100026d0:	4812      	ldr	r0, [pc, #72]	@ (1000271c <__aeabi_float_init+0x50>)
100026d2:	781c      	ldrb	r4, [r3, #0]
100026d4:	f7ff f864 	bl	100017a0 <rom_data_lookup>
100026d8:	0001      	movs	r1, r0
100026da:	2c01      	cmp	r4, #1
100026dc:	d00a      	beq.n	100026f4 <__aeabi_float_init+0x28>
100026de:	dd03      	ble.n	100026e8 <__aeabi_float_init+0x1c>
100026e0:	2280      	movs	r2, #128	@ 0x80
100026e2:	480f      	ldr	r0, [pc, #60]	@ (10002720 <__aeabi_float_init+0x54>)
100026e4:	f000 f848 	bl	10002778 <__wrap___aeabi_memcpy>
100026e8:	480e      	ldr	r0, [pc, #56]	@ (10002724 <__aeabi_float_init+0x58>)
100026ea:	f7ff f851 	bl	10001790 <rom_func_lookup>
100026ee:	4b0e      	ldr	r3, [pc, #56]	@ (10002728 <__aeabi_float_init+0x5c>)
100026f0:	6018      	str	r0, [r3, #0]
100026f2:	bd10      	pop	{r4, pc}
100026f4:	4c0a      	ldr	r4, [pc, #40]	@ (10002720 <__aeabi_float_init+0x54>)
100026f6:	2254      	movs	r2, #84	@ 0x54
100026f8:	0020      	movs	r0, r4
100026fa:	f000 f83d 	bl	10002778 <__wrap___aeabi_memcpy>
100026fe:	4b0b      	ldr	r3, [pc, #44]	@ (1000272c <__aeabi_float_init+0x60>)
10002700:	6563      	str	r3, [r4, #84]	@ 0x54
10002702:	65a3      	str	r3, [r4, #88]	@ 0x58
10002704:	65e3      	str	r3, [r4, #92]	@ 0x5c
10002706:	6623      	str	r3, [r4, #96]	@ 0x60
10002708:	6663      	str	r3, [r4, #100]	@ 0x64
1000270a:	66a3      	str	r3, [r4, #104]	@ 0x68
1000270c:	66e3      	str	r3, [r4, #108]	@ 0x6c
1000270e:	6723      	str	r3, [r4, #112]	@ 0x70
10002710:	6763      	str	r3, [r4, #116]	@ 0x74
10002712:	67a3      	str	r3, [r4, #120]	@ 0x78
10002714:	67e3      	str	r3, [r4, #124]	@ 0x7c
10002716:	6223      	str	r3, [r4, #32]
10002718:	61e3      	str	r3, [r4, #28]
1000271a:	e7e5      	b.n	100026e8 <__aeabi_float_init+0x1c>
1000271c:	00004653 	.word	0x00004653
10002720:	200012e8 	.word	0x200012e8
10002724:	0000334c 	.word	0x0000334c
10002728:	20001f70 	.word	0x20001f70
1000272c:	10002731 	.word	0x10002731

10002730 <float_table_shim_on_use_helper>:
10002730:	b507      	push	{r0, r1, r2, lr}
10002732:	4660      	mov	r0, ip
10002734:	8801      	ldrh	r1, [r0, #0]
10002736:	0a0a      	lsrs	r2, r1, #8
10002738:	3002      	adds	r0, #2
1000273a:	2adf      	cmp	r2, #223	@ 0xdf
1000273c:	d1fa      	bne.n	10002734 <float_table_shim_on_use_helper+0x4>
1000273e:	b2c9      	uxtb	r1, r1
10002740:	0882      	lsrs	r2, r0, #2
10002742:	d304      	bcc.n	1000274e <float_table_shim_on_use_helper+0x1e>
10002744:	8802      	ldrh	r2, [r0, #0]
10002746:	8840      	ldrh	r0, [r0, #2]
10002748:	0400      	lsls	r0, r0, #16
1000274a:	4310      	orrs	r0, r2
1000274c:	e000      	b.n	10002750 <float_table_shim_on_use_helper+0x20>
1000274e:	6800      	ldr	r0, [r0, #0]
10002750:	4a01      	ldr	r2, [pc, #4]	@ (10002758 <float_table_shim_on_use_helper+0x28>)
10002752:	5050      	str	r0, [r2, r1]
10002754:	9003      	str	r0, [sp, #12]
10002756:	bd07      	pop	{r0, r1, r2, pc}
10002758:	200012e8 	.word	0x200012e8

1000275c <__aeabi_mem_init>:
1000275c:	4801      	ldr	r0, [pc, #4]	@ (10002764 <__aeabi_mem_init+0x8>)
1000275e:	2104      	movs	r1, #4
10002760:	4b01      	ldr	r3, [pc, #4]	@ (10002768 <__aeabi_mem_init+0xc>)
10002762:	4718      	bx	r3
10002764:	20001010 	.word	0x20001010
10002768:	100017b1 	.word	0x100017b1

1000276c <__wrap_memset>:
1000276c:	4b01      	ldr	r3, [pc, #4]	@ (10002774 <__wrap_memset+0x8>)
1000276e:	681b      	ldr	r3, [r3, #0]
10002770:	4718      	bx	r3
10002772:	0000      	.short	0x0000
10002774:	20001010 	.word	0x20001010

10002778 <__wrap___aeabi_memcpy>:
10002778:	4b01      	ldr	r3, [pc, #4]	@ (10002780 <__wrap___aeabi_memcpy+0x8>)
1000277a:	685b      	ldr	r3, [r3, #4]
1000277c:	4718      	bx	r3
1000277e:	0000      	.short	0x0000
10002780:	20001010 	.word	0x20001010

10002784 <_out_null>:
10002784:	4770      	bx	lr
10002786:	46c0      	nop			@ (mov r8, r8)

10002788 <_out_rev>:
10002788:	b5f8      	push	{r3, r4, r5, r6, r7, lr}
1000278a:	4657      	mov	r7, sl
1000278c:	46de      	mov	lr, fp
1000278e:	464e      	mov	r6, r9
10002790:	4645      	mov	r5, r8
10002792:	b5e0      	push	{r5, r6, r7, lr}
10002794:	4699      	mov	r9, r3
10002796:	9b0a      	ldr	r3, [sp, #40]	@ 0x28
10002798:	0007      	movs	r7, r0
1000279a:	469a      	mov	sl, r3
1000279c:	9b0d      	ldr	r3, [sp, #52]	@ 0x34
1000279e:	4688      	mov	r8, r1
100027a0:	4693      	mov	fp, r2
100027a2:	9c0b      	ldr	r4, [sp, #44]	@ 0x2c
100027a4:	079b      	lsls	r3, r3, #30
100027a6:	d13b      	bne.n	10002820 <_out_rev+0x98>
100027a8:	9b0c      	ldr	r3, [sp, #48]	@ 0x30
100027aa:	429c      	cmp	r4, r3
100027ac:	d23d      	bcs.n	1000282a <_out_rev+0xa2>
100027ae:	1b1e      	subs	r6, r3, r4
100027b0:	940b      	str	r4, [sp, #44]	@ 0x2c
100027b2:	0015      	movs	r5, r2
100027b4:	000c      	movs	r4, r1
100027b6:	445e      	add	r6, fp
100027b8:	002a      	movs	r2, r5
100027ba:	464b      	mov	r3, r9
100027bc:	3501      	adds	r5, #1
100027be:	0021      	movs	r1, r4
100027c0:	2020      	movs	r0, #32
100027c2:	47b8      	blx	r7
100027c4:	42b5      	cmp	r5, r6
100027c6:	d1f7      	bne.n	100027b8 <_out_rev+0x30>
100027c8:	46a0      	mov	r8, r4
100027ca:	9c0b      	ldr	r4, [sp, #44]	@ 0x2c
100027cc:	2c00      	cmp	r4, #0
100027ce:	d020      	beq.n	10002812 <_out_rev+0x8a>
100027d0:	4645      	mov	r5, r8
100027d2:	1936      	adds	r6, r6, r4
100027d4:	4653      	mov	r3, sl
100027d6:	1b32      	subs	r2, r6, r4
100027d8:	3c01      	subs	r4, #1
100027da:	5d18      	ldrb	r0, [r3, r4]
100027dc:	0029      	movs	r1, r5
100027de:	464b      	mov	r3, r9
100027e0:	47b8      	blx	r7
100027e2:	2c00      	cmp	r4, #0
100027e4:	d1f6      	bne.n	100027d4 <_out_rev+0x4c>
100027e6:	002b      	movs	r3, r5
100027e8:	0035      	movs	r5, r6
100027ea:	4698      	mov	r8, r3
100027ec:	9b0d      	ldr	r3, [sp, #52]	@ 0x34
100027ee:	079b      	lsls	r3, r3, #30
100027f0:	d50f      	bpl.n	10002812 <_out_rev+0x8a>
100027f2:	465b      	mov	r3, fp
100027f4:	1aec      	subs	r4, r5, r3
100027f6:	9b0c      	ldr	r3, [sp, #48]	@ 0x30
100027f8:	42a3      	cmp	r3, r4
100027fa:	d90a      	bls.n	10002812 <_out_rev+0x8a>
100027fc:	4646      	mov	r6, r8
100027fe:	4698      	mov	r8, r3
10002800:	002a      	movs	r2, r5
10002802:	464b      	mov	r3, r9
10002804:	0031      	movs	r1, r6
10002806:	2020      	movs	r0, #32
10002808:	3401      	adds	r4, #1
1000280a:	47b8      	blx	r7
1000280c:	3501      	adds	r5, #1
1000280e:	4544      	cmp	r4, r8
10002810:	d3f6      	bcc.n	10002800 <_out_rev+0x78>
10002812:	0028      	movs	r0, r5
10002814:	bcf0      	pop	{r4, r5, r6, r7}
10002816:	46bb      	mov	fp, r7
10002818:	46b2      	mov	sl, r6
1000281a:	46a9      	mov	r9, r5
1000281c:	46a0      	mov	r8, r4
1000281e:	bdf8      	pop	{r3, r4, r5, r6, r7, pc}
10002820:	0016      	movs	r6, r2
10002822:	0015      	movs	r5, r2
10002824:	2c00      	cmp	r4, #0
10002826:	d1d3      	bne.n	100027d0 <_out_rev+0x48>
10002828:	e7e0      	b.n	100027ec <_out_rev+0x64>
1000282a:	0016      	movs	r6, r2
1000282c:	0015      	movs	r5, r2
1000282e:	2c00      	cmp	r4, #0
10002830:	d1ce      	bne.n	100027d0 <_out_rev+0x48>
10002832:	e7ee      	b.n	10002812 <_out_rev+0x8a>

10002834 <_ntoa_format>:
10002834:	b5f0      	push	{r4, r5, r6, r7, lr}
10002836:	4645      	mov	r5, r8
10002838:	46de      	mov	lr, fp
1000283a:	4657      	mov	r7, sl
1000283c:	464e      	mov	r6, r9
1000283e:	b5e0      	push	{r5, r6, r7, lr}
10002840:	b085      	sub	sp, #20
10002842:	469c      	mov	ip, r3
10002844:	ab10      	add	r3, sp, #64	@ 0x40
10002846:	781b      	ldrb	r3, [r3, #0]
10002848:	9f14      	ldr	r7, [sp, #80]	@ 0x50
1000284a:	4693      	mov	fp, r2
1000284c:	4698      	mov	r8, r3
1000284e:	9c0f      	ldr	r4, [sp, #60]	@ 0x3c
10002850:	9e12      	ldr	r6, [sp, #72]	@ 0x48
10002852:	9d13      	ldr	r5, [sp, #76]	@ 0x4c
10002854:	07bb      	lsls	r3, r7, #30
10002856:	d44c      	bmi.n	100028f2 <_ntoa_format+0xbe>
10002858:	2d00      	cmp	r5, #0
1000285a:	d142      	bne.n	100028e2 <_ntoa_format+0xae>
1000285c:	42b4      	cmp	r4, r6
1000285e:	d248      	bcs.n	100028f2 <_ntoa_format+0xbe>
10002860:	2301      	movs	r3, #1
10002862:	403b      	ands	r3, r7
10002864:	4699      	mov	r9, r3
10002866:	9b0e      	ldr	r3, [sp, #56]	@ 0x38
10002868:	3b01      	subs	r3, #1
1000286a:	469a      	mov	sl, r3
1000286c:	2330      	movs	r3, #48	@ 0x30
1000286e:	e004      	b.n	1000287a <_ntoa_format+0x46>
10002870:	4652      	mov	r2, sl
10002872:	3401      	adds	r4, #1
10002874:	5513      	strb	r3, [r2, r4]
10002876:	42a6      	cmp	r6, r4
10002878:	d901      	bls.n	1000287e <_ntoa_format+0x4a>
1000287a:	2c20      	cmp	r4, #32
1000287c:	d1f8      	bne.n	10002870 <_ntoa_format+0x3c>
1000287e:	464b      	mov	r3, r9
10002880:	2b00      	cmp	r3, #0
10002882:	d100      	bne.n	10002886 <_ntoa_format+0x52>
10002884:	e083      	b.n	1000298e <_ntoa_format+0x15a>
10002886:	9b0e      	ldr	r3, [sp, #56]	@ 0x38
10002888:	3b01      	subs	r3, #1
1000288a:	4699      	mov	r9, r3
1000288c:	2330      	movs	r3, #48	@ 0x30
1000288e:	42a5      	cmp	r5, r4
10002890:	d805      	bhi.n	1000289e <_ntoa_format+0x6a>
10002892:	e02e      	b.n	100028f2 <_ntoa_format+0xbe>
10002894:	464a      	mov	r2, r9
10002896:	3401      	adds	r4, #1
10002898:	5513      	strb	r3, [r2, r4]
1000289a:	42ac      	cmp	r4, r5
1000289c:	d029      	beq.n	100028f2 <_ntoa_format+0xbe>
1000289e:	2c20      	cmp	r4, #32
100028a0:	d1f8      	bne.n	10002894 <_ntoa_format+0x60>
100028a2:	06fb      	lsls	r3, r7, #27
100028a4:	d50c      	bpl.n	100028c0 <_ntoa_format+0x8c>
100028a6:	057b      	lsls	r3, r7, #21
100028a8:	d454      	bmi.n	10002954 <_ntoa_format+0x120>
100028aa:	42a6      	cmp	r6, r4
100028ac:	d063      	beq.n	10002976 <_ntoa_format+0x142>
100028ae:	42a5      	cmp	r5, r4
100028b0:	d061      	beq.n	10002976 <_ntoa_format+0x142>
100028b2:	9b11      	ldr	r3, [sp, #68]	@ 0x44
100028b4:	2b10      	cmp	r3, #16
100028b6:	d050      	beq.n	1000295a <_ntoa_format+0x126>
100028b8:	2b02      	cmp	r3, #2
100028ba:	d057      	beq.n	1000296c <_ntoa_format+0x138>
100028bc:	2c20      	cmp	r4, #32
100028be:	d132      	bne.n	10002926 <_ntoa_format+0xf2>
100028c0:	2320      	movs	r3, #32
100028c2:	9301      	str	r3, [sp, #4]
100028c4:	9b0e      	ldr	r3, [sp, #56]	@ 0x38
100028c6:	465a      	mov	r2, fp
100028c8:	9300      	str	r3, [sp, #0]
100028ca:	9703      	str	r7, [sp, #12]
100028cc:	4663      	mov	r3, ip
100028ce:	9502      	str	r5, [sp, #8]
100028d0:	f7ff ff5a 	bl	10002788 <_out_rev>
100028d4:	b005      	add	sp, #20
100028d6:	bcf0      	pop	{r4, r5, r6, r7}
100028d8:	46bb      	mov	fp, r7
100028da:	46b2      	mov	sl, r6
100028dc:	46a9      	mov	r9, r5
100028de:	46a0      	mov	r8, r4
100028e0:	bdf0      	pop	{r4, r5, r6, r7, pc}
100028e2:	2301      	movs	r3, #1
100028e4:	403b      	ands	r3, r7
100028e6:	4699      	mov	r9, r3
100028e8:	2301      	movs	r3, #1
100028ea:	423b      	tst	r3, r7
100028ec:	d12a      	bne.n	10002944 <_ntoa_format+0x110>
100028ee:	42b4      	cmp	r4, r6
100028f0:	d3b9      	bcc.n	10002866 <_ntoa_format+0x32>
100028f2:	06fb      	lsls	r3, r7, #27
100028f4:	d51c      	bpl.n	10002930 <_ntoa_format+0xfc>
100028f6:	057b      	lsls	r3, r7, #21
100028f8:	d4db      	bmi.n	100028b2 <_ntoa_format+0x7e>
100028fa:	2c00      	cmp	r4, #0
100028fc:	d1d5      	bne.n	100028aa <_ntoa_format+0x76>
100028fe:	9b11      	ldr	r3, [sp, #68]	@ 0x44
10002900:	2b10      	cmp	r3, #16
10002902:	d05b      	beq.n	100029bc <_ntoa_format+0x188>
10002904:	9b11      	ldr	r3, [sp, #68]	@ 0x44
10002906:	2b02      	cmp	r3, #2
10002908:	d06b      	beq.n	100029e2 <_ntoa_format+0x1ae>
1000290a:	2330      	movs	r3, #48	@ 0x30
1000290c:	2401      	movs	r4, #1
1000290e:	9a0e      	ldr	r2, [sp, #56]	@ 0x38
10002910:	7013      	strb	r3, [r2, #0]
10002912:	4643      	mov	r3, r8
10002914:	2b00      	cmp	r3, #0
10002916:	d110      	bne.n	1000293a <_ntoa_format+0x106>
10002918:	077b      	lsls	r3, r7, #29
1000291a:	d53e      	bpl.n	1000299a <_ntoa_format+0x166>
1000291c:	262b      	movs	r6, #43	@ 0x2b
1000291e:	9a0e      	ldr	r2, [sp, #56]	@ 0x38
10002920:	1c63      	adds	r3, r4, #1
10002922:	5516      	strb	r6, [r2, r4]
10002924:	e7cd      	b.n	100028c2 <_ntoa_format+0x8e>
10002926:	0023      	movs	r3, r4
10002928:	3401      	adds	r4, #1
1000292a:	2630      	movs	r6, #48	@ 0x30
1000292c:	9a0e      	ldr	r2, [sp, #56]	@ 0x38
1000292e:	54d6      	strb	r6, [r2, r3]
10002930:	2c20      	cmp	r4, #32
10002932:	d0c5      	beq.n	100028c0 <_ntoa_format+0x8c>
10002934:	4643      	mov	r3, r8
10002936:	2b00      	cmp	r3, #0
10002938:	d0ee      	beq.n	10002918 <_ntoa_format+0xe4>
1000293a:	262d      	movs	r6, #45	@ 0x2d
1000293c:	9a0e      	ldr	r2, [sp, #56]	@ 0x38
1000293e:	1c63      	adds	r3, r4, #1
10002940:	5516      	strb	r6, [r2, r4]
10002942:	e7be      	b.n	100028c2 <_ntoa_format+0x8e>
10002944:	4643      	mov	r3, r8
10002946:	2b00      	cmp	r3, #0
10002948:	d02f      	beq.n	100029aa <_ntoa_format+0x176>
1000294a:	3d01      	subs	r5, #1
1000294c:	42b4      	cmp	r4, r6
1000294e:	d200      	bcs.n	10002952 <_ntoa_format+0x11e>
10002950:	e789      	b.n	10002866 <_ntoa_format+0x32>
10002952:	e798      	b.n	10002886 <_ntoa_format+0x52>
10002954:	9b11      	ldr	r3, [sp, #68]	@ 0x44
10002956:	2b10      	cmp	r3, #16
10002958:	d1b2      	bne.n	100028c0 <_ntoa_format+0x8c>
1000295a:	06bb      	lsls	r3, r7, #26
1000295c:	d537      	bpl.n	100029ce <_ntoa_format+0x19a>
1000295e:	2c20      	cmp	r4, #32
10002960:	d0ae      	beq.n	100028c0 <_ntoa_format+0x8c>
10002962:	2358      	movs	r3, #88	@ 0x58
10002964:	9a0e      	ldr	r2, [sp, #56]	@ 0x38
10002966:	5513      	strb	r3, [r2, r4]
10002968:	3401      	adds	r4, #1
1000296a:	e7a7      	b.n	100028bc <_ntoa_format+0x88>
1000296c:	2c20      	cmp	r4, #32
1000296e:	d0a7      	beq.n	100028c0 <_ntoa_format+0x8c>
10002970:	0023      	movs	r3, r4
10002972:	3401      	adds	r4, #1
10002974:	e007      	b.n	10002986 <_ntoa_format+0x152>
10002976:	1e63      	subs	r3, r4, #1
10002978:	2c01      	cmp	r4, #1
1000297a:	d0c0      	beq.n	100028fe <_ntoa_format+0xca>
1000297c:	9a11      	ldr	r2, [sp, #68]	@ 0x44
1000297e:	2a10      	cmp	r2, #16
10002980:	d031      	beq.n	100029e6 <_ntoa_format+0x1b2>
10002982:	2a02      	cmp	r2, #2
10002984:	d1d1      	bne.n	1000292a <_ntoa_format+0xf6>
10002986:	2662      	movs	r6, #98	@ 0x62
10002988:	9a0e      	ldr	r2, [sp, #56]	@ 0x38
1000298a:	54d6      	strb	r6, [r2, r3]
1000298c:	e796      	b.n	100028bc <_ntoa_format+0x88>
1000298e:	06fb      	lsls	r3, r7, #27
10002990:	d5ce      	bpl.n	10002930 <_ntoa_format+0xfc>
10002992:	057b      	lsls	r3, r7, #21
10002994:	d400      	bmi.n	10002998 <_ntoa_format+0x164>
10002996:	e788      	b.n	100028aa <_ntoa_format+0x76>
10002998:	e78b      	b.n	100028b2 <_ntoa_format+0x7e>
1000299a:	0023      	movs	r3, r4
1000299c:	073e      	lsls	r6, r7, #28
1000299e:	d590      	bpl.n	100028c2 <_ntoa_format+0x8e>
100029a0:	2620      	movs	r6, #32
100029a2:	9a0e      	ldr	r2, [sp, #56]	@ 0x38
100029a4:	3301      	adds	r3, #1
100029a6:	5516      	strb	r6, [r2, r4]
100029a8:	e78b      	b.n	100028c2 <_ntoa_format+0x8e>
100029aa:	230c      	movs	r3, #12
100029ac:	403b      	ands	r3, r7
100029ae:	1e5a      	subs	r2, r3, #1
100029b0:	4193      	sbcs	r3, r2
100029b2:	1aed      	subs	r5, r5, r3
100029b4:	42b4      	cmp	r4, r6
100029b6:	d200      	bcs.n	100029ba <_ntoa_format+0x186>
100029b8:	e755      	b.n	10002866 <_ntoa_format+0x32>
100029ba:	e764      	b.n	10002886 <_ntoa_format+0x52>
100029bc:	06bb      	lsls	r3, r7, #26
100029be:	d40e      	bmi.n	100029de <_ntoa_format+0x1aa>
100029c0:	2378      	movs	r3, #120	@ 0x78
100029c2:	9a0e      	ldr	r2, [sp, #56]	@ 0x38
100029c4:	2402      	movs	r4, #2
100029c6:	7013      	strb	r3, [r2, #0]
100029c8:	2330      	movs	r3, #48	@ 0x30
100029ca:	7053      	strb	r3, [r2, #1]
100029cc:	e7a1      	b.n	10002912 <_ntoa_format+0xde>
100029ce:	2c20      	cmp	r4, #32
100029d0:	d100      	bne.n	100029d4 <_ntoa_format+0x1a0>
100029d2:	e775      	b.n	100028c0 <_ntoa_format+0x8c>
100029d4:	2378      	movs	r3, #120	@ 0x78
100029d6:	9a0e      	ldr	r2, [sp, #56]	@ 0x38
100029d8:	5513      	strb	r3, [r2, r4]
100029da:	3401      	adds	r4, #1
100029dc:	e76e      	b.n	100028bc <_ntoa_format+0x88>
100029de:	2358      	movs	r3, #88	@ 0x58
100029e0:	e7ef      	b.n	100029c2 <_ntoa_format+0x18e>
100029e2:	3360      	adds	r3, #96	@ 0x60
100029e4:	e7ed      	b.n	100029c2 <_ntoa_format+0x18e>
100029e6:	9a0e      	ldr	r2, [sp, #56]	@ 0x38
100029e8:	1ea6      	subs	r6, r4, #2
100029ea:	4691      	mov	r9, r2
100029ec:	444e      	add	r6, r9
100029ee:	06ba      	lsls	r2, r7, #26
100029f0:	d502      	bpl.n	100029f8 <_ntoa_format+0x1c4>
100029f2:	2258      	movs	r2, #88	@ 0x58
100029f4:	7032      	strb	r2, [r6, #0]
100029f6:	e798      	b.n	1000292a <_ntoa_format+0xf6>
100029f8:	2278      	movs	r2, #120	@ 0x78
100029fa:	7032      	strb	r2, [r6, #0]
100029fc:	e795      	b.n	1000292a <_ntoa_format+0xf6>
100029fe:	46c0      	nop			@ (mov r8, r8)

10002a00 <_out_char>:
10002a00:	b510      	push	{r4, lr}
10002a02:	2800      	cmp	r0, #0
10002a04:	d100      	bne.n	10002a08 <_out_char+0x8>
10002a06:	bd10      	pop	{r4, pc}
10002a08:	f001 fc7e 	bl	10004308 <__wrap_putchar>
10002a0c:	e7fb      	b.n	10002a06 <_out_char+0x6>
10002a0e:	46c0      	nop			@ (mov r8, r8)

10002a10 <_out_fct>:
10002a10:	000b      	movs	r3, r1
10002a12:	b510      	push	{r4, lr}
10002a14:	2800      	cmp	r0, #0
10002a16:	d002      	beq.n	10002a1e <_out_fct+0xe>
10002a18:	6849      	ldr	r1, [r1, #4]
10002a1a:	681b      	ldr	r3, [r3, #0]
10002a1c:	4798      	blx	r3
10002a1e:	bd10      	pop	{r4, pc}

10002a20 <_ftoa>:
10002a20:	b5f0      	push	{r4, r5, r6, r7, lr}
10002a22:	4657      	mov	r7, sl
10002a24:	46de      	mov	lr, fp
10002a26:	464e      	mov	r6, r9
10002a28:	4645      	mov	r5, r8
10002a2a:	b5e0      	push	{r5, r6, r7, lr}
10002a2c:	b095      	sub	sp, #84	@ 0x54
10002a2e:	4683      	mov	fp, r0
10002a30:	000f      	movs	r7, r1
10002a32:	4692      	mov	sl, r2
10002a34:	4698      	mov	r8, r3
10002a36:	9a1e      	ldr	r2, [sp, #120]	@ 0x78
10002a38:	9b1f      	ldr	r3, [sp, #124]	@ 0x7c
10002a3a:	0010      	movs	r0, r2
10002a3c:	0019      	movs	r1, r3
10002a3e:	9e20      	ldr	r6, [sp, #128]	@ 0x80
10002a40:	f7ff facf 	bl	10001fe2 <__wrap___aeabi_dcmpun>
10002a44:	2800      	cmp	r0, #0
10002a46:	d000      	beq.n	10002a4a <_ftoa+0x2a>
10002a48:	e1ea      	b.n	10002e20 <_ftoa+0x400>
10002a4a:	981e      	ldr	r0, [sp, #120]	@ 0x78
10002a4c:	991f      	ldr	r1, [sp, #124]	@ 0x7c
10002a4e:	2201      	movs	r2, #1
10002a50:	4bc5      	ldr	r3, [pc, #788]	@ (10002d68 <_ftoa+0x348>)
10002a52:	4252      	negs	r2, r2
10002a54:	f7ff faaa 	bl	10001fac <__wrap___aeabi_dcmplt>
10002a58:	2800      	cmp	r0, #0
10002a5a:	d000      	beq.n	10002a5e <_ftoa+0x3e>
10002a5c:	e114      	b.n	10002c88 <_ftoa+0x268>
10002a5e:	981e      	ldr	r0, [sp, #120]	@ 0x78
10002a60:	991f      	ldr	r1, [sp, #124]	@ 0x7c
10002a62:	2201      	movs	r2, #1
10002a64:	4bc1      	ldr	r3, [pc, #772]	@ (10002d6c <_ftoa+0x34c>)
10002a66:	4252      	negs	r2, r2
10002a68:	f7ff fab6 	bl	10001fd8 <__wrap___aeabi_dcmpgt>
10002a6c:	2800      	cmp	r0, #0
10002a6e:	d000      	beq.n	10002a72 <_ftoa+0x52>
10002a70:	e0e9      	b.n	10002c46 <_ftoa+0x226>
10002a72:	981e      	ldr	r0, [sp, #120]	@ 0x78
10002a74:	991f      	ldr	r1, [sp, #124]	@ 0x7c
10002a76:	2200      	movs	r2, #0
10002a78:	4bbd      	ldr	r3, [pc, #756]	@ (10002d70 <_ftoa+0x350>)
10002a7a:	f7ff faad 	bl	10001fd8 <__wrap___aeabi_dcmpgt>
10002a7e:	2800      	cmp	r0, #0
10002a80:	d000      	beq.n	10002a84 <_ftoa+0x64>
10002a82:	e0c8      	b.n	10002c16 <_ftoa+0x1f6>
10002a84:	981e      	ldr	r0, [sp, #120]	@ 0x78
10002a86:	991f      	ldr	r1, [sp, #124]	@ 0x7c
10002a88:	2200      	movs	r2, #0
10002a8a:	4bba      	ldr	r3, [pc, #744]	@ (10002d74 <_ftoa+0x354>)
10002a8c:	f7ff fa8e 	bl	10001fac <__wrap___aeabi_dcmplt>
10002a90:	2800      	cmp	r0, #0
10002a92:	d000      	beq.n	10002a96 <_ftoa+0x76>
10002a94:	e0bf      	b.n	10002c16 <_ftoa+0x1f6>
10002a96:	981e      	ldr	r0, [sp, #120]	@ 0x78
10002a98:	991f      	ldr	r1, [sp, #124]	@ 0x7c
10002a9a:	2200      	movs	r2, #0
10002a9c:	2300      	movs	r3, #0
10002a9e:	f7ff fa85 	bl	10001fac <__wrap___aeabi_dcmplt>
10002aa2:	2800      	cmp	r0, #0
10002aa4:	d000      	beq.n	10002aa8 <_ftoa+0x88>
10002aa6:	e0e4      	b.n	10002c72 <_ftoa+0x252>
10002aa8:	2300      	movs	r3, #0
10002aaa:	930b      	str	r3, [sp, #44]	@ 0x2c
10002aac:	9b22      	ldr	r3, [sp, #136]	@ 0x88
10002aae:	055b      	lsls	r3, r3, #21
10002ab0:	d400      	bmi.n	10002ab4 <_ftoa+0x94>
10002ab2:	2606      	movs	r6, #6
10002ab4:	2400      	movs	r4, #0
10002ab6:	2330      	movs	r3, #48	@ 0x30
10002ab8:	e007      	b.n	10002aca <_ftoa+0xaa>
10002aba:	2117      	movs	r1, #23
10002abc:	aa06      	add	r2, sp, #24
10002abe:	3401      	adds	r4, #1
10002ac0:	1852      	adds	r2, r2, r1
10002ac2:	5513      	strb	r3, [r2, r4]
10002ac4:	3e01      	subs	r6, #1
10002ac6:	2c20      	cmp	r4, #32
10002ac8:	d001      	beq.n	10002ace <_ftoa+0xae>
10002aca:	2e09      	cmp	r6, #9
10002acc:	d8f5      	bhi.n	10002aba <_ftoa+0x9a>
10002ace:	981e      	ldr	r0, [sp, #120]	@ 0x78
10002ad0:	991f      	ldr	r1, [sp, #124]	@ 0x7c
10002ad2:	f7ff faaf 	bl	10002034 <__wrap___aeabi_d2iz>
10002ad6:	4ba8      	ldr	r3, [pc, #672]	@ (10002d78 <_ftoa+0x358>)
10002ad8:	00f2      	lsls	r2, r6, #3
10002ada:	189b      	adds	r3, r3, r2
10002adc:	681a      	ldr	r2, [r3, #0]
10002ade:	685b      	ldr	r3, [r3, #4]
10002ae0:	0005      	movs	r5, r0
10002ae2:	9208      	str	r2, [sp, #32]
10002ae4:	9309      	str	r3, [sp, #36]	@ 0x24
10002ae6:	f7ff fa8d 	bl	10002004 <__wrap___aeabi_i2d>
10002aea:	0002      	movs	r2, r0
10002aec:	000b      	movs	r3, r1
10002aee:	981e      	ldr	r0, [sp, #120]	@ 0x78
10002af0:	991f      	ldr	r1, [sp, #124]	@ 0x7c
10002af2:	f7ff f9e8 	bl	10001ec6 <__wrap___aeabi_dsub>
10002af6:	9a08      	ldr	r2, [sp, #32]
10002af8:	9b09      	ldr	r3, [sp, #36]	@ 0x24
10002afa:	f7ff fa14 	bl	10001f26 <__wrap___aeabi_dmul>
10002afe:	9006      	str	r0, [sp, #24]
10002b00:	9107      	str	r1, [sp, #28]
10002b02:	f7ff fabb 	bl	1000207c <__wrap___aeabi_d2uiz>
10002b06:	4681      	mov	r9, r0
10002b08:	f7ff fa78 	bl	10001ffc <__wrap___aeabi_ui2d>
10002b0c:	0002      	movs	r2, r0
10002b0e:	000b      	movs	r3, r1
10002b10:	9806      	ldr	r0, [sp, #24]
10002b12:	9907      	ldr	r1, [sp, #28]
10002b14:	f7ff f9d7 	bl	10001ec6 <__wrap___aeabi_dsub>
10002b18:	2200      	movs	r2, #0
10002b1a:	4b98      	ldr	r3, [pc, #608]	@ (10002d7c <_ftoa+0x35c>)
10002b1c:	9006      	str	r0, [sp, #24]
10002b1e:	9107      	str	r1, [sp, #28]
10002b20:	f7ff fa5a 	bl	10001fd8 <__wrap___aeabi_dcmpgt>
10002b24:	2800      	cmp	r0, #0
10002b26:	d100      	bne.n	10002b2a <_ftoa+0x10a>
10002b28:	e10d      	b.n	10002d46 <_ftoa+0x326>
10002b2a:	2301      	movs	r3, #1
10002b2c:	469c      	mov	ip, r3
10002b2e:	44e1      	add	r9, ip
10002b30:	4648      	mov	r0, r9
10002b32:	f7ff fa63 	bl	10001ffc <__wrap___aeabi_ui2d>
10002b36:	0002      	movs	r2, r0
10002b38:	000b      	movs	r3, r1
10002b3a:	9808      	ldr	r0, [sp, #32]
10002b3c:	9909      	ldr	r1, [sp, #36]	@ 0x24
10002b3e:	f7ff fa3b 	bl	10001fb8 <__wrap___aeabi_dcmple>
10002b42:	2800      	cmp	r0, #0
10002b44:	d002      	beq.n	10002b4c <_ftoa+0x12c>
10002b46:	2300      	movs	r3, #0
10002b48:	4699      	mov	r9, r3
10002b4a:	3501      	adds	r5, #1
10002b4c:	2e00      	cmp	r6, #0
10002b4e:	d100      	bne.n	10002b52 <_ftoa+0x132>
10002b50:	e0d9      	b.n	10002d06 <_ftoa+0x2e6>
10002b52:	9506      	str	r5, [sp, #24]
10002b54:	464d      	mov	r5, r9
10002b56:	46b9      	mov	r9, r7
10002b58:	e014      	b.n	10002b84 <_ftoa+0x164>
10002b5a:	aa06      	add	r2, sp, #24
10002b5c:	4694      	mov	ip, r2
10002b5e:	2317      	movs	r3, #23
10002b60:	210a      	movs	r1, #10
10002b62:	4463      	add	r3, ip
10002b64:	0028      	movs	r0, r5
10002b66:	3401      	adds	r4, #1
10002b68:	191f      	adds	r7, r3, r4
10002b6a:	f7fe ff71 	bl	10001a50 <__wrap___aeabi_uidiv>
10002b6e:	3130      	adds	r1, #48	@ 0x30
10002b70:	7039      	strb	r1, [r7, #0]
10002b72:	0028      	movs	r0, r5
10002b74:	210a      	movs	r1, #10
10002b76:	3e01      	subs	r6, #1
10002b78:	f7fe ff6a 	bl	10001a50 <__wrap___aeabi_uidiv>
10002b7c:	2d09      	cmp	r5, #9
10002b7e:	d800      	bhi.n	10002b82 <_ftoa+0x162>
10002b80:	e117      	b.n	10002db2 <_ftoa+0x392>
10002b82:	0005      	movs	r5, r0
10002b84:	2c20      	cmp	r4, #32
10002b86:	d1e8      	bne.n	10002b5a <_ftoa+0x13a>
10002b88:	464f      	mov	r7, r9
10002b8a:	9d06      	ldr	r5, [sp, #24]
10002b8c:	2420      	movs	r4, #32
10002b8e:	ae0c      	add	r6, sp, #48	@ 0x30
10002b90:	aa06      	add	r2, sp, #24
10002b92:	2317      	movs	r3, #23
10002b94:	4694      	mov	ip, r2
10002b96:	4463      	add	r3, ip
10002b98:	4699      	mov	r9, r3
10002b9a:	465b      	mov	r3, fp
10002b9c:	46b3      	mov	fp, r6
10002b9e:	9306      	str	r3, [sp, #24]
10002ba0:	e00f      	b.n	10002bc2 <_ftoa+0x1a2>
10002ba2:	464b      	mov	r3, r9
10002ba4:	0028      	movs	r0, r5
10002ba6:	210a      	movs	r1, #10
10002ba8:	3401      	adds	r4, #1
10002baa:	18e6      	adds	r6, r4, r3
10002bac:	f7fe ff28 	bl	10001a00 <__wrap___aeabi_idiv>
10002bb0:	3130      	adds	r1, #48	@ 0x30
10002bb2:	0028      	movs	r0, r5
10002bb4:	7031      	strb	r1, [r6, #0]
10002bb6:	210a      	movs	r1, #10
10002bb8:	f7fe ff22 	bl	10001a00 <__wrap___aeabi_idiv>
10002bbc:	1e05      	subs	r5, r0, #0
10002bbe:	d100      	bne.n	10002bc2 <_ftoa+0x1a2>
10002bc0:	e0e4      	b.n	10002d8c <_ftoa+0x36c>
10002bc2:	2c20      	cmp	r4, #32
10002bc4:	d1ed      	bne.n	10002ba2 <_ftoa+0x182>
10002bc6:	9b06      	ldr	r3, [sp, #24]
10002bc8:	465e      	mov	r6, fp
10002bca:	469b      	mov	fp, r3
10002bcc:	2303      	movs	r3, #3
10002bce:	9a22      	ldr	r2, [sp, #136]	@ 0x88
10002bd0:	4013      	ands	r3, r2
10002bd2:	2b01      	cmp	r3, #1
10002bd4:	d118      	bne.n	10002c08 <_ftoa+0x1e8>
10002bd6:	9b21      	ldr	r3, [sp, #132]	@ 0x84
10002bd8:	2b00      	cmp	r3, #0
10002bda:	d015      	beq.n	10002c08 <_ftoa+0x1e8>
10002bdc:	9b0b      	ldr	r3, [sp, #44]	@ 0x2c
10002bde:	2b00      	cmp	r3, #0
10002be0:	d100      	bne.n	10002be4 <_ftoa+0x1c4>
10002be2:	e0fd      	b.n	10002de0 <_ftoa+0x3c0>
10002be4:	9b21      	ldr	r3, [sp, #132]	@ 0x84
10002be6:	3b01      	subs	r3, #1
10002be8:	9321      	str	r3, [sp, #132]	@ 0x84
10002bea:	2b20      	cmp	r3, #32
10002bec:	d90c      	bls.n	10002c08 <_ftoa+0x1e8>
10002bee:	2330      	movs	r3, #48	@ 0x30
10002bf0:	9a21      	ldr	r2, [sp, #132]	@ 0x84
10002bf2:	e007      	b.n	10002c04 <_ftoa+0x1e4>
10002bf4:	2017      	movs	r0, #23
10002bf6:	a906      	add	r1, sp, #24
10002bf8:	3401      	adds	r4, #1
10002bfa:	1809      	adds	r1, r1, r0
10002bfc:	550b      	strb	r3, [r1, r4]
10002bfe:	4294      	cmp	r4, r2
10002c00:	d300      	bcc.n	10002c04 <_ftoa+0x1e4>
10002c02:	e0cc      	b.n	10002d9e <_ftoa+0x37e>
10002c04:	2c20      	cmp	r4, #32
10002c06:	d1f5      	bne.n	10002bf4 <_ftoa+0x1d4>
10002c08:	9b22      	ldr	r3, [sp, #136]	@ 0x88
10002c0a:	9401      	str	r4, [sp, #4]
10002c0c:	9303      	str	r3, [sp, #12]
10002c0e:	9b21      	ldr	r3, [sp, #132]	@ 0x84
10002c10:	9600      	str	r6, [sp, #0]
10002c12:	9302      	str	r3, [sp, #8]
10002c14:	e022      	b.n	10002c5c <_ftoa+0x23c>
10002c16:	9b22      	ldr	r3, [sp, #136]	@ 0x88
10002c18:	4652      	mov	r2, sl
10002c1a:	9304      	str	r3, [sp, #16]
10002c1c:	9b21      	ldr	r3, [sp, #132]	@ 0x84
10002c1e:	0039      	movs	r1, r7
10002c20:	9303      	str	r3, [sp, #12]
10002c22:	4658      	mov	r0, fp
10002c24:	9b1e      	ldr	r3, [sp, #120]	@ 0x78
10002c26:	9c1f      	ldr	r4, [sp, #124]	@ 0x7c
10002c28:	9602      	str	r6, [sp, #8]
10002c2a:	9300      	str	r3, [sp, #0]
10002c2c:	9401      	str	r4, [sp, #4]
10002c2e:	4643      	mov	r3, r8
10002c30:	f000 f94a 	bl	10002ec8 <_etoa>
10002c34:	0004      	movs	r4, r0
10002c36:	0020      	movs	r0, r4
10002c38:	b015      	add	sp, #84	@ 0x54
10002c3a:	bcf0      	pop	{r4, r5, r6, r7}
10002c3c:	46bb      	mov	fp, r7
10002c3e:	46b2      	mov	sl, r6
10002c40:	46a9      	mov	r9, r5
10002c42:	46a0      	mov	r8, r4
10002c44:	bdf0      	pop	{r4, r5, r6, r7, pc}
10002c46:	9b22      	ldr	r3, [sp, #136]	@ 0x88
10002c48:	075b      	lsls	r3, r3, #29
10002c4a:	d40f      	bmi.n	10002c6c <_ftoa+0x24c>
10002c4c:	2203      	movs	r2, #3
10002c4e:	4b4c      	ldr	r3, [pc, #304]	@ (10002d80 <_ftoa+0x360>)
10002c50:	9922      	ldr	r1, [sp, #136]	@ 0x88
10002c52:	9201      	str	r2, [sp, #4]
10002c54:	9103      	str	r1, [sp, #12]
10002c56:	9921      	ldr	r1, [sp, #132]	@ 0x84
10002c58:	9300      	str	r3, [sp, #0]
10002c5a:	9102      	str	r1, [sp, #8]
10002c5c:	4643      	mov	r3, r8
10002c5e:	4652      	mov	r2, sl
10002c60:	0039      	movs	r1, r7
10002c62:	4658      	mov	r0, fp
10002c64:	f7ff fd90 	bl	10002788 <_out_rev>
10002c68:	0004      	movs	r4, r0
10002c6a:	e7e4      	b.n	10002c36 <_ftoa+0x216>
10002c6c:	2204      	movs	r2, #4
10002c6e:	4b45      	ldr	r3, [pc, #276]	@ (10002d84 <_ftoa+0x364>)
10002c70:	e7ee      	b.n	10002c50 <_ftoa+0x230>
10002c72:	9a1e      	ldr	r2, [sp, #120]	@ 0x78
10002c74:	9b1f      	ldr	r3, [sp, #124]	@ 0x7c
10002c76:	2000      	movs	r0, #0
10002c78:	2100      	movs	r1, #0
10002c7a:	f7ff f924 	bl	10001ec6 <__wrap___aeabi_dsub>
10002c7e:	2301      	movs	r3, #1
10002c80:	901e      	str	r0, [sp, #120]	@ 0x78
10002c82:	911f      	str	r1, [sp, #124]	@ 0x7c
10002c84:	930b      	str	r3, [sp, #44]	@ 0x2c
10002c86:	e711      	b.n	10002aac <_ftoa+0x8c>
10002c88:	9b22      	ldr	r3, [sp, #136]	@ 0x88
10002c8a:	4654      	mov	r4, sl
10002c8c:	079b      	lsls	r3, r3, #30
10002c8e:	d111      	bne.n	10002cb4 <_ftoa+0x294>
10002c90:	9b21      	ldr	r3, [sp, #132]	@ 0x84
10002c92:	2b04      	cmp	r3, #4
10002c94:	d90e      	bls.n	10002cb4 <_ftoa+0x294>
10002c96:	9b21      	ldr	r3, [sp, #132]	@ 0x84
10002c98:	4655      	mov	r5, sl
10002c9a:	469c      	mov	ip, r3
10002c9c:	465e      	mov	r6, fp
10002c9e:	3c04      	subs	r4, #4
10002ca0:	4464      	add	r4, ip
10002ca2:	002a      	movs	r2, r5
10002ca4:	4643      	mov	r3, r8
10002ca6:	3501      	adds	r5, #1
10002ca8:	0039      	movs	r1, r7
10002caa:	2020      	movs	r0, #32
10002cac:	47b0      	blx	r6
10002cae:	42a5      	cmp	r5, r4
10002cb0:	d1f7      	bne.n	10002ca2 <_ftoa+0x282>
10002cb2:	46b3      	mov	fp, r6
10002cb4:	4d34      	ldr	r5, [pc, #208]	@ (10002d88 <_ftoa+0x368>)
10002cb6:	0026      	movs	r6, r4
10002cb8:	1f2b      	subs	r3, r5, #4
10002cba:	4699      	mov	r9, r3
10002cbc:	465b      	mov	r3, fp
10002cbe:	46a3      	mov	fp, r4
10002cc0:	001c      	movs	r4, r3
10002cc2:	0032      	movs	r2, r6
10002cc4:	78e8      	ldrb	r0, [r5, #3]
10002cc6:	4643      	mov	r3, r8
10002cc8:	0039      	movs	r1, r7
10002cca:	3d01      	subs	r5, #1
10002ccc:	47a0      	blx	r4
10002cce:	3601      	adds	r6, #1
10002cd0:	454d      	cmp	r5, r9
10002cd2:	d1f6      	bne.n	10002cc2 <_ftoa+0x2a2>
10002cd4:	0023      	movs	r3, r4
10002cd6:	465c      	mov	r4, fp
10002cd8:	469b      	mov	fp, r3
10002cda:	9b22      	ldr	r3, [sp, #136]	@ 0x88
10002cdc:	3404      	adds	r4, #4
10002cde:	079b      	lsls	r3, r3, #30
10002ce0:	d5a9      	bpl.n	10002c36 <_ftoa+0x216>
10002ce2:	4653      	mov	r3, sl
10002ce4:	9a21      	ldr	r2, [sp, #132]	@ 0x84
10002ce6:	1ae3      	subs	r3, r4, r3
10002ce8:	429a      	cmp	r2, r3
10002cea:	d9a4      	bls.n	10002c36 <_ftoa+0x216>
10002cec:	465e      	mov	r6, fp
10002cee:	0015      	movs	r5, r2
10002cf0:	0022      	movs	r2, r4
10002cf2:	4643      	mov	r3, r8
10002cf4:	0039      	movs	r1, r7
10002cf6:	2020      	movs	r0, #32
10002cf8:	47b0      	blx	r6
10002cfa:	4653      	mov	r3, sl
10002cfc:	3401      	adds	r4, #1
10002cfe:	1ae3      	subs	r3, r4, r3
10002d00:	429d      	cmp	r5, r3
10002d02:	d8f5      	bhi.n	10002cf0 <_ftoa+0x2d0>
10002d04:	e797      	b.n	10002c36 <_ftoa+0x216>
10002d06:	0028      	movs	r0, r5
10002d08:	f7ff f97c 	bl	10002004 <__wrap___aeabi_i2d>
10002d0c:	0002      	movs	r2, r0
10002d0e:	000b      	movs	r3, r1
10002d10:	981e      	ldr	r0, [sp, #120]	@ 0x78
10002d12:	991f      	ldr	r1, [sp, #124]	@ 0x7c
10002d14:	f7ff f8d7 	bl	10001ec6 <__wrap___aeabi_dsub>
10002d18:	2200      	movs	r2, #0
10002d1a:	4b18      	ldr	r3, [pc, #96]	@ (10002d7c <_ftoa+0x35c>)
10002d1c:	9006      	str	r0, [sp, #24]
10002d1e:	9107      	str	r1, [sp, #28]
10002d20:	f7ff f944 	bl	10001fac <__wrap___aeabi_dcmplt>
10002d24:	ae0c      	add	r6, sp, #48	@ 0x30
10002d26:	2800      	cmp	r0, #0
10002d28:	d000      	beq.n	10002d2c <_ftoa+0x30c>
10002d2a:	e731      	b.n	10002b90 <_ftoa+0x170>
10002d2c:	9806      	ldr	r0, [sp, #24]
10002d2e:	9907      	ldr	r1, [sp, #28]
10002d30:	2200      	movs	r2, #0
10002d32:	4b12      	ldr	r3, [pc, #72]	@ (10002d7c <_ftoa+0x35c>)
10002d34:	f7ff f950 	bl	10001fd8 <__wrap___aeabi_dcmpgt>
10002d38:	2800      	cmp	r0, #0
10002d3a:	d000      	beq.n	10002d3e <_ftoa+0x31e>
10002d3c:	e728      	b.n	10002b90 <_ftoa+0x170>
10002d3e:	2301      	movs	r3, #1
10002d40:	3501      	adds	r5, #1
10002d42:	439d      	bics	r5, r3
10002d44:	e724      	b.n	10002b90 <_ftoa+0x170>
10002d46:	2200      	movs	r2, #0
10002d48:	9806      	ldr	r0, [sp, #24]
10002d4a:	9907      	ldr	r1, [sp, #28]
10002d4c:	4b0b      	ldr	r3, [pc, #44]	@ (10002d7c <_ftoa+0x35c>)
10002d4e:	f7ff f92d 	bl	10001fac <__wrap___aeabi_dcmplt>
10002d52:	2800      	cmp	r0, #0
10002d54:	d000      	beq.n	10002d58 <_ftoa+0x338>
10002d56:	e6f9      	b.n	10002b4c <_ftoa+0x12c>
10002d58:	464b      	mov	r3, r9
10002d5a:	2b00      	cmp	r3, #0
10002d5c:	d15c      	bne.n	10002e18 <_ftoa+0x3f8>
10002d5e:	2301      	movs	r3, #1
10002d60:	469c      	mov	ip, r3
10002d62:	44e1      	add	r9, ip
10002d64:	e6f2      	b.n	10002b4c <_ftoa+0x12c>
10002d66:	46c0      	nop			@ (mov r8, r8)
10002d68:	ffefffff 	.word	0xffefffff
10002d6c:	7fefffff 	.word	0x7fefffff
10002d70:	41cdcd65 	.word	0x41cdcd65
10002d74:	c1cdcd65 	.word	0xc1cdcd65
10002d78:	10007200 	.word	0x10007200
10002d7c:	3fe00000 	.word	0x3fe00000
10002d80:	10006f14 	.word	0x10006f14
10002d84:	10006f0c 	.word	0x10006f0c
10002d88:	10006f1c 	.word	0x10006f1c
10002d8c:	9b06      	ldr	r3, [sp, #24]
10002d8e:	465e      	mov	r6, fp
10002d90:	469b      	mov	fp, r3
10002d92:	2303      	movs	r3, #3
10002d94:	9a22      	ldr	r2, [sp, #136]	@ 0x88
10002d96:	4013      	ands	r3, r2
10002d98:	2b01      	cmp	r3, #1
10002d9a:	d100      	bne.n	10002d9e <_ftoa+0x37e>
10002d9c:	e081      	b.n	10002ea2 <_ftoa+0x482>
10002d9e:	2c20      	cmp	r4, #32
10002da0:	d100      	bne.n	10002da4 <_ftoa+0x384>
10002da2:	e731      	b.n	10002c08 <_ftoa+0x1e8>
10002da4:	9b0b      	ldr	r3, [sp, #44]	@ 0x2c
10002da6:	2b00      	cmp	r3, #0
10002da8:	d027      	beq.n	10002dfa <_ftoa+0x3da>
10002daa:	232d      	movs	r3, #45	@ 0x2d
10002dac:	5533      	strb	r3, [r6, r4]
10002dae:	3401      	adds	r4, #1
10002db0:	e72a      	b.n	10002c08 <_ftoa+0x1e8>
10002db2:	464f      	mov	r7, r9
10002db4:	9d06      	ldr	r5, [sp, #24]
10002db6:	2c20      	cmp	r4, #32
10002db8:	d100      	bne.n	10002dbc <_ftoa+0x39c>
10002dba:	e6e7      	b.n	10002b8c <_ftoa+0x16c>
10002dbc:	2230      	movs	r2, #48	@ 0x30
10002dbe:	1933      	adds	r3, r6, r4
10002dc0:	e007      	b.n	10002dd2 <_ftoa+0x3b2>
10002dc2:	2017      	movs	r0, #23
10002dc4:	a906      	add	r1, sp, #24
10002dc6:	3401      	adds	r4, #1
10002dc8:	1809      	adds	r1, r1, r0
10002dca:	550a      	strb	r2, [r1, r4]
10002dcc:	2c20      	cmp	r4, #32
10002dce:	d100      	bne.n	10002dd2 <_ftoa+0x3b2>
10002dd0:	e6dc      	b.n	10002b8c <_ftoa+0x16c>
10002dd2:	42a3      	cmp	r3, r4
10002dd4:	d1f5      	bne.n	10002dc2 <_ftoa+0x3a2>
10002dd6:	222e      	movs	r2, #46	@ 0x2e
10002dd8:	ae0c      	add	r6, sp, #48	@ 0x30
10002dda:	3401      	adds	r4, #1
10002ddc:	54f2      	strb	r2, [r6, r3]
10002dde:	e6d7      	b.n	10002b90 <_ftoa+0x170>
10002de0:	230c      	movs	r3, #12
10002de2:	9a22      	ldr	r2, [sp, #136]	@ 0x88
10002de4:	4213      	tst	r3, r2
10002de6:	d057      	beq.n	10002e98 <_ftoa+0x478>
10002de8:	9b21      	ldr	r3, [sp, #132]	@ 0x84
10002dea:	3b01      	subs	r3, #1
10002dec:	9321      	str	r3, [sp, #132]	@ 0x84
10002dee:	42a3      	cmp	r3, r4
10002df0:	d900      	bls.n	10002df4 <_ftoa+0x3d4>
10002df2:	e6fc      	b.n	10002bee <_ftoa+0x1ce>
10002df4:	2c20      	cmp	r4, #32
10002df6:	d100      	bne.n	10002dfa <_ftoa+0x3da>
10002df8:	e706      	b.n	10002c08 <_ftoa+0x1e8>
10002dfa:	9b22      	ldr	r3, [sp, #136]	@ 0x88
10002dfc:	075b      	lsls	r3, r3, #29
10002dfe:	d503      	bpl.n	10002e08 <_ftoa+0x3e8>
10002e00:	232b      	movs	r3, #43	@ 0x2b
10002e02:	5533      	strb	r3, [r6, r4]
10002e04:	3401      	adds	r4, #1
10002e06:	e6ff      	b.n	10002c08 <_ftoa+0x1e8>
10002e08:	9b22      	ldr	r3, [sp, #136]	@ 0x88
10002e0a:	071b      	lsls	r3, r3, #28
10002e0c:	d400      	bmi.n	10002e10 <_ftoa+0x3f0>
10002e0e:	e6fb      	b.n	10002c08 <_ftoa+0x1e8>
10002e10:	2320      	movs	r3, #32
10002e12:	5533      	strb	r3, [r6, r4]
10002e14:	3401      	adds	r4, #1
10002e16:	e6f7      	b.n	10002c08 <_ftoa+0x1e8>
10002e18:	07db      	lsls	r3, r3, #31
10002e1a:	d400      	bmi.n	10002e1e <_ftoa+0x3fe>
10002e1c:	e696      	b.n	10002b4c <_ftoa+0x12c>
10002e1e:	e79e      	b.n	10002d5e <_ftoa+0x33e>
10002e20:	9b22      	ldr	r3, [sp, #136]	@ 0x88
10002e22:	4655      	mov	r5, sl
10002e24:	079b      	lsls	r3, r3, #30
10002e26:	d111      	bne.n	10002e4c <_ftoa+0x42c>
10002e28:	9b21      	ldr	r3, [sp, #132]	@ 0x84
10002e2a:	2b03      	cmp	r3, #3
10002e2c:	d90e      	bls.n	10002e4c <_ftoa+0x42c>
10002e2e:	9b21      	ldr	r3, [sp, #132]	@ 0x84
10002e30:	4654      	mov	r4, sl
10002e32:	469c      	mov	ip, r3
10002e34:	465e      	mov	r6, fp
10002e36:	3d03      	subs	r5, #3
10002e38:	4465      	add	r5, ip
10002e3a:	0022      	movs	r2, r4
10002e3c:	4643      	mov	r3, r8
10002e3e:	3401      	adds	r4, #1
10002e40:	0039      	movs	r1, r7
10002e42:	2020      	movs	r0, #32
10002e44:	47b0      	blx	r6
10002e46:	42ac      	cmp	r4, r5
10002e48:	d1f7      	bne.n	10002e3a <_ftoa+0x41a>
10002e4a:	46b3      	mov	fp, r6
10002e4c:	46b9      	mov	r9, r7
10002e4e:	465f      	mov	r7, fp
10002e50:	4e1c      	ldr	r6, [pc, #112]	@ (10002ec4 <_ftoa+0x4a4>)
10002e52:	1cec      	adds	r4, r5, #3
10002e54:	002a      	movs	r2, r5
10002e56:	78b0      	ldrb	r0, [r6, #2]
10002e58:	4643      	mov	r3, r8
10002e5a:	4649      	mov	r1, r9
10002e5c:	3501      	adds	r5, #1
10002e5e:	47b8      	blx	r7
10002e60:	3e01      	subs	r6, #1
10002e62:	42ac      	cmp	r4, r5
10002e64:	d1f6      	bne.n	10002e54 <_ftoa+0x434>
10002e66:	9b22      	ldr	r3, [sp, #136]	@ 0x88
10002e68:	46bb      	mov	fp, r7
10002e6a:	464f      	mov	r7, r9
10002e6c:	079b      	lsls	r3, r3, #30
10002e6e:	d400      	bmi.n	10002e72 <_ftoa+0x452>
10002e70:	e6e1      	b.n	10002c36 <_ftoa+0x216>
10002e72:	4653      	mov	r3, sl
10002e74:	9a21      	ldr	r2, [sp, #132]	@ 0x84
10002e76:	1ae3      	subs	r3, r4, r3
10002e78:	429a      	cmp	r2, r3
10002e7a:	d800      	bhi.n	10002e7e <_ftoa+0x45e>
10002e7c:	e6db      	b.n	10002c36 <_ftoa+0x216>
10002e7e:	465e      	mov	r6, fp
10002e80:	0015      	movs	r5, r2
10002e82:	0022      	movs	r2, r4
10002e84:	4643      	mov	r3, r8
10002e86:	0039      	movs	r1, r7
10002e88:	2020      	movs	r0, #32
10002e8a:	47b0      	blx	r6
10002e8c:	4653      	mov	r3, sl
10002e8e:	3401      	adds	r4, #1
10002e90:	1ae3      	subs	r3, r4, r3
10002e92:	42ab      	cmp	r3, r5
10002e94:	d3f5      	bcc.n	10002e82 <_ftoa+0x462>
10002e96:	e6ce      	b.n	10002c36 <_ftoa+0x216>
10002e98:	9b21      	ldr	r3, [sp, #132]	@ 0x84
10002e9a:	42a3      	cmp	r3, r4
10002e9c:	d900      	bls.n	10002ea0 <_ftoa+0x480>
10002e9e:	e6a6      	b.n	10002bee <_ftoa+0x1ce>
10002ea0:	e6b2      	b.n	10002c08 <_ftoa+0x1e8>
10002ea2:	9b21      	ldr	r3, [sp, #132]	@ 0x84
10002ea4:	2b00      	cmp	r3, #0
10002ea6:	d100      	bne.n	10002eaa <_ftoa+0x48a>
10002ea8:	e779      	b.n	10002d9e <_ftoa+0x37e>
10002eaa:	9b0b      	ldr	r3, [sp, #44]	@ 0x2c
10002eac:	2b00      	cmp	r3, #0
10002eae:	d097      	beq.n	10002de0 <_ftoa+0x3c0>
10002eb0:	9b21      	ldr	r3, [sp, #132]	@ 0x84
10002eb2:	3b01      	subs	r3, #1
10002eb4:	9321      	str	r3, [sp, #132]	@ 0x84
10002eb6:	429c      	cmp	r4, r3
10002eb8:	d200      	bcs.n	10002ebc <_ftoa+0x49c>
10002eba:	e698      	b.n	10002bee <_ftoa+0x1ce>
10002ebc:	2c20      	cmp	r4, #32
10002ebe:	d000      	beq.n	10002ec2 <_ftoa+0x4a2>
10002ec0:	e773      	b.n	10002daa <_ftoa+0x38a>
10002ec2:	e6a1      	b.n	10002c08 <_ftoa+0x1e8>
10002ec4:	10006f18 	.word	0x10006f18

10002ec8 <_etoa>:
10002ec8:	b5f0      	push	{r4, r5, r6, r7, lr}
10002eca:	46de      	mov	lr, fp
10002ecc:	4657      	mov	r7, sl
10002ece:	464e      	mov	r6, r9
10002ed0:	4645      	mov	r5, r8
10002ed2:	b5e0      	push	{r5, r6, r7, lr}
10002ed4:	b099      	sub	sp, #100	@ 0x64
10002ed6:	4681      	mov	r9, r0
10002ed8:	468b      	mov	fp, r1
10002eda:	4692      	mov	sl, r2
10002edc:	4698      	mov	r8, r3
10002ede:	9a22      	ldr	r2, [sp, #136]	@ 0x88
10002ee0:	9b23      	ldr	r3, [sp, #140]	@ 0x8c
10002ee2:	0010      	movs	r0, r2
10002ee4:	0019      	movs	r1, r3
10002ee6:	f7ff f87c 	bl	10001fe2 <__wrap___aeabi_dcmpun>
10002eea:	2800      	cmp	r0, #0
10002eec:	d000      	beq.n	10002ef0 <_etoa+0x28>
10002eee:	e0ca      	b.n	10003086 <_etoa+0x1be>
10002ef0:	9822      	ldr	r0, [sp, #136]	@ 0x88
10002ef2:	9923      	ldr	r1, [sp, #140]	@ 0x8c
10002ef4:	2201      	movs	r2, #1
10002ef6:	4b82      	ldr	r3, [pc, #520]	@ (10003100 <_etoa+0x238>)
10002ef8:	4252      	negs	r2, r2
10002efa:	f7ff f86d 	bl	10001fd8 <__wrap___aeabi_dcmpgt>
10002efe:	2800      	cmp	r0, #0
10002f00:	d000      	beq.n	10002f04 <_etoa+0x3c>
10002f02:	e0c0      	b.n	10003086 <_etoa+0x1be>
10002f04:	9822      	ldr	r0, [sp, #136]	@ 0x88
10002f06:	9923      	ldr	r1, [sp, #140]	@ 0x8c
10002f08:	2201      	movs	r2, #1
10002f0a:	4b7e      	ldr	r3, [pc, #504]	@ (10003104 <_etoa+0x23c>)
10002f0c:	4252      	negs	r2, r2
10002f0e:	f7ff f84d 	bl	10001fac <__wrap___aeabi_dcmplt>
10002f12:	2800      	cmp	r0, #0
10002f14:	d000      	beq.n	10002f18 <_etoa+0x50>
10002f16:	e0b6      	b.n	10003086 <_etoa+0x1be>
10002f18:	9822      	ldr	r0, [sp, #136]	@ 0x88
10002f1a:	9923      	ldr	r1, [sp, #140]	@ 0x8c
10002f1c:	2200      	movs	r2, #0
10002f1e:	2300      	movs	r3, #0
10002f20:	f7ff f844 	bl	10001fac <__wrap___aeabi_dcmplt>
10002f24:	2800      	cmp	r0, #0
10002f26:	d000      	beq.n	10002f2a <_etoa+0x62>
10002f28:	e1c9      	b.n	100032be <_etoa+0x3f6>
10002f2a:	9b22      	ldr	r3, [sp, #136]	@ 0x88
10002f2c:	9c23      	ldr	r4, [sp, #140]	@ 0x8c
10002f2e:	9308      	str	r3, [sp, #32]
10002f30:	9409      	str	r4, [sp, #36]	@ 0x24
10002f32:	9808      	ldr	r0, [sp, #32]
10002f34:	9909      	ldr	r1, [sp, #36]	@ 0x24
10002f36:	2380      	movs	r3, #128	@ 0x80
10002f38:	9a26      	ldr	r2, [sp, #152]	@ 0x98
10002f3a:	00db      	lsls	r3, r3, #3
10002f3c:	401a      	ands	r2, r3
10002f3e:	920d      	str	r2, [sp, #52]	@ 0x34
10002f40:	2280      	movs	r2, #128	@ 0x80
10002f42:	9c26      	ldr	r4, [sp, #152]	@ 0x98
10002f44:	0112      	lsls	r2, r2, #4
10002f46:	4014      	ands	r4, r2
10002f48:	0022      	movs	r2, r4
10002f4a:	940b      	str	r4, [sp, #44]	@ 0x2c
10002f4c:	9c26      	ldr	r4, [sp, #152]	@ 0x98
10002f4e:	0007      	movs	r7, r0
10002f50:	000e      	movs	r6, r1
10002f52:	421c      	tst	r4, r3
10002f54:	d000      	beq.n	10002f58 <_etoa+0x90>
10002f56:	e0ad      	b.n	100030b4 <_etoa+0x1ec>
10002f58:	000b      	movs	r3, r1
10002f5a:	4303      	orrs	r3, r0
10002f5c:	d000      	beq.n	10002f60 <_etoa+0x98>
10002f5e:	e0d5      	b.n	1000310c <_etoa+0x244>
10002f60:	2a00      	cmp	r2, #0
10002f62:	d000      	beq.n	10002f66 <_etoa+0x9e>
10002f64:	e20a      	b.n	1000337c <_etoa+0x4b4>
10002f66:	0022      	movs	r2, r4
10002f68:	3306      	adds	r3, #6
10002f6a:	9324      	str	r3, [sp, #144]	@ 0x90
10002f6c:	2302      	movs	r3, #2
10002f6e:	4013      	ands	r3, r2
10002f70:	930c      	str	r3, [sp, #48]	@ 0x30
10002f72:	2302      	movs	r3, #2
10002f74:	4213      	tst	r3, r2
10002f76:	d000      	beq.n	10002f7a <_etoa+0xb2>
10002f78:	e202      	b.n	10003380 <_etoa+0x4b8>
10002f7a:	9b25      	ldr	r3, [sp, #148]	@ 0x94
10002f7c:	2b04      	cmp	r3, #4
10002f7e:	d200      	bcs.n	10002f82 <_etoa+0xba>
10002f80:	e20f      	b.n	100033a2 <_etoa+0x4da>
10002f82:	3b04      	subs	r3, #4
10002f84:	930b      	str	r3, [sp, #44]	@ 0x2c
10002f86:	2300      	movs	r3, #0
10002f88:	2504      	movs	r5, #4
10002f8a:	930a      	str	r3, [sp, #40]	@ 0x28
10002f8c:	2200      	movs	r2, #0
10002f8e:	9822      	ldr	r0, [sp, #136]	@ 0x88
10002f90:	9923      	ldr	r1, [sp, #140]	@ 0x8c
10002f92:	2300      	movs	r3, #0
10002f94:	f7ff f80a 	bl	10001fac <__wrap___aeabi_dcmplt>
10002f98:	2800      	cmp	r0, #0
10002f9a:	d000      	beq.n	10002f9e <_etoa+0xd6>
10002f9c:	e203      	b.n	100033a6 <_etoa+0x4de>
10002f9e:	4b5a      	ldr	r3, [pc, #360]	@ (10003108 <_etoa+0x240>)
10002fa0:	9a26      	ldr	r2, [sp, #152]	@ 0x98
10002fa2:	4013      	ands	r3, r2
10002fa4:	9304      	str	r3, [sp, #16]
10002fa6:	9b0b      	ldr	r3, [sp, #44]	@ 0x2c
10002fa8:	9303      	str	r3, [sp, #12]
10002faa:	9b24      	ldr	r3, [sp, #144]	@ 0x90
10002fac:	9302      	str	r3, [sp, #8]
10002fae:	9b08      	ldr	r3, [sp, #32]
10002fb0:	9c09      	ldr	r4, [sp, #36]	@ 0x24
10002fb2:	9300      	str	r3, [sp, #0]
10002fb4:	9401      	str	r4, [sp, #4]
10002fb6:	4659      	mov	r1, fp
10002fb8:	4643      	mov	r3, r8
10002fba:	4652      	mov	r2, sl
10002fbc:	4648      	mov	r0, r9
10002fbe:	f7ff fd2f 	bl	10002a20 <_ftoa>
10002fc2:	0002      	movs	r2, r0
10002fc4:	2020      	movs	r0, #32
10002fc6:	9b26      	ldr	r3, [sp, #152]	@ 0x98
10002fc8:	271f      	movs	r7, #31
10002fca:	4003      	ands	r3, r0
10002fcc:	4259      	negs	r1, r3
10002fce:	414b      	adcs	r3, r1
10002fd0:	425b      	negs	r3, r3
10002fd2:	4018      	ands	r0, r3
10002fd4:	1c53      	adds	r3, r2, #1
10002fd6:	9308      	str	r3, [sp, #32]
10002fd8:	4659      	mov	r1, fp
10002fda:	4643      	mov	r3, r8
10002fdc:	3045      	adds	r0, #69	@ 0x45
10002fde:	47c8      	blx	r9
10002fe0:	9a0a      	ldr	r2, [sp, #40]	@ 0x28
10002fe2:	17d3      	asrs	r3, r2, #31
10002fe4:	18d4      	adds	r4, r2, r3
10002fe6:	405c      	eors	r4, r3
10002fe8:	0fd3      	lsrs	r3, r2, #31
10002fea:	930a      	str	r3, [sp, #40]	@ 0x28
10002fec:	1e6b      	subs	r3, r5, #1
10002fee:	930b      	str	r3, [sp, #44]	@ 0x2c
10002ff0:	ab08      	add	r3, sp, #32
10002ff2:	469c      	mov	ip, r3
10002ff4:	2500      	movs	r5, #0
10002ff6:	4467      	add	r7, ip
10002ff8:	e001      	b.n	10002ffe <_etoa+0x136>
10002ffa:	2d20      	cmp	r5, #32
10002ffc:	d00f      	beq.n	1000301e <_etoa+0x156>
10002ffe:	0020      	movs	r0, r4
10003000:	210a      	movs	r1, #10
10003002:	f7fe fd25 	bl	10001a50 <__wrap___aeabi_uidiv>
10003006:	3501      	adds	r5, #1
10003008:	197e      	adds	r6, r7, r5
1000300a:	3130      	adds	r1, #48	@ 0x30
1000300c:	7031      	strb	r1, [r6, #0]
1000300e:	0020      	movs	r0, r4
10003010:	210a      	movs	r1, #10
10003012:	f7fe fd1d 	bl	10001a50 <__wrap___aeabi_uidiv>
10003016:	0026      	movs	r6, r4
10003018:	0004      	movs	r4, r0
1000301a:	2e09      	cmp	r6, #9
1000301c:	d8ed      	bhi.n	10002ffa <_etoa+0x132>
1000301e:	2305      	movs	r3, #5
10003020:	9306      	str	r3, [sp, #24]
10003022:	9b0b      	ldr	r3, [sp, #44]	@ 0x2c
10003024:	4659      	mov	r1, fp
10003026:	9305      	str	r3, [sp, #20]
10003028:	2300      	movs	r3, #0
1000302a:	9304      	str	r3, [sp, #16]
1000302c:	330a      	adds	r3, #10
1000302e:	9303      	str	r3, [sp, #12]
10003030:	9b0a      	ldr	r3, [sp, #40]	@ 0x28
10003032:	4648      	mov	r0, r9
10003034:	9302      	str	r3, [sp, #8]
10003036:	ab10      	add	r3, sp, #64	@ 0x40
10003038:	9300      	str	r3, [sp, #0]
1000303a:	9a08      	ldr	r2, [sp, #32]
1000303c:	4643      	mov	r3, r8
1000303e:	9501      	str	r5, [sp, #4]
10003040:	f7ff fbf8 	bl	10002834 <_ntoa_format>
10003044:	9b0c      	ldr	r3, [sp, #48]	@ 0x30
10003046:	2b00      	cmp	r3, #0
10003048:	d02d      	beq.n	100030a6 <_etoa+0x1de>
1000304a:	4653      	mov	r3, sl
1000304c:	1ac4      	subs	r4, r0, r3
1000304e:	9b25      	ldr	r3, [sp, #148]	@ 0x94
10003050:	42a3      	cmp	r3, r4
10003052:	d928      	bls.n	100030a6 <_etoa+0x1de>
10003054:	464d      	mov	r5, r9
10003056:	465f      	mov	r7, fp
10003058:	4681      	mov	r9, r0
1000305a:	001e      	movs	r6, r3
1000305c:	4653      	mov	r3, sl
1000305e:	0039      	movs	r1, r7
10003060:	191a      	adds	r2, r3, r4
10003062:	2020      	movs	r0, #32
10003064:	4643      	mov	r3, r8
10003066:	3401      	adds	r4, #1
10003068:	47a8      	blx	r5
1000306a:	42a6      	cmp	r6, r4
1000306c:	d8f6      	bhi.n	1000305c <_etoa+0x194>
1000306e:	4653      	mov	r3, sl
10003070:	4648      	mov	r0, r9
10003072:	9925      	ldr	r1, [sp, #148]	@ 0x94
10003074:	1ac2      	subs	r2, r0, r3
10003076:	3201      	adds	r2, #1
10003078:	2300      	movs	r3, #0
1000307a:	4291      	cmp	r1, r2
1000307c:	d300      	bcc.n	10003080 <_etoa+0x1b8>
1000307e:	e186      	b.n	1000338e <_etoa+0x4c6>
10003080:	3001      	adds	r0, #1
10003082:	1818      	adds	r0, r3, r0
10003084:	e00f      	b.n	100030a6 <_etoa+0x1de>
10003086:	9b26      	ldr	r3, [sp, #152]	@ 0x98
10003088:	9304      	str	r3, [sp, #16]
1000308a:	9b25      	ldr	r3, [sp, #148]	@ 0x94
1000308c:	9303      	str	r3, [sp, #12]
1000308e:	9b24      	ldr	r3, [sp, #144]	@ 0x90
10003090:	9302      	str	r3, [sp, #8]
10003092:	9b22      	ldr	r3, [sp, #136]	@ 0x88
10003094:	9c23      	ldr	r4, [sp, #140]	@ 0x8c
10003096:	9300      	str	r3, [sp, #0]
10003098:	9401      	str	r4, [sp, #4]
1000309a:	4643      	mov	r3, r8
1000309c:	4652      	mov	r2, sl
1000309e:	4659      	mov	r1, fp
100030a0:	4648      	mov	r0, r9
100030a2:	f7ff fcbd 	bl	10002a20 <_ftoa>
100030a6:	b019      	add	sp, #100	@ 0x64
100030a8:	bcf0      	pop	{r4, r5, r6, r7}
100030aa:	46bb      	mov	fp, r7
100030ac:	46b2      	mov	sl, r6
100030ae:	46a9      	mov	r9, r5
100030b0:	46a0      	mov	r8, r4
100030b2:	bdf0      	pop	{r4, r5, r6, r7, pc}
100030b4:	4301      	orrs	r1, r0
100030b6:	d12b      	bne.n	10003110 <_etoa+0x248>
100030b8:	9b0b      	ldr	r3, [sp, #44]	@ 0x2c
100030ba:	0022      	movs	r2, r4
100030bc:	2b00      	cmp	r3, #0
100030be:	d100      	bne.n	100030c2 <_etoa+0x1fa>
100030c0:	e754      	b.n	10002f6c <_etoa+0xa4>
100030c2:	2300      	movs	r3, #0
100030c4:	930a      	str	r3, [sp, #40]	@ 0x28
100030c6:	9b24      	ldr	r3, [sp, #144]	@ 0x90
100030c8:	9a0a      	ldr	r2, [sp, #40]	@ 0x28
100030ca:	2400      	movs	r4, #0
100030cc:	4293      	cmp	r3, r2
100030ce:	dd00      	ble.n	100030d2 <_etoa+0x20a>
100030d0:	e185      	b.n	100033de <_etoa+0x516>
100030d2:	9822      	ldr	r0, [sp, #136]	@ 0x88
100030d4:	9923      	ldr	r1, [sp, #140]	@ 0x8c
100030d6:	2200      	movs	r2, #0
100030d8:	2300      	movs	r3, #0
100030da:	f7fe ff67 	bl	10001fac <__wrap___aeabi_dcmplt>
100030de:	2800      	cmp	r0, #0
100030e0:	d000      	beq.n	100030e4 <_etoa+0x21c>
100030e2:	e135      	b.n	10003350 <_etoa+0x488>
100030e4:	9b26      	ldr	r3, [sp, #152]	@ 0x98
100030e6:	4a08      	ldr	r2, [pc, #32]	@ (10003108 <_etoa+0x240>)
100030e8:	9402      	str	r4, [sp, #8]
100030ea:	401a      	ands	r2, r3
100030ec:	2380      	movs	r3, #128	@ 0x80
100030ee:	00db      	lsls	r3, r3, #3
100030f0:	4313      	orrs	r3, r2
100030f2:	9304      	str	r3, [sp, #16]
100030f4:	9b25      	ldr	r3, [sp, #148]	@ 0x94
100030f6:	9303      	str	r3, [sp, #12]
100030f8:	9b08      	ldr	r3, [sp, #32]
100030fa:	9c09      	ldr	r4, [sp, #36]	@ 0x24
100030fc:	e7cb      	b.n	10003096 <_etoa+0x1ce>
100030fe:	46c0      	nop			@ (mov r8, r8)
10003100:	7fefffff 	.word	0x7fefffff
10003104:	ffefffff 	.word	0xffefffff
10003108:	fffff7ff 	.word	0xfffff7ff
1000310c:	2306      	movs	r3, #6
1000310e:	9324      	str	r3, [sp, #144]	@ 0x90
10003110:	4bb4      	ldr	r3, [pc, #720]	@ (100033e4 <_etoa+0x51c>)
10003112:	0070      	lsls	r0, r6, #1
10003114:	469c      	mov	ip, r3
10003116:	0d40      	lsrs	r0, r0, #21
10003118:	4460      	add	r0, ip
1000311a:	f7fe ff73 	bl	10002004 <__wrap___aeabi_i2d>
1000311e:	4ab2      	ldr	r2, [pc, #712]	@ (100033e8 <_etoa+0x520>)
10003120:	4bb2      	ldr	r3, [pc, #712]	@ (100033ec <_etoa+0x524>)
10003122:	f7fe ff00 	bl	10001f26 <__wrap___aeabi_dmul>
10003126:	4ab2      	ldr	r2, [pc, #712]	@ (100033f0 <_etoa+0x528>)
10003128:	4bb2      	ldr	r3, [pc, #712]	@ (100033f4 <_etoa+0x52c>)
1000312a:	f7fe fed5 	bl	10001ed8 <__wrap___aeabi_dadd>
1000312e:	0336      	lsls	r6, r6, #12
10003130:	4bb1      	ldr	r3, [pc, #708]	@ (100033f8 <_etoa+0x530>)
10003132:	0b36      	lsrs	r6, r6, #12
10003134:	4333      	orrs	r3, r6
10003136:	0004      	movs	r4, r0
10003138:	000d      	movs	r5, r1
1000313a:	0038      	movs	r0, r7
1000313c:	0019      	movs	r1, r3
1000313e:	2200      	movs	r2, #0
10003140:	4bae      	ldr	r3, [pc, #696]	@ (100033fc <_etoa+0x534>)
10003142:	f7fe fec0 	bl	10001ec6 <__wrap___aeabi_dsub>
10003146:	4aae      	ldr	r2, [pc, #696]	@ (10003400 <_etoa+0x538>)
10003148:	4bae      	ldr	r3, [pc, #696]	@ (10003404 <_etoa+0x53c>)
1000314a:	f7fe feec 	bl	10001f26 <__wrap___aeabi_dmul>
1000314e:	0002      	movs	r2, r0
10003150:	000b      	movs	r3, r1
10003152:	0020      	movs	r0, r4
10003154:	0029      	movs	r1, r5
10003156:	f7fe febf 	bl	10001ed8 <__wrap___aeabi_dadd>
1000315a:	f7fe ff6b 	bl	10002034 <__wrap___aeabi_d2iz>
1000315e:	900a      	str	r0, [sp, #40]	@ 0x28
10003160:	f7fe ff50 	bl	10002004 <__wrap___aeabi_i2d>
10003164:	4aa8      	ldr	r2, [pc, #672]	@ (10003408 <_etoa+0x540>)
10003166:	4ba9      	ldr	r3, [pc, #676]	@ (1000340c <_etoa+0x544>)
10003168:	0004      	movs	r4, r0
1000316a:	000d      	movs	r5, r1
1000316c:	f7fe fedb 	bl	10001f26 <__wrap___aeabi_dmul>
10003170:	2200      	movs	r2, #0
10003172:	4ba7      	ldr	r3, [pc, #668]	@ (10003410 <_etoa+0x548>)
10003174:	f7fe feb0 	bl	10001ed8 <__wrap___aeabi_dadd>
10003178:	f7fe ff5c 	bl	10002034 <__wrap___aeabi_d2iz>
1000317c:	4aa5      	ldr	r2, [pc, #660]	@ (10003414 <_etoa+0x54c>)
1000317e:	0006      	movs	r6, r0
10003180:	4ba5      	ldr	r3, [pc, #660]	@ (10003418 <_etoa+0x550>)
10003182:	0020      	movs	r0, r4
10003184:	0029      	movs	r1, r5
10003186:	f7fe fece 	bl	10001f26 <__wrap___aeabi_dmul>
1000318a:	0004      	movs	r4, r0
1000318c:	0030      	movs	r0, r6
1000318e:	000d      	movs	r5, r1
10003190:	960c      	str	r6, [sp, #48]	@ 0x30
10003192:	f7fe ff37 	bl	10002004 <__wrap___aeabi_i2d>
10003196:	4aa1      	ldr	r2, [pc, #644]	@ (1000341c <_etoa+0x554>)
10003198:	4ba1      	ldr	r3, [pc, #644]	@ (10003420 <_etoa+0x558>)
1000319a:	f7fe fec4 	bl	10001f26 <__wrap___aeabi_dmul>
1000319e:	0002      	movs	r2, r0
100031a0:	000b      	movs	r3, r1
100031a2:	0020      	movs	r0, r4
100031a4:	0029      	movs	r1, r5
100031a6:	f7fe fe8e 	bl	10001ec6 <__wrap___aeabi_dsub>
100031aa:	0002      	movs	r2, r0
100031ac:	000b      	movs	r3, r1
100031ae:	0006      	movs	r6, r0
100031b0:	000f      	movs	r7, r1
100031b2:	f7fe feb8 	bl	10001f26 <__wrap___aeabi_dmul>
100031b6:	0032      	movs	r2, r6
100031b8:	0004      	movs	r4, r0
100031ba:	000d      	movs	r5, r1
100031bc:	003b      	movs	r3, r7
100031be:	0030      	movs	r0, r6
100031c0:	0039      	movs	r1, r7
100031c2:	f7fe fe89 	bl	10001ed8 <__wrap___aeabi_dadd>
100031c6:	2200      	movs	r2, #0
100031c8:	900e      	str	r0, [sp, #56]	@ 0x38
100031ca:	910f      	str	r1, [sp, #60]	@ 0x3c
100031cc:	4b95      	ldr	r3, [pc, #596]	@ (10003424 <_etoa+0x55c>)
100031ce:	0020      	movs	r0, r4
100031d0:	0029      	movs	r1, r5
100031d2:	f7fe fe8a 	bl	10001eea <__wrap___aeabi_ddiv>
100031d6:	2200      	movs	r2, #0
100031d8:	4b93      	ldr	r3, [pc, #588]	@ (10003428 <_etoa+0x560>)
100031da:	f7fe fe7d 	bl	10001ed8 <__wrap___aeabi_dadd>
100031de:	0002      	movs	r2, r0
100031e0:	000b      	movs	r3, r1
100031e2:	0020      	movs	r0, r4
100031e4:	0029      	movs	r1, r5
100031e6:	f7fe fe80 	bl	10001eea <__wrap___aeabi_ddiv>
100031ea:	2200      	movs	r2, #0
100031ec:	4b8f      	ldr	r3, [pc, #572]	@ (1000342c <_etoa+0x564>)
100031ee:	f7fe fe73 	bl	10001ed8 <__wrap___aeabi_dadd>
100031f2:	0002      	movs	r2, r0
100031f4:	000b      	movs	r3, r1
100031f6:	0020      	movs	r0, r4
100031f8:	0029      	movs	r1, r5
100031fa:	f7fe fe76 	bl	10001eea <__wrap___aeabi_ddiv>
100031fe:	000d      	movs	r5, r1
10003200:	2180      	movs	r1, #128	@ 0x80
10003202:	0004      	movs	r4, r0
10003204:	0032      	movs	r2, r6
10003206:	003b      	movs	r3, r7
10003208:	2000      	movs	r0, #0
1000320a:	05c9      	lsls	r1, r1, #23
1000320c:	f7fe fe5b 	bl	10001ec6 <__wrap___aeabi_dsub>
10003210:	0002      	movs	r2, r0
10003212:	000b      	movs	r3, r1
10003214:	0020      	movs	r0, r4
10003216:	0029      	movs	r1, r5
10003218:	f7fe fe5e 	bl	10001ed8 <__wrap___aeabi_dadd>
1000321c:	0002      	movs	r2, r0
1000321e:	000b      	movs	r3, r1
10003220:	980e      	ldr	r0, [sp, #56]	@ 0x38
10003222:	990f      	ldr	r1, [sp, #60]	@ 0x3c
10003224:	f7fe fe61 	bl	10001eea <__wrap___aeabi_ddiv>
10003228:	2200      	movs	r2, #0
1000322a:	4b73      	ldr	r3, [pc, #460]	@ (100033f8 <_etoa+0x530>)
1000322c:	f7fe fe54 	bl	10001ed8 <__wrap___aeabi_dadd>
10003230:	4b7f      	ldr	r3, [pc, #508]	@ (10003430 <_etoa+0x568>)
10003232:	9c0c      	ldr	r4, [sp, #48]	@ 0x30
10003234:	469c      	mov	ip, r3
10003236:	4464      	add	r4, ip
10003238:	2200      	movs	r2, #0
1000323a:	0523      	lsls	r3, r4, #20
1000323c:	f7fe fe73 	bl	10001f26 <__wrap___aeabi_dmul>
10003240:	0006      	movs	r6, r0
10003242:	000f      	movs	r7, r1
10003244:	0002      	movs	r2, r0
10003246:	000b      	movs	r3, r1
10003248:	9808      	ldr	r0, [sp, #32]
1000324a:	9909      	ldr	r1, [sp, #36]	@ 0x24
1000324c:	f7fe feae 	bl	10001fac <__wrap___aeabi_dcmplt>
10003250:	2800      	cmp	r0, #0
10003252:	d00a      	beq.n	1000326a <_etoa+0x3a2>
10003254:	9b0a      	ldr	r3, [sp, #40]	@ 0x28
10003256:	0030      	movs	r0, r6
10003258:	3b01      	subs	r3, #1
1000325a:	0039      	movs	r1, r7
1000325c:	930a      	str	r3, [sp, #40]	@ 0x28
1000325e:	2200      	movs	r2, #0
10003260:	4b71      	ldr	r3, [pc, #452]	@ (10003428 <_etoa+0x560>)
10003262:	f7fe fe42 	bl	10001eea <__wrap___aeabi_ddiv>
10003266:	0006      	movs	r6, r0
10003268:	000f      	movs	r7, r1
1000326a:	9a0a      	ldr	r2, [sp, #40]	@ 0x28
1000326c:	0033      	movs	r3, r6
1000326e:	3263      	adds	r2, #99	@ 0x63
10003270:	0039      	movs	r1, r7
10003272:	2ac6      	cmp	r2, #198	@ 0xc6
10003274:	d812      	bhi.n	1000329c <_etoa+0x3d4>
10003276:	2202      	movs	r2, #2
10003278:	9826      	ldr	r0, [sp, #152]	@ 0x98
1000327a:	2504      	movs	r5, #4
1000327c:	4010      	ands	r0, r2
1000327e:	9a0b      	ldr	r2, [sp, #44]	@ 0x2c
10003280:	900c      	str	r0, [sp, #48]	@ 0x30
10003282:	2a00      	cmp	r2, #0
10003284:	d125      	bne.n	100032d2 <_etoa+0x40a>
10003286:	9b25      	ldr	r3, [sp, #148]	@ 0x94
10003288:	2b04      	cmp	r3, #4
1000328a:	d905      	bls.n	10003298 <_etoa+0x3d0>
1000328c:	2800      	cmp	r0, #0
1000328e:	d000      	beq.n	10003292 <_etoa+0x3ca>
10003290:	e0a1      	b.n	100033d6 <_etoa+0x50e>
10003292:	9b25      	ldr	r3, [sp, #148]	@ 0x94
10003294:	3b04      	subs	r3, #4
10003296:	930b      	str	r3, [sp, #44]	@ 0x2c
10003298:	2504      	movs	r5, #4
1000329a:	e041      	b.n	10003320 <_etoa+0x458>
1000329c:	2202      	movs	r2, #2
1000329e:	9826      	ldr	r0, [sp, #152]	@ 0x98
100032a0:	4010      	ands	r0, r2
100032a2:	9a0b      	ldr	r2, [sp, #44]	@ 0x2c
100032a4:	900c      	str	r0, [sp, #48]	@ 0x30
100032a6:	2a00      	cmp	r2, #0
100032a8:	d112      	bne.n	100032d0 <_etoa+0x408>
100032aa:	9b25      	ldr	r3, [sp, #148]	@ 0x94
100032ac:	2b05      	cmp	r3, #5
100032ae:	d976      	bls.n	1000339e <_etoa+0x4d6>
100032b0:	2800      	cmp	r0, #0
100032b2:	d172      	bne.n	1000339a <_etoa+0x4d2>
100032b4:	9b25      	ldr	r3, [sp, #148]	@ 0x94
100032b6:	2505      	movs	r5, #5
100032b8:	3b05      	subs	r3, #5
100032ba:	930b      	str	r3, [sp, #44]	@ 0x2c
100032bc:	e034      	b.n	10003328 <_etoa+0x460>
100032be:	2280      	movs	r2, #128	@ 0x80
100032c0:	0612      	lsls	r2, r2, #24
100032c2:	4694      	mov	ip, r2
100032c4:	9b22      	ldr	r3, [sp, #136]	@ 0x88
100032c6:	9308      	str	r3, [sp, #32]
100032c8:	9b23      	ldr	r3, [sp, #140]	@ 0x8c
100032ca:	4463      	add	r3, ip
100032cc:	9309      	str	r3, [sp, #36]	@ 0x24
100032ce:	e630      	b.n	10002f32 <_etoa+0x6a>
100032d0:	2505      	movs	r5, #5
100032d2:	430b      	orrs	r3, r1
100032d4:	d100      	bne.n	100032d8 <_etoa+0x410>
100032d6:	e6f6      	b.n	100030c6 <_etoa+0x1fe>
100032d8:	9808      	ldr	r0, [sp, #32]
100032da:	9909      	ldr	r1, [sp, #36]	@ 0x24
100032dc:	4a55      	ldr	r2, [pc, #340]	@ (10003434 <_etoa+0x56c>)
100032de:	4b56      	ldr	r3, [pc, #344]	@ (10003438 <_etoa+0x570>)
100032e0:	f7fe fe72 	bl	10001fc8 <__wrap___aeabi_dcmpge>
100032e4:	2800      	cmp	r0, #0
100032e6:	d008      	beq.n	100032fa <_etoa+0x432>
100032e8:	9808      	ldr	r0, [sp, #32]
100032ea:	9909      	ldr	r1, [sp, #36]	@ 0x24
100032ec:	2200      	movs	r2, #0
100032ee:	4b53      	ldr	r3, [pc, #332]	@ (1000343c <_etoa+0x574>)
100032f0:	f7fe fe5c 	bl	10001fac <__wrap___aeabi_dcmplt>
100032f4:	2800      	cmp	r0, #0
100032f6:	d000      	beq.n	100032fa <_etoa+0x432>
100032f8:	e6e5      	b.n	100030c6 <_etoa+0x1fe>
100032fa:	9b24      	ldr	r3, [sp, #144]	@ 0x90
100032fc:	2b00      	cmp	r3, #0
100032fe:	d01c      	beq.n	1000333a <_etoa+0x472>
10003300:	9b0d      	ldr	r3, [sp, #52]	@ 0x34
10003302:	2b00      	cmp	r3, #0
10003304:	d019      	beq.n	1000333a <_etoa+0x472>
10003306:	9b24      	ldr	r3, [sp, #144]	@ 0x90
10003308:	3b01      	subs	r3, #1
1000330a:	9324      	str	r3, [sp, #144]	@ 0x90
1000330c:	9b25      	ldr	r3, [sp, #148]	@ 0x94
1000330e:	42ab      	cmp	r3, r5
10003310:	d904      	bls.n	1000331c <_etoa+0x454>
10003312:	9b0c      	ldr	r3, [sp, #48]	@ 0x30
10003314:	2b00      	cmp	r3, #0
10003316:	d05a      	beq.n	100033ce <_etoa+0x506>
10003318:	2302      	movs	r3, #2
1000331a:	930c      	str	r3, [sp, #48]	@ 0x30
1000331c:	2300      	movs	r3, #0
1000331e:	930b      	str	r3, [sp, #44]	@ 0x2c
10003320:	9b0a      	ldr	r3, [sp, #40]	@ 0x28
10003322:	2b00      	cmp	r3, #0
10003324:	d100      	bne.n	10003328 <_etoa+0x460>
10003326:	e631      	b.n	10002f8c <_etoa+0xc4>
10003328:	9808      	ldr	r0, [sp, #32]
1000332a:	9909      	ldr	r1, [sp, #36]	@ 0x24
1000332c:	0032      	movs	r2, r6
1000332e:	003b      	movs	r3, r7
10003330:	f7fe fddb 	bl	10001eea <__wrap___aeabi_ddiv>
10003334:	9008      	str	r0, [sp, #32]
10003336:	9109      	str	r1, [sp, #36]	@ 0x24
10003338:	e628      	b.n	10002f8c <_etoa+0xc4>
1000333a:	9b25      	ldr	r3, [sp, #148]	@ 0x94
1000333c:	42ab      	cmp	r3, r5
1000333e:	d9ed      	bls.n	1000331c <_etoa+0x454>
10003340:	9b0c      	ldr	r3, [sp, #48]	@ 0x30
10003342:	2b00      	cmp	r3, #0
10003344:	d043      	beq.n	100033ce <_etoa+0x506>
10003346:	2300      	movs	r3, #0
10003348:	930b      	str	r3, [sp, #44]	@ 0x2c
1000334a:	3302      	adds	r3, #2
1000334c:	930c      	str	r3, [sp, #48]	@ 0x30
1000334e:	e7e7      	b.n	10003320 <_etoa+0x458>
10003350:	2080      	movs	r0, #128	@ 0x80
10003352:	9b26      	ldr	r3, [sp, #152]	@ 0x98
10003354:	4a3a      	ldr	r2, [pc, #232]	@ (10003440 <_etoa+0x578>)
10003356:	0600      	lsls	r0, r0, #24
10003358:	401a      	ands	r2, r3
1000335a:	2380      	movs	r3, #128	@ 0x80
1000335c:	4684      	mov	ip, r0
1000335e:	9402      	str	r4, [sp, #8]
10003360:	9c08      	ldr	r4, [sp, #32]
10003362:	9d09      	ldr	r5, [sp, #36]	@ 0x24
10003364:	0029      	movs	r1, r5
10003366:	00db      	lsls	r3, r3, #3
10003368:	4313      	orrs	r3, r2
1000336a:	9304      	str	r3, [sp, #16]
1000336c:	9b25      	ldr	r3, [sp, #148]	@ 0x94
1000336e:	4461      	add	r1, ip
10003370:	0022      	movs	r2, r4
10003372:	9303      	str	r3, [sp, #12]
10003374:	000b      	movs	r3, r1
10003376:	9200      	str	r2, [sp, #0]
10003378:	9301      	str	r3, [sp, #4]
1000337a:	e68e      	b.n	1000309a <_etoa+0x1d2>
1000337c:	2405      	movs	r4, #5
1000337e:	e6a8      	b.n	100030d2 <_etoa+0x20a>
10003380:	2300      	movs	r3, #0
10003382:	930b      	str	r3, [sp, #44]	@ 0x2c
10003384:	930a      	str	r3, [sp, #40]	@ 0x28
10003386:	3302      	adds	r3, #2
10003388:	2504      	movs	r5, #4
1000338a:	930c      	str	r3, [sp, #48]	@ 0x30
1000338c:	e5fe      	b.n	10002f8c <_etoa+0xc4>
1000338e:	4653      	mov	r3, sl
10003390:	468c      	mov	ip, r1
10003392:	3b01      	subs	r3, #1
10003394:	4463      	add	r3, ip
10003396:	1a1b      	subs	r3, r3, r0
10003398:	e672      	b.n	10003080 <_etoa+0x1b8>
1000339a:	2302      	movs	r3, #2
1000339c:	930c      	str	r3, [sp, #48]	@ 0x30
1000339e:	2505      	movs	r5, #5
100033a0:	e7c2      	b.n	10003328 <_etoa+0x460>
100033a2:	2304      	movs	r3, #4
100033a4:	e5ed      	b.n	10002f82 <_etoa+0xba>
100033a6:	2080      	movs	r0, #128	@ 0x80
100033a8:	9e08      	ldr	r6, [sp, #32]
100033aa:	9f09      	ldr	r7, [sp, #36]	@ 0x24
100033ac:	0600      	lsls	r0, r0, #24
100033ae:	0039      	movs	r1, r7
100033b0:	4684      	mov	ip, r0
100033b2:	9a26      	ldr	r2, [sp, #152]	@ 0x98
100033b4:	4b22      	ldr	r3, [pc, #136]	@ (10003440 <_etoa+0x578>)
100033b6:	4461      	add	r1, ip
100033b8:	4013      	ands	r3, r2
100033ba:	9304      	str	r3, [sp, #16]
100033bc:	9b0b      	ldr	r3, [sp, #44]	@ 0x2c
100033be:	0032      	movs	r2, r6
100033c0:	9303      	str	r3, [sp, #12]
100033c2:	9b24      	ldr	r3, [sp, #144]	@ 0x90
100033c4:	9302      	str	r3, [sp, #8]
100033c6:	000b      	movs	r3, r1
100033c8:	9200      	str	r2, [sp, #0]
100033ca:	9301      	str	r3, [sp, #4]
100033cc:	e5f3      	b.n	10002fb6 <_etoa+0xee>
100033ce:	9b25      	ldr	r3, [sp, #148]	@ 0x94
100033d0:	1b5b      	subs	r3, r3, r5
100033d2:	930b      	str	r3, [sp, #44]	@ 0x2c
100033d4:	e7a4      	b.n	10003320 <_etoa+0x458>
100033d6:	2302      	movs	r3, #2
100033d8:	2504      	movs	r5, #4
100033da:	930c      	str	r3, [sp, #48]	@ 0x30
100033dc:	e7a0      	b.n	10003320 <_etoa+0x458>
100033de:	1a9c      	subs	r4, r3, r2
100033e0:	3c01      	subs	r4, #1
100033e2:	e676      	b.n	100030d2 <_etoa+0x20a>
100033e4:	fffffc01 	.word	0xfffffc01
100033e8:	509f79fb 	.word	0x509f79fb
100033ec:	3fd34413 	.word	0x3fd34413
100033f0:	8b60c8b3 	.word	0x8b60c8b3
100033f4:	3fc68a28 	.word	0x3fc68a28
100033f8:	3ff00000 	.word	0x3ff00000
100033fc:	3ff80000 	.word	0x3ff80000
10003400:	636f4361 	.word	0x636f4361
10003404:	3fd287a7 	.word	0x3fd287a7
10003408:	0979a371 	.word	0x0979a371
1000340c:	400a934f 	.word	0x400a934f
10003410:	3fe00000 	.word	0x3fe00000
10003414:	bbb55516 	.word	0xbbb55516
10003418:	40026bb1 	.word	0x40026bb1
1000341c:	fefa39ef 	.word	0xfefa39ef
10003420:	3fe62e42 	.word	0x3fe62e42
10003424:	402c0000 	.word	0x402c0000
10003428:	40240000 	.word	0x40240000
1000342c:	40180000 	.word	0x40180000
10003430:	000003ff 	.word	0x000003ff
10003434:	eb1c432d 	.word	0xeb1c432d
10003438:	3f1a36e2 	.word	0x3f1a36e2
1000343c:	412e8480 	.word	0x412e8480
10003440:	fffff7ff 	.word	0xfffff7ff

10003444 <_vsnprintf>:
10003444:	b5f0      	push	{r4, r5, r6, r7, lr}
10003446:	46de      	mov	lr, fp
10003448:	4657      	mov	r7, sl
1000344a:	464e      	mov	r6, r9
1000344c:	4645      	mov	r5, r8
1000344e:	b5e0      	push	{r5, r6, r7, lr}
10003450:	b0a5      	sub	sp, #148	@ 0x94
10003452:	001e      	movs	r6, r3
10003454:	9b2e      	ldr	r3, [sp, #184]	@ 0xb8
10003456:	4692      	mov	sl, r2
10003458:	930c      	str	r3, [sp, #48]	@ 0x30
1000345a:	4acd      	ldr	r2, [pc, #820]	@ (10003790 <_vsnprintf+0x34c>)
1000345c:	4bcd      	ldr	r3, [pc, #820]	@ (10003794 <_vsnprintf+0x350>)
1000345e:	4680      	mov	r8, r0
10003460:	468b      	mov	fp, r1
10003462:	601a      	str	r2, [r3, #0]
10003464:	2900      	cmp	r1, #0
10003466:	d100      	bne.n	1000346a <_vsnprintf+0x26>
10003468:	e1ea      	b.n	10003840 <_vsnprintf+0x3fc>
1000346a:	2300      	movs	r3, #0
1000346c:	7830      	ldrb	r0, [r6, #0]
1000346e:	4699      	mov	r9, r3
10003470:	2800      	cmp	r0, #0
10003472:	d100      	bne.n	10003476 <_vsnprintf+0x32>
10003474:	e1ec      	b.n	10003850 <_vsnprintf+0x40c>
10003476:	4bc8      	ldr	r3, [pc, #800]	@ (10003798 <_vsnprintf+0x354>)
10003478:	464c      	mov	r4, r9
1000347a:	930b      	str	r3, [sp, #44]	@ 0x2c
1000347c:	4bc7      	ldr	r3, [pc, #796]	@ (1000379c <_vsnprintf+0x358>)
1000347e:	4645      	mov	r5, r8
10003480:	4657      	mov	r7, sl
10003482:	930e      	str	r3, [sp, #56]	@ 0x38
10003484:	e00a      	b.n	1000349c <_vsnprintf+0x58>
10003486:	1c63      	adds	r3, r4, #1
10003488:	4698      	mov	r8, r3
1000348a:	0022      	movs	r2, r4
1000348c:	003b      	movs	r3, r7
1000348e:	4659      	mov	r1, fp
10003490:	47a8      	blx	r5
10003492:	4644      	mov	r4, r8
10003494:	7830      	ldrb	r0, [r6, #0]
10003496:	2800      	cmp	r0, #0
10003498:	d100      	bne.n	1000349c <_vsnprintf+0x58>
1000349a:	e087      	b.n	100035ac <_vsnprintf+0x168>
1000349c:	3601      	adds	r6, #1
1000349e:	2825      	cmp	r0, #37	@ 0x25
100034a0:	d1f1      	bne.n	10003486 <_vsnprintf+0x42>
100034a2:	2308      	movs	r3, #8
100034a4:	469a      	mov	sl, r3
100034a6:	3b04      	subs	r3, #4
100034a8:	4699      	mov	r9, r3
100034aa:	3b02      	subs	r3, #2
100034ac:	4698      	mov	r8, r3
100034ae:	3b01      	subs	r3, #1
100034b0:	2200      	movs	r2, #0
100034b2:	469c      	mov	ip, r3
100034b4:	940d      	str	r4, [sp, #52]	@ 0x34
100034b6:	7830      	ldrb	r0, [r6, #0]
100034b8:	1c71      	adds	r1, r6, #1
100034ba:	0003      	movs	r3, r0
100034bc:	3b20      	subs	r3, #32
100034be:	b2db      	uxtb	r3, r3
100034c0:	2b10      	cmp	r3, #16
100034c2:	d803      	bhi.n	100034cc <_vsnprintf+0x88>
100034c4:	9c0b      	ldr	r4, [sp, #44]	@ 0x2c
100034c6:	009b      	lsls	r3, r3, #2
100034c8:	58e3      	ldr	r3, [r4, r3]
100034ca:	469f      	mov	pc, r3
100034cc:	0003      	movs	r3, r0
100034ce:	3b30      	subs	r3, #48	@ 0x30
100034d0:	4689      	mov	r9, r1
100034d2:	9c0d      	ldr	r4, [sp, #52]	@ 0x34
100034d4:	2b09      	cmp	r3, #9
100034d6:	d93a      	bls.n	1000354e <_vsnprintf+0x10a>
100034d8:	2300      	movs	r3, #0
100034da:	4698      	mov	r8, r3
100034dc:	282a      	cmp	r0, #42	@ 0x2a
100034de:	d100      	bne.n	100034e2 <_vsnprintf+0x9e>
100034e0:	e0c1      	b.n	10003666 <_vsnprintf+0x222>
100034e2:	2300      	movs	r3, #0
100034e4:	469a      	mov	sl, r3
100034e6:	282e      	cmp	r0, #46	@ 0x2e
100034e8:	d04b      	beq.n	10003582 <_vsnprintf+0x13e>
100034ea:	0003      	movs	r3, r0
100034ec:	3b68      	subs	r3, #104	@ 0x68
100034ee:	b2db      	uxtb	r3, r3
100034f0:	2b12      	cmp	r3, #18
100034f2:	d81e      	bhi.n	10003532 <_vsnprintf+0xee>
100034f4:	990e      	ldr	r1, [sp, #56]	@ 0x38
100034f6:	009b      	lsls	r3, r3, #2
100034f8:	58cb      	ldr	r3, [r1, r3]
100034fa:	469f      	mov	pc, r3
100034fc:	4663      	mov	r3, ip
100034fe:	000e      	movs	r6, r1
10003500:	431a      	orrs	r2, r3
10003502:	e7d8      	b.n	100034b6 <_vsnprintf+0x72>
10003504:	4643      	mov	r3, r8
10003506:	000e      	movs	r6, r1
10003508:	431a      	orrs	r2, r3
1000350a:	e7d4      	b.n	100034b6 <_vsnprintf+0x72>
1000350c:	464b      	mov	r3, r9
1000350e:	000e      	movs	r6, r1
10003510:	431a      	orrs	r2, r3
10003512:	e7d0      	b.n	100034b6 <_vsnprintf+0x72>
10003514:	2310      	movs	r3, #16
10003516:	000e      	movs	r6, r1
10003518:	431a      	orrs	r2, r3
1000351a:	e7cc      	b.n	100034b6 <_vsnprintf+0x72>
1000351c:	4653      	mov	r3, sl
1000351e:	000e      	movs	r6, r1
10003520:	431a      	orrs	r2, r3
10003522:	e7c8      	b.n	100034b6 <_vsnprintf+0x72>
10003524:	2380      	movs	r3, #128	@ 0x80
10003526:	005b      	lsls	r3, r3, #1
10003528:	431a      	orrs	r2, r3
1000352a:	3bff      	subs	r3, #255	@ 0xff
1000352c:	469c      	mov	ip, r3
1000352e:	7870      	ldrb	r0, [r6, #1]
10003530:	44e1      	add	r9, ip
10003532:	464e      	mov	r6, r9
10003534:	2867      	cmp	r0, #103	@ 0x67
10003536:	d84f      	bhi.n	100035d8 <_vsnprintf+0x194>
10003538:	2824      	cmp	r0, #36	@ 0x24
1000353a:	d9a4      	bls.n	10003486 <_vsnprintf+0x42>
1000353c:	0003      	movs	r3, r0
1000353e:	3b25      	subs	r3, #37	@ 0x25
10003540:	b2db      	uxtb	r3, r3
10003542:	2b42      	cmp	r3, #66	@ 0x42
10003544:	d89f      	bhi.n	10003486 <_vsnprintf+0x42>
10003546:	4996      	ldr	r1, [pc, #600]	@ (100037a0 <_vsnprintf+0x35c>)
10003548:	009b      	lsls	r3, r3, #2
1000354a:	58cb      	ldr	r3, [r1, r3]
1000354c:	469f      	mov	pc, r3
1000354e:	2300      	movs	r3, #0
10003550:	4694      	mov	ip, r2
10003552:	001e      	movs	r6, r3
10003554:	e000      	b.n	10003558 <_vsnprintf+0x114>
10003556:	3101      	adds	r1, #1
10003558:	00b3      	lsls	r3, r6, #2
1000355a:	199b      	adds	r3, r3, r6
1000355c:	005b      	lsls	r3, r3, #1
1000355e:	181e      	adds	r6, r3, r0
10003560:	7808      	ldrb	r0, [r1, #0]
10003562:	3e30      	subs	r6, #48	@ 0x30
10003564:	0003      	movs	r3, r0
10003566:	3b30      	subs	r3, #48	@ 0x30
10003568:	2b09      	cmp	r3, #9
1000356a:	d9f4      	bls.n	10003556 <_vsnprintf+0x112>
1000356c:	2301      	movs	r3, #1
1000356e:	4662      	mov	r2, ip
10003570:	4689      	mov	r9, r1
10003572:	469c      	mov	ip, r3
10003574:	2300      	movs	r3, #0
10003576:	46b0      	mov	r8, r6
10003578:	469a      	mov	sl, r3
1000357a:	000e      	movs	r6, r1
1000357c:	44e1      	add	r9, ip
1000357e:	282e      	cmp	r0, #46	@ 0x2e
10003580:	d1b3      	bne.n	100034ea <_vsnprintf+0xa6>
10003582:	2130      	movs	r1, #48	@ 0x30
10003584:	2080      	movs	r0, #128	@ 0x80
10003586:	4249      	negs	r1, r1
10003588:	468c      	mov	ip, r1
1000358a:	00c0      	lsls	r0, r0, #3
1000358c:	4302      	orrs	r2, r0
1000358e:	7870      	ldrb	r0, [r6, #1]
10003590:	464b      	mov	r3, r9
10003592:	4484      	add	ip, r0
10003594:	4661      	mov	r1, ip
10003596:	2909      	cmp	r1, #9
10003598:	d800      	bhi.n	1000359c <_vsnprintf+0x158>
1000359a:	e16c      	b.n	10003876 <_vsnprintf+0x432>
1000359c:	282a      	cmp	r0, #42	@ 0x2a
1000359e:	d100      	bne.n	100035a2 <_vsnprintf+0x15e>
100035a0:	e17a      	b.n	10003898 <_vsnprintf+0x454>
100035a2:	2301      	movs	r3, #1
100035a4:	469c      	mov	ip, r3
100035a6:	464e      	mov	r6, r9
100035a8:	44e1      	add	r9, ip
100035aa:	e79e      	b.n	100034ea <_vsnprintf+0xa6>
100035ac:	46a1      	mov	r9, r4
100035ae:	46a8      	mov	r8, r5
100035b0:	46ba      	mov	sl, r7
100035b2:	45ca      	cmp	sl, r9
100035b4:	d803      	bhi.n	100035be <_vsnprintf+0x17a>
100035b6:	2301      	movs	r3, #1
100035b8:	425b      	negs	r3, r3
100035ba:	4453      	add	r3, sl
100035bc:	4699      	mov	r9, r3
100035be:	4653      	mov	r3, sl
100035c0:	464a      	mov	r2, r9
100035c2:	4659      	mov	r1, fp
100035c4:	2000      	movs	r0, #0
100035c6:	47c0      	blx	r8
100035c8:	0020      	movs	r0, r4
100035ca:	b025      	add	sp, #148	@ 0x94
100035cc:	bcf0      	pop	{r4, r5, r6, r7}
100035ce:	46bb      	mov	fp, r7
100035d0:	46b2      	mov	sl, r6
100035d2:	46a9      	mov	r9, r5
100035d4:	46a0      	mov	r8, r4
100035d6:	bdf0      	pop	{r4, r5, r6, r7, pc}
100035d8:	0003      	movs	r3, r0
100035da:	3b69      	subs	r3, #105	@ 0x69
100035dc:	b2db      	uxtb	r3, r3
100035de:	930d      	str	r3, [sp, #52]	@ 0x34
100035e0:	2b0f      	cmp	r3, #15
100035e2:	d900      	bls.n	100035e6 <_vsnprintf+0x1a2>
100035e4:	e74f      	b.n	10003486 <_vsnprintf+0x42>
100035e6:	2101      	movs	r1, #1
100035e8:	4099      	lsls	r1, r3
100035ea:	468c      	mov	ip, r1
100035ec:	496d      	ldr	r1, [pc, #436]	@ (100037a4 <_vsnprintf+0x360>)
100035ee:	4689      	mov	r9, r1
100035f0:	4661      	mov	r1, ip
100035f2:	464b      	mov	r3, r9
100035f4:	4019      	ands	r1, r3
100035f6:	910f      	str	r1, [sp, #60]	@ 0x3c
100035f8:	4663      	mov	r3, ip
100035fa:	4649      	mov	r1, r9
100035fc:	420b      	tst	r3, r1
100035fe:	d000      	beq.n	10003602 <_vsnprintf+0x1be>
10003600:	e128      	b.n	10003854 <_vsnprintf+0x410>
10003602:	9b0d      	ldr	r3, [sp, #52]	@ 0x34
10003604:	2b0a      	cmp	r3, #10
10003606:	d03a      	beq.n	1000367e <_vsnprintf+0x23a>
10003608:	2b07      	cmp	r3, #7
1000360a:	d000      	beq.n	1000360e <_vsnprintf+0x1ca>
1000360c:	e73b      	b.n	10003486 <_vsnprintf+0x42>
1000360e:	9b0c      	ldr	r3, [sp, #48]	@ 0x30
10003610:	0019      	movs	r1, r3
10003612:	c908      	ldmia	r1!, {r3}
10003614:	4688      	mov	r8, r1
10003616:	2b00      	cmp	r3, #0
10003618:	d100      	bne.n	1000361c <_vsnprintf+0x1d8>
1000361a:	e14b      	b.n	100038b4 <_vsnprintf+0x470>
1000361c:	2021      	movs	r0, #33	@ 0x21
1000361e:	4302      	orrs	r2, r0
10003620:	4691      	mov	r9, r2
10003622:	a914      	add	r1, sp, #80	@ 0x50
10003624:	468c      	mov	ip, r1
10003626:	221f      	movs	r2, #31
10003628:	210f      	movs	r1, #15
1000362a:	4462      	add	r2, ip
1000362c:	468c      	mov	ip, r1
1000362e:	4651      	mov	r1, sl
10003630:	950d      	str	r5, [sp, #52]	@ 0x34
10003632:	910c      	str	r1, [sp, #48]	@ 0x30
10003634:	46a2      	mov	sl, r4
10003636:	0015      	movs	r5, r2
10003638:	990f      	ldr	r1, [sp, #60]	@ 0x3c
1000363a:	e002      	b.n	10003642 <_vsnprintf+0x1fe>
1000363c:	2920      	cmp	r1, #32
1000363e:	d00c      	beq.n	1000365a <_vsnprintf+0x216>
10003640:	0013      	movs	r3, r2
10003642:	4664      	mov	r4, ip
10003644:	401c      	ands	r4, r3
10003646:	0020      	movs	r0, r4
10003648:	3037      	adds	r0, #55	@ 0x37
1000364a:	2c09      	cmp	r4, #9
1000364c:	d800      	bhi.n	10003650 <_vsnprintf+0x20c>
1000364e:	3807      	subs	r0, #7
10003650:	3101      	adds	r1, #1
10003652:	5468      	strb	r0, [r5, r1]
10003654:	091a      	lsrs	r2, r3, #4
10003656:	2b0f      	cmp	r3, #15
10003658:	d8f0      	bhi.n	1000363c <_vsnprintf+0x1f8>
1000365a:	9b0c      	ldr	r3, [sp, #48]	@ 0x30
1000365c:	4654      	mov	r4, sl
1000365e:	9d0d      	ldr	r5, [sp, #52]	@ 0x34
10003660:	469a      	mov	sl, r3
10003662:	910f      	str	r1, [sp, #60]	@ 0x3c
10003664:	e133      	b.n	100038ce <_vsnprintf+0x48a>
10003666:	9b0c      	ldr	r3, [sp, #48]	@ 0x30
10003668:	cb02      	ldmia	r3!, {r1}
1000366a:	4688      	mov	r8, r1
1000366c:	2900      	cmp	r1, #0
1000366e:	db47      	blt.n	10003700 <_vsnprintf+0x2bc>
10003670:	930c      	str	r3, [sp, #48]	@ 0x30
10003672:	2301      	movs	r3, #1
10003674:	469c      	mov	ip, r3
10003676:	7870      	ldrb	r0, [r6, #1]
10003678:	464e      	mov	r6, r9
1000367a:	44e1      	add	r9, ip
1000367c:	e731      	b.n	100034e2 <_vsnprintf+0x9e>
1000367e:	9b0c      	ldr	r3, [sp, #48]	@ 0x30
10003680:	cb02      	ldmia	r3!, {r1}
10003682:	9314      	str	r3, [sp, #80]	@ 0x50
10003684:	4653      	mov	r3, sl
10003686:	2b00      	cmp	r3, #0
10003688:	d100      	bne.n	1000368c <_vsnprintf+0x248>
1000368a:	e138      	b.n	100038fe <_vsnprintf+0x4ba>
1000368c:	469c      	mov	ip, r3
1000368e:	7808      	ldrb	r0, [r1, #0]
10003690:	000b      	movs	r3, r1
10003692:	900c      	str	r0, [sp, #48]	@ 0x30
10003694:	448c      	add	ip, r1
10003696:	2800      	cmp	r0, #0
10003698:	d101      	bne.n	1000369e <_vsnprintf+0x25a>
1000369a:	f000 fc98 	bl	10003fce <_vsnprintf+0xb8a>
1000369e:	4689      	mov	r9, r1
100036a0:	4661      	mov	r1, ip
100036a2:	4694      	mov	ip, r2
100036a4:	e003      	b.n	100036ae <_vsnprintf+0x26a>
100036a6:	785a      	ldrb	r2, [r3, #1]
100036a8:	3301      	adds	r3, #1
100036aa:	2a00      	cmp	r2, #0
100036ac:	d001      	beq.n	100036b2 <_vsnprintf+0x26e>
100036ae:	428b      	cmp	r3, r1
100036b0:	d1f9      	bne.n	100036a6 <_vsnprintf+0x262>
100036b2:	4649      	mov	r1, r9
100036b4:	4662      	mov	r2, ip
100036b6:	1a5b      	subs	r3, r3, r1
100036b8:	900c      	str	r0, [sp, #48]	@ 0x30
100036ba:	930f      	str	r3, [sp, #60]	@ 0x3c
100036bc:	0553      	lsls	r3, r2, #21
100036be:	d500      	bpl.n	100036c2 <_vsnprintf+0x27e>
100036c0:	e120      	b.n	10003904 <_vsnprintf+0x4c0>
100036c2:	2302      	movs	r3, #2
100036c4:	0018      	movs	r0, r3
100036c6:	4010      	ands	r0, r2
100036c8:	900d      	str	r0, [sp, #52]	@ 0x34
100036ca:	4213      	tst	r3, r2
100036cc:	d100      	bne.n	100036d0 <_vsnprintf+0x28c>
100036ce:	e3cb      	b.n	10003e68 <_vsnprintf+0xa24>
100036d0:	930d      	str	r3, [sp, #52]	@ 0x34
100036d2:	1b0b      	subs	r3, r1, r4
100036d4:	46b1      	mov	r9, r6
100036d6:	469a      	mov	sl, r3
100036d8:	465e      	mov	r6, fp
100036da:	980c      	ldr	r0, [sp, #48]	@ 0x30
100036dc:	0022      	movs	r2, r4
100036de:	003b      	movs	r3, r7
100036e0:	0031      	movs	r1, r6
100036e2:	47a8      	blx	r5
100036e4:	4653      	mov	r3, sl
100036e6:	3401      	adds	r4, #1
100036e8:	5d18      	ldrb	r0, [r3, r4]
100036ea:	2800      	cmp	r0, #0
100036ec:	d1f6      	bne.n	100036dc <_vsnprintf+0x298>
100036ee:	46b3      	mov	fp, r6
100036f0:	464e      	mov	r6, r9
100036f2:	9b0d      	ldr	r3, [sp, #52]	@ 0x34
100036f4:	2b00      	cmp	r3, #0
100036f6:	d000      	beq.n	100036fa <_vsnprintf+0x2b6>
100036f8:	e1c7      	b.n	10003a8a <_vsnprintf+0x646>
100036fa:	9b14      	ldr	r3, [sp, #80]	@ 0x50
100036fc:	930c      	str	r3, [sp, #48]	@ 0x30
100036fe:	e6c9      	b.n	10003494 <_vsnprintf+0x50>
10003700:	930c      	str	r3, [sp, #48]	@ 0x30
10003702:	2301      	movs	r3, #1
10003704:	469c      	mov	ip, r3
10003706:	3828      	subs	r0, #40	@ 0x28
10003708:	4249      	negs	r1, r1
1000370a:	4302      	orrs	r2, r0
1000370c:	4688      	mov	r8, r1
1000370e:	7870      	ldrb	r0, [r6, #1]
10003710:	464e      	mov	r6, r9
10003712:	44e1      	add	r9, ip
10003714:	e6e5      	b.n	100034e2 <_vsnprintf+0x9e>
10003716:	7870      	ldrb	r0, [r6, #1]
10003718:	286c      	cmp	r0, #108	@ 0x6c
1000371a:	d100      	bne.n	1000371e <_vsnprintf+0x2da>
1000371c:	e17f      	b.n	10003a1e <_vsnprintf+0x5da>
1000371e:	2380      	movs	r3, #128	@ 0x80
10003720:	005b      	lsls	r3, r3, #1
10003722:	431a      	orrs	r2, r3
10003724:	3bff      	subs	r3, #255	@ 0xff
10003726:	469c      	mov	ip, r3
10003728:	44e1      	add	r9, ip
1000372a:	e702      	b.n	10003532 <_vsnprintf+0xee>
1000372c:	2380      	movs	r3, #128	@ 0x80
1000372e:	009b      	lsls	r3, r3, #2
10003730:	431a      	orrs	r2, r3
10003732:	2301      	movs	r3, #1
10003734:	469c      	mov	ip, r3
10003736:	7870      	ldrb	r0, [r6, #1]
10003738:	44e1      	add	r9, ip
1000373a:	e6fa      	b.n	10003532 <_vsnprintf+0xee>
1000373c:	7870      	ldrb	r0, [r6, #1]
1000373e:	2868      	cmp	r0, #104	@ 0x68
10003740:	d100      	bne.n	10003744 <_vsnprintf+0x300>
10003742:	e173      	b.n	10003a2c <_vsnprintf+0x5e8>
10003744:	2380      	movs	r3, #128	@ 0x80
10003746:	431a      	orrs	r2, r3
10003748:	3b7f      	subs	r3, #127	@ 0x7f
1000374a:	469c      	mov	ip, r3
1000374c:	44e1      	add	r9, ip
1000374e:	e6f0      	b.n	10003532 <_vsnprintf+0xee>
10003750:	2867      	cmp	r0, #103	@ 0x67
10003752:	d100      	bne.n	10003756 <_vsnprintf+0x312>
10003754:	e103      	b.n	1000395e <_vsnprintf+0x51a>
10003756:	2847      	cmp	r0, #71	@ 0x47
10003758:	d100      	bne.n	1000375c <_vsnprintf+0x318>
1000375a:	e15a      	b.n	10003a12 <_vsnprintf+0x5ce>
1000375c:	2845      	cmp	r0, #69	@ 0x45
1000375e:	d100      	bne.n	10003762 <_vsnprintf+0x31e>
10003760:	e15a      	b.n	10003a18 <_vsnprintf+0x5d4>
10003762:	9204      	str	r2, [sp, #16]
10003764:	2107      	movs	r1, #7
10003766:	4642      	mov	r2, r8
10003768:	9b0c      	ldr	r3, [sp, #48]	@ 0x30
1000376a:	9203      	str	r2, [sp, #12]
1000376c:	3307      	adds	r3, #7
1000376e:	4652      	mov	r2, sl
10003770:	438b      	bics	r3, r1
10003772:	0019      	movs	r1, r3
10003774:	9202      	str	r2, [sp, #8]
10003776:	c90c      	ldmia	r1!, {r2, r3}
10003778:	0028      	movs	r0, r5
1000377a:	9200      	str	r2, [sp, #0]
1000377c:	9301      	str	r3, [sp, #4]
1000377e:	910c      	str	r1, [sp, #48]	@ 0x30
10003780:	0022      	movs	r2, r4
10003782:	003b      	movs	r3, r7
10003784:	4659      	mov	r1, fp
10003786:	f7ff fb9f 	bl	10002ec8 <_etoa>
1000378a:	0004      	movs	r4, r0
1000378c:	e682      	b.n	10003494 <_vsnprintf+0x50>
1000378e:	46c0      	nop			@ (mov r8, r8)
10003790:	10003445 	.word	0x10003445
10003794:	20001f2c 	.word	0x20001f2c
10003798:	10007060 	.word	0x10007060
1000379c:	100070a4 	.word	0x100070a4
100037a0:	100070f0 	.word	0x100070f0
100037a4:	00009041 	.word	0x00009041
100037a8:	2846      	cmp	r0, #70	@ 0x46
100037aa:	d100      	bne.n	100037ae <_vsnprintf+0x36a>
100037ac:	e0db      	b.n	10003966 <_vsnprintf+0x522>
100037ae:	9204      	str	r2, [sp, #16]
100037b0:	2107      	movs	r1, #7
100037b2:	4642      	mov	r2, r8
100037b4:	9b0c      	ldr	r3, [sp, #48]	@ 0x30
100037b6:	9203      	str	r2, [sp, #12]
100037b8:	3307      	adds	r3, #7
100037ba:	4652      	mov	r2, sl
100037bc:	438b      	bics	r3, r1
100037be:	0019      	movs	r1, r3
100037c0:	9202      	str	r2, [sp, #8]
100037c2:	c90c      	ldmia	r1!, {r2, r3}
100037c4:	0028      	movs	r0, r5
100037c6:	9200      	str	r2, [sp, #0]
100037c8:	9301      	str	r3, [sp, #4]
100037ca:	910c      	str	r1, [sp, #48]	@ 0x30
100037cc:	0022      	movs	r2, r4
100037ce:	003b      	movs	r3, r7
100037d0:	4659      	mov	r1, fp
100037d2:	f7ff f925 	bl	10002a20 <_ftoa>
100037d6:	0004      	movs	r4, r0
100037d8:	e65c      	b.n	10003494 <_vsnprintf+0x50>
100037da:	1c63      	adds	r3, r4, #1
100037dc:	4698      	mov	r8, r3
100037de:	0022      	movs	r2, r4
100037e0:	003b      	movs	r3, r7
100037e2:	4659      	mov	r1, fp
100037e4:	2025      	movs	r0, #37	@ 0x25
100037e6:	47a8      	blx	r5
100037e8:	4644      	mov	r4, r8
100037ea:	e653      	b.n	10003494 <_vsnprintf+0x50>
100037ec:	9b0c      	ldr	r3, [sp, #48]	@ 0x30
100037ee:	3304      	adds	r3, #4
100037f0:	930d      	str	r3, [sp, #52]	@ 0x34
100037f2:	1c63      	adds	r3, r4, #1
100037f4:	4699      	mov	r9, r3
100037f6:	0792      	lsls	r2, r2, #30
100037f8:	d400      	bmi.n	100037fc <_vsnprintf+0x3b8>
100037fa:	e122      	b.n	10003a42 <_vsnprintf+0x5fe>
100037fc:	9b0c      	ldr	r3, [sp, #48]	@ 0x30
100037fe:	0022      	movs	r2, r4
10003800:	7818      	ldrb	r0, [r3, #0]
10003802:	4659      	mov	r1, fp
10003804:	003b      	movs	r3, r7
10003806:	47a8      	blx	r5
10003808:	4643      	mov	r3, r8
1000380a:	4444      	add	r4, r8
1000380c:	2b01      	cmp	r3, #1
1000380e:	d800      	bhi.n	10003812 <_vsnprintf+0x3ce>
10003810:	e285      	b.n	10003d1e <_vsnprintf+0x8da>
10003812:	0033      	movs	r3, r6
10003814:	46b8      	mov	r8, r7
10003816:	002e      	movs	r6, r5
10003818:	465f      	mov	r7, fp
1000381a:	0025      	movs	r5, r4
1000381c:	464c      	mov	r4, r9
1000381e:	4699      	mov	r9, r3
10003820:	0022      	movs	r2, r4
10003822:	4643      	mov	r3, r8
10003824:	3401      	adds	r4, #1
10003826:	0039      	movs	r1, r7
10003828:	2020      	movs	r0, #32
1000382a:	47b0      	blx	r6
1000382c:	42ac      	cmp	r4, r5
1000382e:	d1f7      	bne.n	10003820 <_vsnprintf+0x3dc>
10003830:	002c      	movs	r4, r5
10003832:	46bb      	mov	fp, r7
10003834:	0035      	movs	r5, r6
10003836:	4647      	mov	r7, r8
10003838:	464e      	mov	r6, r9
1000383a:	9b0d      	ldr	r3, [sp, #52]	@ 0x34
1000383c:	930c      	str	r3, [sp, #48]	@ 0x30
1000383e:	e629      	b.n	10003494 <_vsnprintf+0x50>
10003840:	4bdb      	ldr	r3, [pc, #876]	@ (10003bb0 <_vsnprintf+0x76c>)
10003842:	7830      	ldrb	r0, [r6, #0]
10003844:	4698      	mov	r8, r3
10003846:	2300      	movs	r3, #0
10003848:	4699      	mov	r9, r3
1000384a:	2800      	cmp	r0, #0
1000384c:	d000      	beq.n	10003850 <_vsnprintf+0x40c>
1000384e:	e612      	b.n	10003476 <_vsnprintf+0x32>
10003850:	2400      	movs	r4, #0
10003852:	e6ae      	b.n	100035b2 <_vsnprintf+0x16e>
10003854:	286f      	cmp	r0, #111	@ 0x6f
10003856:	d100      	bne.n	1000385a <_vsnprintf+0x416>
10003858:	e088      	b.n	1000396c <_vsnprintf+0x528>
1000385a:	d800      	bhi.n	1000385e <_vsnprintf+0x41a>
1000385c:	e30b      	b.n	10003e76 <_vsnprintf+0xa32>
1000385e:	2310      	movs	r3, #16
10003860:	2878      	cmp	r0, #120	@ 0x78
10003862:	d100      	bne.n	10003866 <_vsnprintf+0x422>
10003864:	e0cf      	b.n	10003a06 <_vsnprintf+0x5c2>
10003866:	439a      	bics	r2, r3
10003868:	230a      	movs	r3, #10
1000386a:	469c      	mov	ip, r3
1000386c:	2300      	movs	r3, #0
1000386e:	930f      	str	r3, [sp, #60]	@ 0x3c
10003870:	330a      	adds	r3, #10
10003872:	930d      	str	r3, [sp, #52]	@ 0x34
10003874:	e080      	b.n	10003978 <_vsnprintf+0x534>
10003876:	4656      	mov	r6, sl
10003878:	00b1      	lsls	r1, r6, #2
1000387a:	1989      	adds	r1, r1, r6
1000387c:	0049      	lsls	r1, r1, #1
1000387e:	3301      	adds	r3, #1
10003880:	180e      	adds	r6, r1, r0
10003882:	7818      	ldrb	r0, [r3, #0]
10003884:	3e30      	subs	r6, #48	@ 0x30
10003886:	0001      	movs	r1, r0
10003888:	3930      	subs	r1, #48	@ 0x30
1000388a:	2909      	cmp	r1, #9
1000388c:	d9f4      	bls.n	10003878 <_vsnprintf+0x434>
1000388e:	46b2      	mov	sl, r6
10003890:	001e      	movs	r6, r3
10003892:	3301      	adds	r3, #1
10003894:	4699      	mov	r9, r3
10003896:	e628      	b.n	100034ea <_vsnprintf+0xa6>
10003898:	9b0c      	ldr	r3, [sp, #48]	@ 0x30
1000389a:	3602      	adds	r6, #2
1000389c:	cb02      	ldmia	r3!, {r1}
1000389e:	468a      	mov	sl, r1
100038a0:	43c9      	mvns	r1, r1
100038a2:	4650      	mov	r0, sl
100038a4:	17c9      	asrs	r1, r1, #31
100038a6:	4008      	ands	r0, r1
100038a8:	4682      	mov	sl, r0
100038aa:	930c      	str	r3, [sp, #48]	@ 0x30
100038ac:	7830      	ldrb	r0, [r6, #0]
100038ae:	1c73      	adds	r3, r6, #1
100038b0:	4699      	mov	r9, r3
100038b2:	e61a      	b.n	100034ea <_vsnprintf+0xa6>
100038b4:	2310      	movs	r3, #16
100038b6:	0010      	movs	r0, r2
100038b8:	4398      	bics	r0, r3
100038ba:	3311      	adds	r3, #17
100038bc:	4318      	orrs	r0, r3
100038be:	4681      	mov	r9, r0
100038c0:	2080      	movs	r0, #128	@ 0x80
100038c2:	0013      	movs	r3, r2
100038c4:	00c0      	lsls	r0, r0, #3
100038c6:	4003      	ands	r3, r0
100038c8:	4202      	tst	r2, r0
100038ca:	d100      	bne.n	100038ce <_vsnprintf+0x48a>
100038cc:	e6a9      	b.n	10003622 <_vsnprintf+0x1de>
100038ce:	464b      	mov	r3, r9
100038d0:	9306      	str	r3, [sp, #24]
100038d2:	2308      	movs	r3, #8
100038d4:	9305      	str	r3, [sp, #20]
100038d6:	4653      	mov	r3, sl
100038d8:	9304      	str	r3, [sp, #16]
100038da:	2310      	movs	r3, #16
100038dc:	9303      	str	r3, [sp, #12]
100038de:	2300      	movs	r3, #0
100038e0:	9302      	str	r3, [sp, #8]
100038e2:	9b0f      	ldr	r3, [sp, #60]	@ 0x3c
100038e4:	0022      	movs	r2, r4
100038e6:	9301      	str	r3, [sp, #4]
100038e8:	ab1c      	add	r3, sp, #112	@ 0x70
100038ea:	9300      	str	r3, [sp, #0]
100038ec:	4659      	mov	r1, fp
100038ee:	003b      	movs	r3, r7
100038f0:	0028      	movs	r0, r5
100038f2:	f7fe ff9f 	bl	10002834 <_ntoa_format>
100038f6:	4643      	mov	r3, r8
100038f8:	0004      	movs	r4, r0
100038fa:	930c      	str	r3, [sp, #48]	@ 0x30
100038fc:	e5ca      	b.n	10003494 <_vsnprintf+0x50>
100038fe:	2301      	movs	r3, #1
10003900:	425b      	negs	r3, r3
10003902:	e6c3      	b.n	1000368c <_vsnprintf+0x248>
10003904:	9b0f      	ldr	r3, [sp, #60]	@ 0x3c
10003906:	4553      	cmp	r3, sl
10003908:	d901      	bls.n	1000390e <_vsnprintf+0x4ca>
1000390a:	4653      	mov	r3, sl
1000390c:	930f      	str	r3, [sp, #60]	@ 0x3c
1000390e:	2302      	movs	r3, #2
10003910:	0018      	movs	r0, r3
10003912:	4010      	ands	r0, r2
10003914:	900d      	str	r0, [sp, #52]	@ 0x34
10003916:	4213      	tst	r3, r2
10003918:	d100      	bne.n	1000391c <_vsnprintf+0x4d8>
1000391a:	e1b7      	b.n	10003c8c <_vsnprintf+0x848>
1000391c:	930d      	str	r3, [sp, #52]	@ 0x34
1000391e:	46d1      	mov	r9, sl
10003920:	1b0b      	subs	r3, r1, r4
10003922:	469a      	mov	sl, r3
10003924:	0033      	movs	r3, r6
10003926:	44a1      	add	r9, r4
10003928:	002e      	movs	r6, r5
1000392a:	0022      	movs	r2, r4
1000392c:	464d      	mov	r5, r9
1000392e:	980c      	ldr	r0, [sp, #48]	@ 0x30
10003930:	46b9      	mov	r9, r7
10003932:	465f      	mov	r7, fp
10003934:	469b      	mov	fp, r3
10003936:	e008      	b.n	1000394a <_vsnprintf+0x506>
10003938:	464b      	mov	r3, r9
1000393a:	0039      	movs	r1, r7
1000393c:	1c54      	adds	r4, r2, #1
1000393e:	47b0      	blx	r6
10003940:	4653      	mov	r3, sl
10003942:	5d18      	ldrb	r0, [r3, r4]
10003944:	2800      	cmp	r0, #0
10003946:	d077      	beq.n	10003a38 <_vsnprintf+0x5f4>
10003948:	0022      	movs	r2, r4
1000394a:	4295      	cmp	r5, r2
1000394c:	d1f4      	bne.n	10003938 <_vsnprintf+0x4f4>
1000394e:	465b      	mov	r3, fp
10003950:	46bb      	mov	fp, r7
10003952:	464f      	mov	r7, r9
10003954:	46a9      	mov	r9, r5
10003956:	0035      	movs	r5, r6
10003958:	464c      	mov	r4, r9
1000395a:	001e      	movs	r6, r3
1000395c:	e6c9      	b.n	100036f2 <_vsnprintf+0x2ae>
1000395e:	2380      	movs	r3, #128	@ 0x80
10003960:	011b      	lsls	r3, r3, #4
10003962:	431a      	orrs	r2, r3
10003964:	e6fd      	b.n	10003762 <_vsnprintf+0x31e>
10003966:	2320      	movs	r3, #32
10003968:	431a      	orrs	r2, r3
1000396a:	e720      	b.n	100037ae <_vsnprintf+0x36a>
1000396c:	2308      	movs	r3, #8
1000396e:	469c      	mov	ip, r3
10003970:	2300      	movs	r3, #0
10003972:	930f      	str	r3, [sp, #60]	@ 0x3c
10003974:	3308      	adds	r3, #8
10003976:	930d      	str	r3, [sp, #52]	@ 0x34
10003978:	2380      	movs	r3, #128	@ 0x80
1000397a:	0011      	movs	r1, r2
1000397c:	00db      	lsls	r3, r3, #3
1000397e:	4019      	ands	r1, r3
10003980:	421a      	tst	r2, r3
10003982:	d100      	bne.n	10003986 <_vsnprintf+0x542>
10003984:	e116      	b.n	10003bb4 <_vsnprintf+0x770>
10003986:	230d      	movs	r3, #13
10003988:	439a      	bics	r2, r3
1000398a:	0010      	movs	r0, r2
1000398c:	2380      	movs	r3, #128	@ 0x80
1000398e:	0002      	movs	r2, r0
10003990:	009b      	lsls	r3, r3, #2
10003992:	401a      	ands	r2, r3
10003994:	9214      	str	r2, [sp, #80]	@ 0x50
10003996:	4218      	tst	r0, r3
10003998:	d000      	beq.n	1000399c <_vsnprintf+0x558>
1000399a:	e1c2      	b.n	10003d22 <_vsnprintf+0x8de>
1000399c:	2380      	movs	r3, #128	@ 0x80
1000399e:	0002      	movs	r2, r0
100039a0:	005b      	lsls	r3, r3, #1
100039a2:	401a      	ands	r2, r3
100039a4:	4691      	mov	r9, r2
100039a6:	9a0c      	ldr	r2, [sp, #48]	@ 0x30
100039a8:	3204      	adds	r2, #4
100039aa:	920f      	str	r2, [sp, #60]	@ 0x3c
100039ac:	4218      	tst	r0, r3
100039ae:	d000      	beq.n	100039b2 <_vsnprintf+0x56e>
100039b0:	e2b7      	b.n	10003f22 <_vsnprintf+0xade>
100039b2:	0643      	lsls	r3, r0, #25
100039b4:	d500      	bpl.n	100039b8 <_vsnprintf+0x574>
100039b6:	e19f      	b.n	10003cf8 <_vsnprintf+0x8b4>
100039b8:	0603      	lsls	r3, r0, #24
100039ba:	d400      	bmi.n	100039be <_vsnprintf+0x57a>
100039bc:	e319      	b.n	10003ff2 <_vsnprintf+0xbae>
100039be:	9b0c      	ldr	r3, [sp, #48]	@ 0x30
100039c0:	881b      	ldrh	r3, [r3, #0]
100039c2:	9309      	str	r3, [sp, #36]	@ 0x24
100039c4:	2b00      	cmp	r3, #0
100039c6:	d000      	beq.n	100039ca <_vsnprintf+0x586>
100039c8:	e1fc      	b.n	10003dc4 <_vsnprintf+0x980>
100039ca:	3310      	adds	r3, #16
100039cc:	4398      	bics	r0, r3
100039ce:	2900      	cmp	r1, #0
100039d0:	d100      	bne.n	100039d4 <_vsnprintf+0x590>
100039d2:	e1f7      	b.n	10003dc4 <_vsnprintf+0x980>
100039d4:	2300      	movs	r3, #0
100039d6:	4699      	mov	r9, r3
100039d8:	4643      	mov	r3, r8
100039da:	9305      	str	r3, [sp, #20]
100039dc:	4653      	mov	r3, sl
100039de:	9304      	str	r3, [sp, #16]
100039e0:	9b0d      	ldr	r3, [sp, #52]	@ 0x34
100039e2:	9006      	str	r0, [sp, #24]
100039e4:	9303      	str	r3, [sp, #12]
100039e6:	2300      	movs	r3, #0
100039e8:	e0d2      	b.n	10003b90 <_vsnprintf+0x74c>
100039ea:	2858      	cmp	r0, #88	@ 0x58
100039ec:	d008      	beq.n	10003a00 <_vsnprintf+0x5bc>
100039ee:	2862      	cmp	r0, #98	@ 0x62
100039f0:	d167      	bne.n	10003ac2 <_vsnprintf+0x67e>
100039f2:	2302      	movs	r3, #2
100039f4:	469c      	mov	ip, r3
100039f6:	2300      	movs	r3, #0
100039f8:	930f      	str	r3, [sp, #60]	@ 0x3c
100039fa:	3302      	adds	r3, #2
100039fc:	930d      	str	r3, [sp, #52]	@ 0x34
100039fe:	e7bb      	b.n	10003978 <_vsnprintf+0x534>
10003a00:	2320      	movs	r3, #32
10003a02:	431a      	orrs	r2, r3
10003a04:	3b10      	subs	r3, #16
10003a06:	469c      	mov	ip, r3
10003a08:	2300      	movs	r3, #0
10003a0a:	930f      	str	r3, [sp, #60]	@ 0x3c
10003a0c:	3310      	adds	r3, #16
10003a0e:	930d      	str	r3, [sp, #52]	@ 0x34
10003a10:	e7b2      	b.n	10003978 <_vsnprintf+0x534>
10003a12:	2380      	movs	r3, #128	@ 0x80
10003a14:	011b      	lsls	r3, r3, #4
10003a16:	431a      	orrs	r2, r3
10003a18:	2320      	movs	r3, #32
10003a1a:	431a      	orrs	r2, r3
10003a1c:	e6a1      	b.n	10003762 <_vsnprintf+0x31e>
10003a1e:	23c0      	movs	r3, #192	@ 0xc0
10003a20:	009b      	lsls	r3, r3, #2
10003a22:	431a      	orrs	r2, r3
10003a24:	1cf3      	adds	r3, r6, #3
10003a26:	4699      	mov	r9, r3
10003a28:	78b0      	ldrb	r0, [r6, #2]
10003a2a:	e582      	b.n	10003532 <_vsnprintf+0xee>
10003a2c:	23c0      	movs	r3, #192	@ 0xc0
10003a2e:	431a      	orrs	r2, r3
10003a30:	1cf3      	adds	r3, r6, #3
10003a32:	4699      	mov	r9, r3
10003a34:	78b0      	ldrb	r0, [r6, #2]
10003a36:	e57c      	b.n	10003532 <_vsnprintf+0xee>
10003a38:	0035      	movs	r5, r6
10003a3a:	465e      	mov	r6, fp
10003a3c:	46bb      	mov	fp, r7
10003a3e:	464f      	mov	r7, r9
10003a40:	e657      	b.n	100036f2 <_vsnprintf+0x2ae>
10003a42:	4643      	mov	r3, r8
10003a44:	2b01      	cmp	r3, #1
10003a46:	d800      	bhi.n	10003a4a <_vsnprintf+0x606>
10003a48:	e163      	b.n	10003d12 <_vsnprintf+0x8ce>
10003a4a:	1e63      	subs	r3, r4, #1
10003a4c:	4443      	add	r3, r8
10003a4e:	469a      	mov	sl, r3
10003a50:	0033      	movs	r3, r6
10003a52:	46b9      	mov	r9, r7
10003a54:	002e      	movs	r6, r5
10003a56:	465f      	mov	r7, fp
10003a58:	4655      	mov	r5, sl
10003a5a:	469b      	mov	fp, r3
10003a5c:	46a2      	mov	sl, r4
10003a5e:	0022      	movs	r2, r4
10003a60:	464b      	mov	r3, r9
10003a62:	3401      	adds	r4, #1
10003a64:	0039      	movs	r1, r7
10003a66:	2020      	movs	r0, #32
10003a68:	47b0      	blx	r6
10003a6a:	42ac      	cmp	r4, r5
10003a6c:	d1f7      	bne.n	10003a5e <_vsnprintf+0x61a>
10003a6e:	0035      	movs	r5, r6
10003a70:	465e      	mov	r6, fp
10003a72:	46bb      	mov	fp, r7
10003a74:	464f      	mov	r7, r9
10003a76:	46a1      	mov	r9, r4
10003a78:	4654      	mov	r4, sl
10003a7a:	9b0c      	ldr	r3, [sp, #48]	@ 0x30
10003a7c:	464a      	mov	r2, r9
10003a7e:	7818      	ldrb	r0, [r3, #0]
10003a80:	4659      	mov	r1, fp
10003a82:	003b      	movs	r3, r7
10003a84:	4444      	add	r4, r8
10003a86:	47a8      	blx	r5
10003a88:	e6d7      	b.n	1000383a <_vsnprintf+0x3f6>
10003a8a:	46a1      	mov	r9, r4
10003a8c:	9b0f      	ldr	r3, [sp, #60]	@ 0x3c
10003a8e:	4598      	cmp	r8, r3
10003a90:	d800      	bhi.n	10003a94 <_vsnprintf+0x650>
10003a92:	e632      	b.n	100036fa <_vsnprintf+0x2b6>
10003a94:	4444      	add	r4, r8
10003a96:	1ae4      	subs	r4, r4, r3
10003a98:	0033      	movs	r3, r6
10003a9a:	46b8      	mov	r8, r7
10003a9c:	002e      	movs	r6, r5
10003a9e:	465f      	mov	r7, fp
10003aa0:	0025      	movs	r5, r4
10003aa2:	464c      	mov	r4, r9
10003aa4:	4699      	mov	r9, r3
10003aa6:	0022      	movs	r2, r4
10003aa8:	4643      	mov	r3, r8
10003aaa:	3401      	adds	r4, #1
10003aac:	0039      	movs	r1, r7
10003aae:	2020      	movs	r0, #32
10003ab0:	47b0      	blx	r6
10003ab2:	42ac      	cmp	r4, r5
10003ab4:	d1f7      	bne.n	10003aa6 <_vsnprintf+0x662>
10003ab6:	002c      	movs	r4, r5
10003ab8:	46bb      	mov	fp, r7
10003aba:	0035      	movs	r5, r6
10003abc:	4647      	mov	r7, r8
10003abe:	464e      	mov	r6, r9
10003ac0:	e61b      	b.n	100036fa <_vsnprintf+0x2b6>
10003ac2:	2380      	movs	r3, #128	@ 0x80
10003ac4:	0010      	movs	r0, r2
10003ac6:	00db      	lsls	r3, r3, #3
10003ac8:	4018      	ands	r0, r3
10003aca:	421a      	tst	r2, r3
10003acc:	d100      	bne.n	10003ad0 <_vsnprintf+0x68c>
10003ace:	e10f      	b.n	10003cf0 <_vsnprintf+0x8ac>
10003ad0:	2111      	movs	r1, #17
10003ad2:	0018      	movs	r0, r3
10003ad4:	438a      	bics	r2, r1
10003ad6:	920d      	str	r2, [sp, #52]	@ 0x34
10003ad8:	9a0d      	ldr	r2, [sp, #52]	@ 0x34
10003ada:	2380      	movs	r3, #128	@ 0x80
10003adc:	0011      	movs	r1, r2
10003ade:	009b      	lsls	r3, r3, #2
10003ae0:	4019      	ands	r1, r3
10003ae2:	468c      	mov	ip, r1
10003ae4:	421a      	tst	r2, r3
10003ae6:	d169      	bne.n	10003bbc <_vsnprintf+0x778>
10003ae8:	2380      	movs	r3, #128	@ 0x80
10003aea:	0011      	movs	r1, r2
10003aec:	005b      	lsls	r3, r3, #1
10003aee:	4019      	ands	r1, r3
10003af0:	4689      	mov	r9, r1
10003af2:	990c      	ldr	r1, [sp, #48]	@ 0x30
10003af4:	3104      	adds	r1, #4
10003af6:	910f      	str	r1, [sp, #60]	@ 0x3c
10003af8:	421a      	tst	r2, r3
10003afa:	d000      	beq.n	10003afe <_vsnprintf+0x6ba>
10003afc:	e1ca      	b.n	10003e94 <_vsnprintf+0xa50>
10003afe:	0013      	movs	r3, r2
10003b00:	065b      	lsls	r3, r3, #25
10003b02:	d500      	bpl.n	10003b06 <_vsnprintf+0x6c2>
10003b04:	e0f0      	b.n	10003ce8 <_vsnprintf+0x8a4>
10003b06:	0013      	movs	r3, r2
10003b08:	061b      	lsls	r3, r3, #24
10003b0a:	d400      	bmi.n	10003b0e <_vsnprintf+0x6ca>
10003b0c:	e259      	b.n	10003fc2 <_vsnprintf+0xb7e>
10003b0e:	9b0c      	ldr	r3, [sp, #48]	@ 0x30
10003b10:	2200      	movs	r2, #0
10003b12:	5e9b      	ldrsh	r3, [r3, r2]
10003b14:	17d9      	asrs	r1, r3, #31
10003b16:	185a      	adds	r2, r3, r1
10003b18:	404a      	eors	r2, r1
10003b1a:	b292      	uxth	r2, r2
10003b1c:	0fd9      	lsrs	r1, r3, #31
10003b1e:	910c      	str	r1, [sp, #48]	@ 0x30
10003b20:	2b00      	cmp	r3, #0
10003b22:	d100      	bne.n	10003b26 <_vsnprintf+0x6e2>
10003b24:	e1f9      	b.n	10003f1a <_vsnprintf+0xad6>
10003b26:	0010      	movs	r0, r2
10003b28:	aa14      	add	r2, sp, #80	@ 0x50
10003b2a:	4694      	mov	ip, r2
10003b2c:	4642      	mov	r2, r8
10003b2e:	231f      	movs	r3, #31
10003b30:	9214      	str	r2, [sp, #80]	@ 0x50
10003b32:	4652      	mov	r2, sl
10003b34:	4463      	add	r3, ip
10003b36:	46a8      	mov	r8, r5
10003b38:	9416      	str	r4, [sp, #88]	@ 0x58
10003b3a:	464d      	mov	r5, r9
10003b3c:	0004      	movs	r4, r0
10003b3e:	46b9      	mov	r9, r7
10003b40:	46b2      	mov	sl, r6
10003b42:	001f      	movs	r7, r3
10003b44:	9215      	str	r2, [sp, #84]	@ 0x54
10003b46:	e001      	b.n	10003b4c <_vsnprintf+0x708>
10003b48:	2d20      	cmp	r5, #32
10003b4a:	d00f      	beq.n	10003b6c <_vsnprintf+0x728>
10003b4c:	0020      	movs	r0, r4
10003b4e:	210a      	movs	r1, #10
10003b50:	f7fd ff7e 	bl	10001a50 <__wrap___aeabi_uidiv>
10003b54:	3501      	adds	r5, #1
10003b56:	197e      	adds	r6, r7, r5
10003b58:	3130      	adds	r1, #48	@ 0x30
10003b5a:	7031      	strb	r1, [r6, #0]
10003b5c:	0020      	movs	r0, r4
10003b5e:	210a      	movs	r1, #10
10003b60:	f7fd ff76 	bl	10001a50 <__wrap___aeabi_uidiv>
10003b64:	0026      	movs	r6, r4
10003b66:	0004      	movs	r4, r0
10003b68:	2e09      	cmp	r6, #9
10003b6a:	d8ed      	bhi.n	10003b48 <_vsnprintf+0x704>
10003b6c:	9b14      	ldr	r3, [sp, #80]	@ 0x50
10003b6e:	464f      	mov	r7, r9
10003b70:	46a9      	mov	r9, r5
10003b72:	4645      	mov	r5, r8
10003b74:	4698      	mov	r8, r3
10003b76:	9b15      	ldr	r3, [sp, #84]	@ 0x54
10003b78:	4656      	mov	r6, sl
10003b7a:	469a      	mov	sl, r3
10003b7c:	9c16      	ldr	r4, [sp, #88]	@ 0x58
10003b7e:	9b0d      	ldr	r3, [sp, #52]	@ 0x34
10003b80:	9306      	str	r3, [sp, #24]
10003b82:	4643      	mov	r3, r8
10003b84:	9305      	str	r3, [sp, #20]
10003b86:	4653      	mov	r3, sl
10003b88:	9304      	str	r3, [sp, #16]
10003b8a:	230a      	movs	r3, #10
10003b8c:	9303      	str	r3, [sp, #12]
10003b8e:	9b0c      	ldr	r3, [sp, #48]	@ 0x30
10003b90:	9302      	str	r3, [sp, #8]
10003b92:	464b      	mov	r3, r9
10003b94:	9301      	str	r3, [sp, #4]
10003b96:	ab1c      	add	r3, sp, #112	@ 0x70
10003b98:	0022      	movs	r2, r4
10003b9a:	9300      	str	r3, [sp, #0]
10003b9c:	4659      	mov	r1, fp
10003b9e:	003b      	movs	r3, r7
10003ba0:	0028      	movs	r0, r5
10003ba2:	f7fe fe47 	bl	10002834 <_ntoa_format>
10003ba6:	9b0f      	ldr	r3, [sp, #60]	@ 0x3c
10003ba8:	0004      	movs	r4, r0
10003baa:	930c      	str	r3, [sp, #48]	@ 0x30
10003bac:	e472      	b.n	10003494 <_vsnprintf+0x50>
10003bae:	46c0      	nop			@ (mov r8, r8)
10003bb0:	10002785 	.word	0x10002785
10003bb4:	230c      	movs	r3, #12
10003bb6:	439a      	bics	r2, r3
10003bb8:	0010      	movs	r0, r2
10003bba:	e6e7      	b.n	1000398c <_vsnprintf+0x548>
10003bbc:	2207      	movs	r2, #7
10003bbe:	9b0c      	ldr	r3, [sp, #48]	@ 0x30
10003bc0:	3307      	adds	r3, #7
10003bc2:	4393      	bics	r3, r2
10003bc4:	3201      	adds	r2, #1
10003bc6:	4694      	mov	ip, r2
10003bc8:	449c      	add	ip, r3
10003bca:	4662      	mov	r2, ip
10003bcc:	920c      	str	r2, [sp, #48]	@ 0x30
10003bce:	cb0c      	ldmia	r3, {r2, r3}
10003bd0:	0fd9      	lsrs	r1, r3, #31
10003bd2:	910f      	str	r1, [sp, #60]	@ 0x3c
10003bd4:	0011      	movs	r1, r2
10003bd6:	4319      	orrs	r1, r3
10003bd8:	d100      	bne.n	10003bdc <_vsnprintf+0x798>
10003bda:	e091      	b.n	10003d00 <_vsnprintf+0x8bc>
10003bdc:	17d9      	asrs	r1, r3, #31
10003bde:	9113      	str	r1, [sp, #76]	@ 0x4c
10003be0:	9112      	str	r1, [sp, #72]	@ 0x48
10003be2:	4051      	eors	r1, r2
10003be4:	9110      	str	r1, [sp, #64]	@ 0x40
10003be6:	9913      	ldr	r1, [sp, #76]	@ 0x4c
10003be8:	4059      	eors	r1, r3
10003bea:	9111      	str	r1, [sp, #68]	@ 0x44
10003bec:	9810      	ldr	r0, [sp, #64]	@ 0x40
10003bee:	9911      	ldr	r1, [sp, #68]	@ 0x44
10003bf0:	9a12      	ldr	r2, [sp, #72]	@ 0x48
10003bf2:	9b13      	ldr	r3, [sp, #76]	@ 0x4c
10003bf4:	1a80      	subs	r0, r0, r2
10003bf6:	4199      	sbcs	r1, r3
10003bf8:	9010      	str	r0, [sp, #64]	@ 0x40
10003bfa:	9111      	str	r1, [sp, #68]	@ 0x44
10003bfc:	aa14      	add	r2, sp, #80	@ 0x50
10003bfe:	2300      	movs	r3, #0
10003c00:	4694      	mov	ip, r2
10003c02:	4642      	mov	r2, r8
10003c04:	4699      	mov	r9, r3
10003c06:	9214      	str	r2, [sp, #80]	@ 0x50
10003c08:	4652      	mov	r2, sl
10003c0a:	331f      	adds	r3, #31
10003c0c:	4463      	add	r3, ip
10003c0e:	46a8      	mov	r8, r5
10003c10:	46b2      	mov	sl, r6
10003c12:	9416      	str	r4, [sp, #88]	@ 0x58
10003c14:	464e      	mov	r6, r9
10003c16:	9c10      	ldr	r4, [sp, #64]	@ 0x40
10003c18:	9d11      	ldr	r5, [sp, #68]	@ 0x44
10003c1a:	46b9      	mov	r9, r7
10003c1c:	9215      	str	r2, [sp, #84]	@ 0x54
10003c1e:	001f      	movs	r7, r3
10003c20:	e001      	b.n	10003c26 <_vsnprintf+0x7e2>
10003c22:	2e20      	cmp	r6, #32
10003c24:	d010      	beq.n	10003c48 <_vsnprintf+0x804>
10003c26:	0020      	movs	r0, r4
10003c28:	0029      	movs	r1, r5
10003c2a:	220a      	movs	r2, #10
10003c2c:	2300      	movs	r3, #0
10003c2e:	f7fd ff4d 	bl	10001acc <__wrap___aeabi_uldivmod>
10003c32:	3601      	adds	r6, #1
10003c34:	3230      	adds	r2, #48	@ 0x30
10003c36:	002b      	movs	r3, r5
10003c38:	55ba      	strb	r2, [r7, r6]
10003c3a:	000d      	movs	r5, r1
10003c3c:	0022      	movs	r2, r4
10003c3e:	0004      	movs	r4, r0
10003c40:	2b00      	cmp	r3, #0
10003c42:	d1ee      	bne.n	10003c22 <_vsnprintf+0x7de>
10003c44:	2a09      	cmp	r2, #9
10003c46:	d8ec      	bhi.n	10003c22 <_vsnprintf+0x7de>
10003c48:	9b14      	ldr	r3, [sp, #80]	@ 0x50
10003c4a:	9410      	str	r4, [sp, #64]	@ 0x40
10003c4c:	9511      	str	r5, [sp, #68]	@ 0x44
10003c4e:	4645      	mov	r5, r8
10003c50:	4698      	mov	r8, r3
10003c52:	9b15      	ldr	r3, [sp, #84]	@ 0x54
10003c54:	464f      	mov	r7, r9
10003c56:	46b1      	mov	r9, r6
10003c58:	4656      	mov	r6, sl
10003c5a:	469a      	mov	sl, r3
10003c5c:	9c16      	ldr	r4, [sp, #88]	@ 0x58
10003c5e:	9b0d      	ldr	r3, [sp, #52]	@ 0x34
10003c60:	9306      	str	r3, [sp, #24]
10003c62:	4643      	mov	r3, r8
10003c64:	9305      	str	r3, [sp, #20]
10003c66:	4653      	mov	r3, sl
10003c68:	9304      	str	r3, [sp, #16]
10003c6a:	230a      	movs	r3, #10
10003c6c:	9303      	str	r3, [sp, #12]
10003c6e:	9b0f      	ldr	r3, [sp, #60]	@ 0x3c
10003c70:	9302      	str	r3, [sp, #8]
10003c72:	464b      	mov	r3, r9
10003c74:	9301      	str	r3, [sp, #4]
10003c76:	ab1c      	add	r3, sp, #112	@ 0x70
10003c78:	0022      	movs	r2, r4
10003c7a:	9300      	str	r3, [sp, #0]
10003c7c:	4659      	mov	r1, fp
10003c7e:	003b      	movs	r3, r7
10003c80:	0028      	movs	r0, r5
10003c82:	f7fe fdd7 	bl	10002834 <_ntoa_format>
10003c86:	0004      	movs	r4, r0
10003c88:	f7ff fc04 	bl	10003494 <_vsnprintf+0x50>
10003c8c:	9b0f      	ldr	r3, [sp, #60]	@ 0x3c
10003c8e:	4598      	cmp	r8, r3
10003c90:	d800      	bhi.n	10003c94 <_vsnprintf+0x850>
10003c92:	e1c1      	b.n	10004018 <_vsnprintf+0xbd4>
10003c94:	2380      	movs	r3, #128	@ 0x80
10003c96:	00db      	lsls	r3, r3, #3
10003c98:	930d      	str	r3, [sp, #52]	@ 0x34
10003c9a:	4643      	mov	r3, r8
10003c9c:	9a0f      	ldr	r2, [sp, #60]	@ 0x3c
10003c9e:	191b      	adds	r3, r3, r4
10003ca0:	1a9b      	subs	r3, r3, r2
10003ca2:	4699      	mov	r9, r3
10003ca4:	0033      	movs	r3, r6
10003ca6:	002e      	movs	r6, r5
10003ca8:	464d      	mov	r5, r9
10003caa:	46b9      	mov	r9, r7
10003cac:	465f      	mov	r7, fp
10003cae:	469b      	mov	fp, r3
10003cb0:	910c      	str	r1, [sp, #48]	@ 0x30
10003cb2:	0022      	movs	r2, r4
10003cb4:	464b      	mov	r3, r9
10003cb6:	3401      	adds	r4, #1
10003cb8:	0039      	movs	r1, r7
10003cba:	2020      	movs	r0, #32
10003cbc:	47b0      	blx	r6
10003cbe:	42ac      	cmp	r4, r5
10003cc0:	d1f7      	bne.n	10003cb2 <_vsnprintf+0x86e>
10003cc2:	4643      	mov	r3, r8
10003cc4:	990c      	ldr	r1, [sp, #48]	@ 0x30
10003cc6:	3301      	adds	r3, #1
10003cc8:	930f      	str	r3, [sp, #60]	@ 0x3c
10003cca:	780b      	ldrb	r3, [r1, #0]
10003ccc:	0035      	movs	r5, r6
10003cce:	930c      	str	r3, [sp, #48]	@ 0x30
10003cd0:	465e      	mov	r6, fp
10003cd2:	46bb      	mov	fp, r7
10003cd4:	464f      	mov	r7, r9
10003cd6:	2b00      	cmp	r3, #0
10003cd8:	d100      	bne.n	10003cdc <_vsnprintf+0x898>
10003cda:	e50e      	b.n	100036fa <_vsnprintf+0x2b6>
10003cdc:	9b0d      	ldr	r3, [sp, #52]	@ 0x34
10003cde:	2b00      	cmp	r3, #0
10003ce0:	d100      	bne.n	10003ce4 <_vsnprintf+0x8a0>
10003ce2:	e4f6      	b.n	100036d2 <_vsnprintf+0x28e>
10003ce4:	2300      	movs	r3, #0
10003ce6:	e619      	b.n	1000391c <_vsnprintf+0x4d8>
10003ce8:	9b0c      	ldr	r3, [sp, #48]	@ 0x30
10003cea:	781b      	ldrb	r3, [r3, #0]
10003cec:	001a      	movs	r2, r3
10003cee:	e715      	b.n	10003b1c <_vsnprintf+0x6d8>
10003cf0:	2310      	movs	r3, #16
10003cf2:	439a      	bics	r2, r3
10003cf4:	920d      	str	r2, [sp, #52]	@ 0x34
10003cf6:	e6ef      	b.n	10003ad8 <_vsnprintf+0x694>
10003cf8:	9b0c      	ldr	r3, [sp, #48]	@ 0x30
10003cfa:	781b      	ldrb	r3, [r3, #0]
10003cfc:	9309      	str	r3, [sp, #36]	@ 0x24
10003cfe:	e661      	b.n	100039c4 <_vsnprintf+0x580>
10003d00:	2300      	movs	r3, #0
10003d02:	4699      	mov	r9, r3
10003d04:	2800      	cmp	r0, #0
10003d06:	d1aa      	bne.n	10003c5e <_vsnprintf+0x81a>
10003d08:	2200      	movs	r2, #0
10003d0a:	2300      	movs	r3, #0
10003d0c:	9210      	str	r2, [sp, #64]	@ 0x40
10003d0e:	9311      	str	r3, [sp, #68]	@ 0x44
10003d10:	e774      	b.n	10003bfc <_vsnprintf+0x7b8>
10003d12:	9b0c      	ldr	r3, [sp, #48]	@ 0x30
10003d14:	0022      	movs	r2, r4
10003d16:	7818      	ldrb	r0, [r3, #0]
10003d18:	4659      	mov	r1, fp
10003d1a:	003b      	movs	r3, r7
10003d1c:	47a8      	blx	r5
10003d1e:	464c      	mov	r4, r9
10003d20:	e58b      	b.n	1000383a <_vsnprintf+0x3f6>
10003d22:	9a0c      	ldr	r2, [sp, #48]	@ 0x30
10003d24:	3bfa      	subs	r3, #250	@ 0xfa
10003d26:	3bff      	subs	r3, #255	@ 0xff
10003d28:	3207      	adds	r2, #7
10003d2a:	439a      	bics	r2, r3
10003d2c:	3301      	adds	r3, #1
10003d2e:	4699      	mov	r9, r3
10003d30:	4491      	add	r9, r2
10003d32:	464b      	mov	r3, r9
10003d34:	930c      	str	r3, [sp, #48]	@ 0x30
10003d36:	6813      	ldr	r3, [r2, #0]
10003d38:	6852      	ldr	r2, [r2, #4]
10003d3a:	9215      	str	r2, [sp, #84]	@ 0x54
10003d3c:	431a      	orrs	r2, r3
10003d3e:	d106      	bne.n	10003d4e <_vsnprintf+0x90a>
10003d40:	3210      	adds	r2, #16
10003d42:	4390      	bics	r0, r2
10003d44:	2200      	movs	r2, #0
10003d46:	9209      	str	r2, [sp, #36]	@ 0x24
10003d48:	2900      	cmp	r1, #0
10003d4a:	d000      	beq.n	10003d4e <_vsnprintf+0x90a>
10003d4c:	e081      	b.n	10003e52 <_vsnprintf+0xa0e>
10003d4e:	2261      	movs	r2, #97	@ 0x61
10003d50:	0681      	lsls	r1, r0, #26
10003d52:	d500      	bpl.n	10003d56 <_vsnprintf+0x912>
10003d54:	2241      	movs	r2, #65	@ 0x41
10003d56:	b2d2      	uxtb	r2, r2
10003d58:	920a      	str	r2, [sp, #40]	@ 0x28
10003d5a:	aa14      	add	r2, sp, #80	@ 0x50
10003d5c:	4691      	mov	r9, r2
10003d5e:	9a0a      	ldr	r2, [sp, #40]	@ 0x28
10003d60:	2100      	movs	r1, #0
10003d62:	3a0a      	subs	r2, #10
10003d64:	9214      	str	r2, [sp, #80]	@ 0x50
10003d66:	4642      	mov	r2, r8
10003d68:	9217      	str	r2, [sp, #92]	@ 0x5c
10003d6a:	4652      	mov	r2, sl
10003d6c:	9218      	str	r2, [sp, #96]	@ 0x60
10003d6e:	465a      	mov	r2, fp
10003d70:	9109      	str	r1, [sp, #36]	@ 0x24
10003d72:	46b3      	mov	fp, r6
10003d74:	311f      	adds	r1, #31
10003d76:	001e      	movs	r6, r3
10003d78:	9b0f      	ldr	r3, [sp, #60]	@ 0x3c
10003d7a:	4449      	add	r1, r9
10003d7c:	46ba      	mov	sl, r7
10003d7e:	9419      	str	r4, [sp, #100]	@ 0x64
10003d80:	951a      	str	r5, [sp, #104]	@ 0x68
10003d82:	2400      	movs	r4, #0
10003d84:	4667      	mov	r7, ip
10003d86:	4698      	mov	r8, r3
10003d88:	4689      	mov	r9, r1
10003d8a:	9d15      	ldr	r5, [sp, #84]	@ 0x54
10003d8c:	9016      	str	r0, [sp, #88]	@ 0x58
10003d8e:	921b      	str	r2, [sp, #108]	@ 0x6c
10003d90:	e00a      	b.n	10003da8 <_vsnprintf+0x964>
10003d92:	3230      	adds	r2, #48	@ 0x30
10003d94:	b2d2      	uxtb	r2, r2
10003d96:	464b      	mov	r3, r9
10003d98:	3401      	adds	r4, #1
10003d9a:	551a      	strb	r2, [r3, r4]
10003d9c:	45a8      	cmp	r8, r5
10003d9e:	d04a      	beq.n	10003e36 <_vsnprintf+0x9f2>
10003da0:	2c20      	cmp	r4, #32
10003da2:	d04a      	beq.n	10003e3a <_vsnprintf+0x9f6>
10003da4:	0006      	movs	r6, r0
10003da6:	000d      	movs	r5, r1
10003da8:	003a      	movs	r2, r7
10003daa:	2300      	movs	r3, #0
10003dac:	0030      	movs	r0, r6
10003dae:	0029      	movs	r1, r5
10003db0:	f7fd fe8c 	bl	10001acc <__wrap___aeabi_uldivmod>
10003db4:	b2d2      	uxtb	r2, r2
10003db6:	2a09      	cmp	r2, #9
10003db8:	d9eb      	bls.n	10003d92 <_vsnprintf+0x94e>
10003dba:	9b14      	ldr	r3, [sp, #80]	@ 0x50
10003dbc:	469c      	mov	ip, r3
10003dbe:	4462      	add	r2, ip
10003dc0:	b2d2      	uxtb	r2, r2
10003dc2:	e7e8      	b.n	10003d96 <_vsnprintf+0x952>
10003dc4:	2361      	movs	r3, #97	@ 0x61
10003dc6:	0682      	lsls	r2, r0, #26
10003dc8:	d500      	bpl.n	10003dcc <_vsnprintf+0x988>
10003dca:	2341      	movs	r3, #65	@ 0x41
10003dcc:	b2db      	uxtb	r3, r3
10003dce:	3b0a      	subs	r3, #10
10003dd0:	930c      	str	r3, [sp, #48]	@ 0x30
10003dd2:	4643      	mov	r3, r8
10003dd4:	a914      	add	r1, sp, #80	@ 0x50
10003dd6:	221f      	movs	r2, #31
10003dd8:	468c      	mov	ip, r1
10003dda:	9315      	str	r3, [sp, #84]	@ 0x54
10003ddc:	4653      	mov	r3, sl
10003dde:	4462      	add	r2, ip
10003de0:	46a0      	mov	r8, r4
10003de2:	46b2      	mov	sl, r6
10003de4:	464c      	mov	r4, r9
10003de6:	9717      	str	r7, [sp, #92]	@ 0x5c
10003de8:	46a9      	mov	r9, r5
10003dea:	0017      	movs	r7, r2
10003dec:	9d09      	ldr	r5, [sp, #36]	@ 0x24
10003dee:	9e0d      	ldr	r6, [sp, #52]	@ 0x34
10003df0:	9014      	str	r0, [sp, #80]	@ 0x50
10003df2:	9316      	str	r3, [sp, #88]	@ 0x58
10003df4:	e008      	b.n	10003e08 <_vsnprintf+0x9c4>
10003df6:	3330      	adds	r3, #48	@ 0x30
10003df8:	b2db      	uxtb	r3, r3
10003dfa:	3401      	adds	r4, #1
10003dfc:	553b      	strb	r3, [r7, r4]
10003dfe:	42b5      	cmp	r5, r6
10003e00:	d30e      	bcc.n	10003e20 <_vsnprintf+0x9dc>
10003e02:	2c20      	cmp	r4, #32
10003e04:	d00c      	beq.n	10003e20 <_vsnprintf+0x9dc>
10003e06:	0005      	movs	r5, r0
10003e08:	0031      	movs	r1, r6
10003e0a:	0028      	movs	r0, r5
10003e0c:	f7fd fe20 	bl	10001a50 <__wrap___aeabi_uidiv>
10003e10:	b2cb      	uxtb	r3, r1
10003e12:	2909      	cmp	r1, #9
10003e14:	d9ef      	bls.n	10003df6 <_vsnprintf+0x9b2>
10003e16:	9a0c      	ldr	r2, [sp, #48]	@ 0x30
10003e18:	4694      	mov	ip, r2
10003e1a:	4463      	add	r3, ip
10003e1c:	b2db      	uxtb	r3, r3
10003e1e:	e7ec      	b.n	10003dfa <_vsnprintf+0x9b6>
10003e20:	9b15      	ldr	r3, [sp, #84]	@ 0x54
10003e22:	464d      	mov	r5, r9
10003e24:	46a1      	mov	r9, r4
10003e26:	4644      	mov	r4, r8
10003e28:	4698      	mov	r8, r3
10003e2a:	9b16      	ldr	r3, [sp, #88]	@ 0x58
10003e2c:	4656      	mov	r6, sl
10003e2e:	9814      	ldr	r0, [sp, #80]	@ 0x50
10003e30:	469a      	mov	sl, r3
10003e32:	9f17      	ldr	r7, [sp, #92]	@ 0x5c
10003e34:	e5d0      	b.n	100039d8 <_vsnprintf+0x594>
10003e36:	42b7      	cmp	r7, r6
10003e38:	d9b2      	bls.n	10003da0 <_vsnprintf+0x95c>
10003e3a:	9b17      	ldr	r3, [sp, #92]	@ 0x5c
10003e3c:	4657      	mov	r7, sl
10003e3e:	4698      	mov	r8, r3
10003e40:	9b18      	ldr	r3, [sp, #96]	@ 0x60
10003e42:	465e      	mov	r6, fp
10003e44:	469a      	mov	sl, r3
10003e46:	9b1b      	ldr	r3, [sp, #108]	@ 0x6c
10003e48:	9409      	str	r4, [sp, #36]	@ 0x24
10003e4a:	469b      	mov	fp, r3
10003e4c:	9816      	ldr	r0, [sp, #88]	@ 0x58
10003e4e:	9c19      	ldr	r4, [sp, #100]	@ 0x64
10003e50:	9d1a      	ldr	r5, [sp, #104]	@ 0x68
10003e52:	4643      	mov	r3, r8
10003e54:	9305      	str	r3, [sp, #20]
10003e56:	4653      	mov	r3, sl
10003e58:	9304      	str	r3, [sp, #16]
10003e5a:	9b0d      	ldr	r3, [sp, #52]	@ 0x34
10003e5c:	9006      	str	r0, [sp, #24]
10003e5e:	9303      	str	r3, [sp, #12]
10003e60:	2300      	movs	r3, #0
10003e62:	9302      	str	r3, [sp, #8]
10003e64:	9b09      	ldr	r3, [sp, #36]	@ 0x24
10003e66:	e705      	b.n	10003c74 <_vsnprintf+0x830>
10003e68:	9b0f      	ldr	r3, [sp, #60]	@ 0x3c
10003e6a:	4598      	cmp	r8, r3
10003e6c:	d900      	bls.n	10003e70 <_vsnprintf+0xa2c>
10003e6e:	e714      	b.n	10003c9a <_vsnprintf+0x856>
10003e70:	3301      	adds	r3, #1
10003e72:	930f      	str	r3, [sp, #60]	@ 0x3c
10003e74:	e42d      	b.n	100036d2 <_vsnprintf+0x28e>
10003e76:	2310      	movs	r3, #16
10003e78:	0011      	movs	r1, r2
10003e7a:	4399      	bics	r1, r3
10003e7c:	910d      	str	r1, [sp, #52]	@ 0x34
10003e7e:	2869      	cmp	r0, #105	@ 0x69
10003e80:	d000      	beq.n	10003e84 <_vsnprintf+0xa40>
10003e82:	e0ba      	b.n	10003ffa <_vsnprintf+0xbb6>
10003e84:	2380      	movs	r3, #128	@ 0x80
10003e86:	0010      	movs	r0, r2
10003e88:	00db      	lsls	r3, r3, #3
10003e8a:	4018      	ands	r0, r3
10003e8c:	421a      	tst	r2, r3
10003e8e:	d100      	bne.n	10003e92 <_vsnprintf+0xa4e>
10003e90:	e622      	b.n	10003ad8 <_vsnprintf+0x694>
10003e92:	e61d      	b.n	10003ad0 <_vsnprintf+0x68c>
10003e94:	9b0c      	ldr	r3, [sp, #48]	@ 0x30
10003e96:	681b      	ldr	r3, [r3, #0]
10003e98:	0fda      	lsrs	r2, r3, #31
10003e9a:	0011      	movs	r1, r2
10003e9c:	2b00      	cmp	r3, #0
10003e9e:	d100      	bne.n	10003ea2 <_vsnprintf+0xa5e>
10003ea0:	e08c      	b.n	10003fbc <_vsnprintf+0xb78>
10003ea2:	17da      	asrs	r2, r3, #31
10003ea4:	1898      	adds	r0, r3, r2
10003ea6:	4050      	eors	r0, r2
10003ea8:	aa14      	add	r2, sp, #80	@ 0x50
10003eaa:	4691      	mov	r9, r2
10003eac:	4642      	mov	r2, r8
10003eae:	231f      	movs	r3, #31
10003eb0:	9214      	str	r2, [sp, #80]	@ 0x50
10003eb2:	4652      	mov	r2, sl
10003eb4:	444b      	add	r3, r9
10003eb6:	46a0      	mov	r8, r4
10003eb8:	46a9      	mov	r9, r5
10003eba:	9716      	str	r7, [sp, #88]	@ 0x58
10003ebc:	0004      	movs	r4, r0
10003ebe:	4665      	mov	r5, ip
10003ec0:	46b2      	mov	sl, r6
10003ec2:	001f      	movs	r7, r3
10003ec4:	910c      	str	r1, [sp, #48]	@ 0x30
10003ec6:	9215      	str	r2, [sp, #84]	@ 0x54
10003ec8:	e001      	b.n	10003ece <_vsnprintf+0xa8a>
10003eca:	2d20      	cmp	r5, #32
10003ecc:	d00f      	beq.n	10003eee <_vsnprintf+0xaaa>
10003ece:	0020      	movs	r0, r4
10003ed0:	210a      	movs	r1, #10
10003ed2:	f7fd fdbd 	bl	10001a50 <__wrap___aeabi_uidiv>
10003ed6:	3501      	adds	r5, #1
10003ed8:	197e      	adds	r6, r7, r5
10003eda:	3130      	adds	r1, #48	@ 0x30
10003edc:	7031      	strb	r1, [r6, #0]
10003ede:	0020      	movs	r0, r4
10003ee0:	210a      	movs	r1, #10
10003ee2:	f7fd fdb5 	bl	10001a50 <__wrap___aeabi_uidiv>
10003ee6:	0026      	movs	r6, r4
10003ee8:	0004      	movs	r4, r0
10003eea:	2e09      	cmp	r6, #9
10003eec:	d8ed      	bhi.n	10003eca <_vsnprintf+0xa86>
10003eee:	9b14      	ldr	r3, [sp, #80]	@ 0x50
10003ef0:	4644      	mov	r4, r8
10003ef2:	4698      	mov	r8, r3
10003ef4:	9b0c      	ldr	r3, [sp, #48]	@ 0x30
10003ef6:	46ac      	mov	ip, r5
10003ef8:	0019      	movs	r1, r3
10003efa:	9b15      	ldr	r3, [sp, #84]	@ 0x54
10003efc:	4656      	mov	r6, sl
10003efe:	464d      	mov	r5, r9
10003f00:	469a      	mov	sl, r3
10003f02:	9f16      	ldr	r7, [sp, #88]	@ 0x58
10003f04:	9b0d      	ldr	r3, [sp, #52]	@ 0x34
10003f06:	9102      	str	r1, [sp, #8]
10003f08:	9306      	str	r3, [sp, #24]
10003f0a:	4643      	mov	r3, r8
10003f0c:	9305      	str	r3, [sp, #20]
10003f0e:	4653      	mov	r3, sl
10003f10:	9304      	str	r3, [sp, #16]
10003f12:	230a      	movs	r3, #10
10003f14:	9303      	str	r3, [sp, #12]
10003f16:	4663      	mov	r3, ip
10003f18:	e63c      	b.n	10003b94 <_vsnprintf+0x750>
10003f1a:	2800      	cmp	r0, #0
10003f1c:	d000      	beq.n	10003f20 <_vsnprintf+0xadc>
10003f1e:	e62e      	b.n	10003b7e <_vsnprintf+0x73a>
10003f20:	e602      	b.n	10003b28 <_vsnprintf+0x6e4>
10003f22:	9b0c      	ldr	r3, [sp, #48]	@ 0x30
10003f24:	681b      	ldr	r3, [r3, #0]
10003f26:	4699      	mov	r9, r3
10003f28:	2b00      	cmp	r3, #0
10003f2a:	d103      	bne.n	10003f34 <_vsnprintf+0xaf0>
10003f2c:	3310      	adds	r3, #16
10003f2e:	4398      	bics	r0, r3
10003f30:	2900      	cmp	r1, #0
10003f32:	d138      	bne.n	10003fa6 <_vsnprintf+0xb62>
10003f34:	2361      	movs	r3, #97	@ 0x61
10003f36:	0682      	lsls	r2, r0, #26
10003f38:	d500      	bpl.n	10003f3c <_vsnprintf+0xaf8>
10003f3a:	2341      	movs	r3, #65	@ 0x41
10003f3c:	b2db      	uxtb	r3, r3
10003f3e:	3b0a      	subs	r3, #10
10003f40:	930c      	str	r3, [sp, #48]	@ 0x30
10003f42:	4643      	mov	r3, r8
10003f44:	9316      	str	r3, [sp, #88]	@ 0x58
10003f46:	4653      	mov	r3, sl
10003f48:	a914      	add	r1, sp, #80	@ 0x50
10003f4a:	221f      	movs	r2, #31
10003f4c:	468c      	mov	ip, r1
10003f4e:	9317      	str	r3, [sp, #92]	@ 0x5c
10003f50:	002b      	movs	r3, r5
10003f52:	4462      	add	r2, ip
10003f54:	46a0      	mov	r8, r4
10003f56:	464d      	mov	r5, r9
10003f58:	46b2      	mov	sl, r6
10003f5a:	9718      	str	r7, [sp, #96]	@ 0x60
10003f5c:	4699      	mov	r9, r3
10003f5e:	0017      	movs	r7, r2
10003f60:	9c14      	ldr	r4, [sp, #80]	@ 0x50
10003f62:	9e0d      	ldr	r6, [sp, #52]	@ 0x34
10003f64:	9015      	str	r0, [sp, #84]	@ 0x54
10003f66:	e008      	b.n	10003f7a <_vsnprintf+0xb36>
10003f68:	3330      	adds	r3, #48	@ 0x30
10003f6a:	b2db      	uxtb	r3, r3
10003f6c:	3401      	adds	r4, #1
10003f6e:	553b      	strb	r3, [r7, r4]
10003f70:	42b5      	cmp	r5, r6
10003f72:	d30e      	bcc.n	10003f92 <_vsnprintf+0xb4e>
10003f74:	2c20      	cmp	r4, #32
10003f76:	d00c      	beq.n	10003f92 <_vsnprintf+0xb4e>
10003f78:	0005      	movs	r5, r0
10003f7a:	0031      	movs	r1, r6
10003f7c:	0028      	movs	r0, r5
10003f7e:	f7fd fd67 	bl	10001a50 <__wrap___aeabi_uidiv>
10003f82:	b2cb      	uxtb	r3, r1
10003f84:	2909      	cmp	r1, #9
10003f86:	d9ef      	bls.n	10003f68 <_vsnprintf+0xb24>
10003f88:	9a0c      	ldr	r2, [sp, #48]	@ 0x30
10003f8a:	4694      	mov	ip, r2
10003f8c:	4463      	add	r3, ip
10003f8e:	b2db      	uxtb	r3, r3
10003f90:	e7ec      	b.n	10003f6c <_vsnprintf+0xb28>
10003f92:	9b16      	ldr	r3, [sp, #88]	@ 0x58
10003f94:	9414      	str	r4, [sp, #80]	@ 0x50
10003f96:	4644      	mov	r4, r8
10003f98:	4698      	mov	r8, r3
10003f9a:	9b17      	ldr	r3, [sp, #92]	@ 0x5c
10003f9c:	4656      	mov	r6, sl
10003f9e:	464d      	mov	r5, r9
10003fa0:	469a      	mov	sl, r3
10003fa2:	9815      	ldr	r0, [sp, #84]	@ 0x54
10003fa4:	9f18      	ldr	r7, [sp, #96]	@ 0x60
10003fa6:	4643      	mov	r3, r8
10003fa8:	9305      	str	r3, [sp, #20]
10003faa:	4653      	mov	r3, sl
10003fac:	9304      	str	r3, [sp, #16]
10003fae:	9b0d      	ldr	r3, [sp, #52]	@ 0x34
10003fb0:	9006      	str	r0, [sp, #24]
10003fb2:	9303      	str	r3, [sp, #12]
10003fb4:	2300      	movs	r3, #0
10003fb6:	9302      	str	r3, [sp, #8]
10003fb8:	9b14      	ldr	r3, [sp, #80]	@ 0x50
10003fba:	e5eb      	b.n	10003b94 <_vsnprintf+0x750>
10003fbc:	2800      	cmp	r0, #0
10003fbe:	d1a1      	bne.n	10003f04 <_vsnprintf+0xac0>
10003fc0:	e772      	b.n	10003ea8 <_vsnprintf+0xa64>
10003fc2:	9b0c      	ldr	r3, [sp, #48]	@ 0x30
10003fc4:	681b      	ldr	r3, [r3, #0]
10003fc6:	17d9      	asrs	r1, r3, #31
10003fc8:	185a      	adds	r2, r3, r1
10003fca:	404a      	eors	r2, r1
10003fcc:	e5a6      	b.n	10003b1c <_vsnprintf+0x6d8>
10003fce:	2380      	movs	r3, #128	@ 0x80
10003fd0:	0010      	movs	r0, r2
10003fd2:	00db      	lsls	r3, r3, #3
10003fd4:	4018      	ands	r0, r3
10003fd6:	469c      	mov	ip, r3
10003fd8:	900f      	str	r0, [sp, #60]	@ 0x3c
10003fda:	421a      	tst	r2, r3
10003fdc:	d00f      	beq.n	10003ffe <_vsnprintf+0xbba>
10003fde:	2002      	movs	r0, #2
10003fe0:	0003      	movs	r3, r0
10003fe2:	4013      	ands	r3, r2
10003fe4:	930f      	str	r3, [sp, #60]	@ 0x3c
10003fe6:	4210      	tst	r0, r2
10003fe8:	d019      	beq.n	1000401e <_vsnprintf+0xbda>
10003fea:	2300      	movs	r3, #0
10003fec:	46a1      	mov	r9, r4
10003fee:	930f      	str	r3, [sp, #60]	@ 0x3c
10003ff0:	e54c      	b.n	10003a8c <_vsnprintf+0x648>
10003ff2:	9b0c      	ldr	r3, [sp, #48]	@ 0x30
10003ff4:	681b      	ldr	r3, [r3, #0]
10003ff6:	9309      	str	r3, [sp, #36]	@ 0x24
10003ff8:	e4e4      	b.n	100039c4 <_vsnprintf+0x580>
10003ffa:	000a      	movs	r2, r1
10003ffc:	e434      	b.n	10003868 <_vsnprintf+0x424>
10003ffe:	2302      	movs	r3, #2
10004000:	0018      	movs	r0, r3
10004002:	4010      	ands	r0, r2
10004004:	900d      	str	r0, [sp, #52]	@ 0x34
10004006:	4213      	tst	r3, r2
10004008:	d000      	beq.n	1000400c <_vsnprintf+0xbc8>
1000400a:	e53e      	b.n	10003a8a <_vsnprintf+0x646>
1000400c:	4643      	mov	r3, r8
1000400e:	2b00      	cmp	r3, #0
10004010:	d000      	beq.n	10004014 <_vsnprintf+0xbd0>
10004012:	e642      	b.n	10003c9a <_vsnprintf+0x856>
10004014:	f7ff fb71 	bl	100036fa <_vsnprintf+0x2b6>
10004018:	3301      	adds	r3, #1
1000401a:	930f      	str	r3, [sp, #60]	@ 0x3c
1000401c:	e47f      	b.n	1000391e <_vsnprintf+0x4da>
1000401e:	4663      	mov	r3, ip
10004020:	930d      	str	r3, [sp, #52]	@ 0x34
10004022:	e7f3      	b.n	1000400c <_vsnprintf+0xbc8>

10004024 <vfctprintf>:
10004024:	b510      	push	{r4, lr}
10004026:	000c      	movs	r4, r1
10004028:	b084      	sub	sp, #16
1000402a:	9403      	str	r4, [sp, #12]
1000402c:	2401      	movs	r4, #1
1000402e:	a902      	add	r1, sp, #8
10004030:	9002      	str	r0, [sp, #8]
10004032:	9300      	str	r3, [sp, #0]
10004034:	4803      	ldr	r0, [pc, #12]	@ (10004044 <vfctprintf+0x20>)
10004036:	0013      	movs	r3, r2
10004038:	4262      	negs	r2, r4
1000403a:	f7ff fa03 	bl	10003444 <_vsnprintf>
1000403e:	b004      	add	sp, #16
10004040:	bd10      	pop	{r4, pc}
10004042:	46c0      	nop			@ (mov r8, r8)
10004044:	10002a11 	.word	0x10002a11

10004048 <weak_raw_vprintf>:
10004048:	b510      	push	{r4, lr}
1000404a:	4a09      	ldr	r2, [pc, #36]	@ (10004070 <weak_raw_vprintf+0x28>)
1000404c:	0003      	movs	r3, r0
1000404e:	6814      	ldr	r4, [r2, #0]
10004050:	b084      	sub	sp, #16
10004052:	2c00      	cmp	r4, #0
10004054:	d008      	beq.n	10004068 <weak_raw_vprintf+0x20>
10004056:	2201      	movs	r2, #1
10004058:	9100      	str	r1, [sp, #0]
1000405a:	4806      	ldr	r0, [pc, #24]	@ (10004074 <weak_raw_vprintf+0x2c>)
1000405c:	4252      	negs	r2, r2
1000405e:	a903      	add	r1, sp, #12
10004060:	47a0      	blx	r4
10004062:	2001      	movs	r0, #1
10004064:	b004      	add	sp, #16
10004066:	bd10      	pop	{r4, pc}
10004068:	f000 f998 	bl	1000439c <__wrap_puts>
1000406c:	2000      	movs	r0, #0
1000406e:	e7f9      	b.n	10004064 <weak_raw_vprintf+0x1c>
10004070:	20001f2c 	.word	0x20001f2c
10004074:	10002a01 	.word	0x10002a01

10004078 <_exit>:
10004078:	be00      	bkpt	0x0000
1000407a:	e7fd      	b.n	10004078 <_exit>

1000407c <exit>:
1000407c:	b510      	push	{r4, lr}
1000407e:	f7ff fffb 	bl	10004078 <_exit>
10004082:	46c0      	nop			@ (mov r8, r8)

10004084 <runtime_init>:
10004084:	b570      	push	{r4, r5, r6, lr}
10004086:	f7fd fbe3 	bl	10001850 <runtime_run_initializers>
1000408a:	4d07      	ldr	r5, [pc, #28]	@ (100040a8 <runtime_init+0x24>)
1000408c:	4e07      	ldr	r6, [pc, #28]	@ (100040ac <runtime_init+0x28>)
1000408e:	42b5      	cmp	r5, r6
10004090:	d209      	bcs.n	100040a6 <runtime_init+0x22>
10004092:	2400      	movs	r4, #0
10004094:	3e01      	subs	r6, #1
10004096:	1b76      	subs	r6, r6, r5
10004098:	08b6      	lsrs	r6, r6, #2
1000409a:	cd08      	ldmia	r5!, {r3}
1000409c:	4798      	blx	r3
1000409e:	0023      	movs	r3, r4
100040a0:	3401      	adds	r4, #1
100040a2:	42b3      	cmp	r3, r6
100040a4:	d1f9      	bne.n	1000409a <runtime_init+0x16>
100040a6:	bd70      	pop	{r4, r5, r6, pc}
100040a8:	10006dfc 	.word	0x10006dfc
100040ac:	10006e04 	.word	0x10006e04

100040b0 <stdio_out_chars_no_crlf>:
100040b0:	0003      	movs	r3, r0
100040b2:	b510      	push	{r4, lr}
100040b4:	0008      	movs	r0, r1
100040b6:	0011      	movs	r1, r2
100040b8:	681b      	ldr	r3, [r3, #0]
100040ba:	4798      	blx	r3
100040bc:	bd10      	pop	{r4, pc}
100040be:	46c0      	nop			@ (mov r8, r8)

100040c0 <stdio_out_chars_crlf>:
100040c0:	b5f0      	push	{r4, r5, r6, r7, lr}
100040c2:	46c6      	mov	lr, r8
100040c4:	b500      	push	{lr}
100040c6:	7d43      	ldrb	r3, [r0, #21]
100040c8:	0007      	movs	r7, r0
100040ca:	000c      	movs	r4, r1
100040cc:	0016      	movs	r6, r2
100040ce:	2b00      	cmp	r3, #0
100040d0:	d046      	beq.n	10004160 <stdio_out_chars_crlf+0xa0>
100040d2:	2a00      	cmp	r2, #0
100040d4:	dd17      	ble.n	10004106 <stdio_out_chars_crlf+0x46>
100040d6:	780b      	ldrb	r3, [r1, #0]
100040d8:	2b0a      	cmp	r3, #10
100040da:	d024      	beq.n	10004126 <stdio_out_chars_crlf+0x66>
100040dc:	2300      	movs	r3, #0
100040de:	4698      	mov	r8, r3
100040e0:	2e01      	cmp	r6, #1
100040e2:	d013      	beq.n	1000410c <stdio_out_chars_crlf+0x4c>
100040e4:	2501      	movs	r5, #1
100040e6:	0029      	movs	r1, r5
100040e8:	5c63      	ldrb	r3, [r4, r1]
100040ea:	3501      	adds	r5, #1
100040ec:	2b0a      	cmp	r3, #10
100040ee:	d026      	beq.n	1000413e <stdio_out_chars_crlf+0x7e>
100040f0:	42b5      	cmp	r5, r6
100040f2:	d1f8      	bne.n	100040e6 <stdio_out_chars_crlf+0x26>
100040f4:	4546      	cmp	r6, r8
100040f6:	dc09      	bgt.n	1000410c <stdio_out_chars_crlf+0x4c>
100040f8:	19a4      	adds	r4, r4, r6
100040fa:	3c01      	subs	r4, #1
100040fc:	7823      	ldrb	r3, [r4, #0]
100040fe:	3b0d      	subs	r3, #13
10004100:	425a      	negs	r2, r3
10004102:	4153      	adcs	r3, r2
10004104:	753b      	strb	r3, [r7, #20]
10004106:	bc80      	pop	{r7}
10004108:	46b8      	mov	r8, r7
1000410a:	bdf0      	pop	{r4, r5, r6, r7, pc}
1000410c:	4643      	mov	r3, r8
1000410e:	18e0      	adds	r0, r4, r3
10004110:	19a4      	adds	r4, r4, r6
10004112:	1af1      	subs	r1, r6, r3
10004114:	3c01      	subs	r4, #1
10004116:	683b      	ldr	r3, [r7, #0]
10004118:	4798      	blx	r3
1000411a:	7823      	ldrb	r3, [r4, #0]
1000411c:	3b0d      	subs	r3, #13
1000411e:	425a      	negs	r2, r3
10004120:	4153      	adcs	r3, r2
10004122:	753b      	strb	r3, [r7, #20]
10004124:	e7ef      	b.n	10004106 <stdio_out_chars_crlf+0x46>
10004126:	7d03      	ldrb	r3, [r0, #20]
10004128:	2b00      	cmp	r3, #0
1000412a:	d1d7      	bne.n	100040dc <stdio_out_chars_crlf+0x1c>
1000412c:	2102      	movs	r1, #2
1000412e:	480f      	ldr	r0, [pc, #60]	@ (1000416c <stdio_out_chars_crlf+0xac>)
10004130:	683b      	ldr	r3, [r7, #0]
10004132:	4798      	blx	r3
10004134:	2e01      	cmp	r6, #1
10004136:	d0df      	beq.n	100040f8 <stdio_out_chars_crlf+0x38>
10004138:	2301      	movs	r3, #1
1000413a:	4698      	mov	r8, r3
1000413c:	e7d2      	b.n	100040e4 <stdio_out_chars_crlf+0x24>
1000413e:	1e63      	subs	r3, r4, #1
10004140:	5c5b      	ldrb	r3, [r3, r1]
10004142:	2b0d      	cmp	r3, #13
10004144:	d0d4      	beq.n	100040f0 <stdio_out_chars_crlf+0x30>
10004146:	4588      	cmp	r8, r1
10004148:	da04      	bge.n	10004154 <stdio_out_chars_crlf+0x94>
1000414a:	4643      	mov	r3, r8
1000414c:	1ac9      	subs	r1, r1, r3
1000414e:	18e0      	adds	r0, r4, r3
10004150:	683b      	ldr	r3, [r7, #0]
10004152:	4798      	blx	r3
10004154:	2102      	movs	r1, #2
10004156:	4805      	ldr	r0, [pc, #20]	@ (1000416c <stdio_out_chars_crlf+0xac>)
10004158:	683b      	ldr	r3, [r7, #0]
1000415a:	46a8      	mov	r8, r5
1000415c:	4798      	blx	r3
1000415e:	e7c7      	b.n	100040f0 <stdio_out_chars_crlf+0x30>
10004160:	6803      	ldr	r3, [r0, #0]
10004162:	0011      	movs	r1, r2
10004164:	0020      	movs	r0, r4
10004166:	4798      	blx	r3
10004168:	e7cd      	b.n	10004106 <stdio_out_chars_crlf+0x46>
1000416a:	46c0      	nop			@ (mov r8, r8)
1000416c:	10007250 	.word	0x10007250

10004170 <stdio_buffered_printer>:
10004170:	b5f0      	push	{r4, r5, r6, r7, lr}
10004172:	46c6      	mov	lr, r8
10004174:	680b      	ldr	r3, [r1, #0]
10004176:	0006      	movs	r6, r0
10004178:	000c      	movs	r4, r1
1000417a:	b500      	push	{lr}
1000417c:	2b80      	cmp	r3, #128	@ 0x80
1000417e:	d006      	beq.n	1000418e <stdio_buffered_printer+0x1e>
10004180:	1c5a      	adds	r2, r3, #1
10004182:	6022      	str	r2, [r4, #0]
10004184:	18e4      	adds	r4, r4, r3
10004186:	7126      	strb	r6, [r4, #4]
10004188:	bc80      	pop	{r7}
1000418a:	46b8      	mov	r8, r7
1000418c:	bdf0      	pop	{r4, r5, r6, r7, pc}
1000418e:	4b0f      	ldr	r3, [pc, #60]	@ (100041cc <stdio_buffered_printer+0x5c>)
10004190:	681d      	ldr	r5, [r3, #0]
10004192:	2d00      	cmp	r5, #0
10004194:	d016      	beq.n	100041c4 <stdio_buffered_printer+0x54>
10004196:	1d0b      	adds	r3, r1, #4
10004198:	4698      	mov	r8, r3
1000419a:	4f0d      	ldr	r7, [pc, #52]	@ (100041d0 <stdio_buffered_printer+0x60>)
1000419c:	e002      	b.n	100041a4 <stdio_buffered_printer+0x34>
1000419e:	692d      	ldr	r5, [r5, #16]
100041a0:	2d00      	cmp	r5, #0
100041a2:	d00f      	beq.n	100041c4 <stdio_buffered_printer+0x54>
100041a4:	682b      	ldr	r3, [r5, #0]
100041a6:	2b00      	cmp	r3, #0
100041a8:	d0f9      	beq.n	1000419e <stdio_buffered_printer+0x2e>
100041aa:	683b      	ldr	r3, [r7, #0]
100041ac:	2b00      	cmp	r3, #0
100041ae:	d001      	beq.n	100041b4 <stdio_buffered_printer+0x44>
100041b0:	42ab      	cmp	r3, r5
100041b2:	d1f4      	bne.n	1000419e <stdio_buffered_printer+0x2e>
100041b4:	0028      	movs	r0, r5
100041b6:	4641      	mov	r1, r8
100041b8:	6822      	ldr	r2, [r4, #0]
100041ba:	f7ff ff81 	bl	100040c0 <stdio_out_chars_crlf>
100041be:	692d      	ldr	r5, [r5, #16]
100041c0:	2d00      	cmp	r5, #0
100041c2:	d1ef      	bne.n	100041a4 <stdio_buffered_printer+0x34>
100041c4:	2201      	movs	r2, #1
100041c6:	2300      	movs	r3, #0
100041c8:	e7db      	b.n	10004182 <stdio_buffered_printer+0x12>
100041ca:	46c0      	nop			@ (mov r8, r8)
100041cc:	20001ae0 	.word	0x20001ae0
100041d0:	20001ae8 	.word	0x20001ae8

100041d4 <stdio_put_string>:
100041d4:	b5f0      	push	{r4, r5, r6, r7, lr}
100041d6:	4645      	mov	r5, r8
100041d8:	46de      	mov	lr, fp
100041da:	464e      	mov	r6, r9
100041dc:	4657      	mov	r7, sl
100041de:	b5e0      	push	{r5, r6, r7, lr}
100041e0:	b083      	sub	sp, #12
100041e2:	4691      	mov	r9, r2
100041e4:	001c      	movs	r4, r3
100041e6:	4680      	mov	r8, r0
100041e8:	000d      	movs	r5, r1
100041ea:	f7fd f92b 	bl	10001444 <time_us_64>
100041ee:	2300      	movs	r3, #0
100041f0:	4a30      	ldr	r2, [pc, #192]	@ (100042b4 <stdio_put_string+0xe0>)
100041f2:	1812      	adds	r2, r2, r0
100041f4:	414b      	adcs	r3, r1
100041f6:	2b00      	cmp	r3, #0
100041f8:	da02      	bge.n	10004200 <stdio_put_string+0x2c>
100041fa:	2201      	movs	r2, #1
100041fc:	4b2e      	ldr	r3, [pc, #184]	@ (100042b8 <stdio_put_string+0xe4>)
100041fe:	4252      	negs	r2, r2
10004200:	492e      	ldr	r1, [pc, #184]	@ (100042bc <stdio_put_string+0xe8>)
10004202:	0008      	movs	r0, r1
10004204:	468a      	mov	sl, r1
10004206:	f002 fdc3 	bl	10006d90 <__mutex_try_enter_block_until_veneer>
1000420a:	0007      	movs	r7, r0
1000420c:	1c6b      	adds	r3, r5, #1
1000420e:	d103      	bne.n	10004218 <stdio_put_string+0x44>
10004210:	4640      	mov	r0, r8
10004212:	f002 fd43 	bl	10006c9c <strlen>
10004216:	0005      	movs	r5, r0
10004218:	2c00      	cmp	r4, #0
1000421a:	d027      	beq.n	1000426c <stdio_put_string+0x98>
1000421c:	4e28      	ldr	r6, [pc, #160]	@ (100042c0 <stdio_put_string+0xec>)
1000421e:	4b29      	ldr	r3, [pc, #164]	@ (100042c4 <stdio_put_string+0xf0>)
10004220:	681c      	ldr	r4, [r3, #0]
10004222:	2c00      	cmp	r4, #0
10004224:	d018      	beq.n	10004258 <stdio_put_string+0x84>
10004226:	464b      	mov	r3, r9
10004228:	2b00      	cmp	r3, #0
1000422a:	d121      	bne.n	10004270 <stdio_put_string+0x9c>
1000422c:	4b26      	ldr	r3, [pc, #152]	@ (100042c8 <stdio_put_string+0xf4>)
1000422e:	4699      	mov	r9, r3
10004230:	e002      	b.n	10004238 <stdio_put_string+0x64>
10004232:	6924      	ldr	r4, [r4, #16]
10004234:	2c00      	cmp	r4, #0
10004236:	d00f      	beq.n	10004258 <stdio_put_string+0x84>
10004238:	6823      	ldr	r3, [r4, #0]
1000423a:	2b00      	cmp	r3, #0
1000423c:	d0f9      	beq.n	10004232 <stdio_put_string+0x5e>
1000423e:	464b      	mov	r3, r9
10004240:	681b      	ldr	r3, [r3, #0]
10004242:	2b00      	cmp	r3, #0
10004244:	d001      	beq.n	1000424a <stdio_put_string+0x76>
10004246:	429c      	cmp	r4, r3
10004248:	d1f3      	bne.n	10004232 <stdio_put_string+0x5e>
1000424a:	0020      	movs	r0, r4
1000424c:	002a      	movs	r2, r5
1000424e:	4641      	mov	r1, r8
10004250:	47b0      	blx	r6
10004252:	6924      	ldr	r4, [r4, #16]
10004254:	2c00      	cmp	r4, #0
10004256:	d1ef      	bne.n	10004238 <stdio_put_string+0x64>
10004258:	2f00      	cmp	r7, #0
1000425a:	d126      	bne.n	100042aa <stdio_put_string+0xd6>
1000425c:	0028      	movs	r0, r5
1000425e:	b003      	add	sp, #12
10004260:	bcf0      	pop	{r4, r5, r6, r7}
10004262:	46bb      	mov	fp, r7
10004264:	46b2      	mov	sl, r6
10004266:	46a9      	mov	r9, r5
10004268:	46a0      	mov	r8, r4
1000426a:	bdf0      	pop	{r4, r5, r6, r7, pc}
1000426c:	4e17      	ldr	r6, [pc, #92]	@ (100042cc <stdio_put_string+0xf8>)
1000426e:	e7d6      	b.n	1000421e <stdio_put_string+0x4a>
10004270:	4b15      	ldr	r3, [pc, #84]	@ (100042c8 <stdio_put_string+0xf4>)
10004272:	4699      	mov	r9, r3
10004274:	230a      	movs	r3, #10
10004276:	469b      	mov	fp, r3
10004278:	e002      	b.n	10004280 <stdio_put_string+0xac>
1000427a:	6924      	ldr	r4, [r4, #16]
1000427c:	2c00      	cmp	r4, #0
1000427e:	d0eb      	beq.n	10004258 <stdio_put_string+0x84>
10004280:	6823      	ldr	r3, [r4, #0]
10004282:	2b00      	cmp	r3, #0
10004284:	d0f9      	beq.n	1000427a <stdio_put_string+0xa6>
10004286:	464b      	mov	r3, r9
10004288:	681b      	ldr	r3, [r3, #0]
1000428a:	2b00      	cmp	r3, #0
1000428c:	d001      	beq.n	10004292 <stdio_put_string+0xbe>
1000428e:	42a3      	cmp	r3, r4
10004290:	d1f3      	bne.n	1000427a <stdio_put_string+0xa6>
10004292:	002a      	movs	r2, r5
10004294:	4641      	mov	r1, r8
10004296:	0020      	movs	r0, r4
10004298:	47b0      	blx	r6
1000429a:	466b      	mov	r3, sp
1000429c:	465a      	mov	r2, fp
1000429e:	0020      	movs	r0, r4
100042a0:	71da      	strb	r2, [r3, #7]
100042a2:	1dd9      	adds	r1, r3, #7
100042a4:	2201      	movs	r2, #1
100042a6:	47b0      	blx	r6
100042a8:	e7e7      	b.n	1000427a <stdio_put_string+0xa6>
100042aa:	4650      	mov	r0, sl
100042ac:	f002 fd30 	bl	10006d10 <__mutex_exit_veneer>
100042b0:	e7d4      	b.n	1000425c <stdio_put_string+0x88>
100042b2:	46c0      	nop			@ (mov r8, r8)
100042b4:	000f4240 	.word	0x000f4240
100042b8:	7fffffff 	.word	0x7fffffff
100042bc:	20001058 	.word	0x20001058
100042c0:	100040c1 	.word	0x100040c1
100042c4:	20001ae0 	.word	0x20001ae0
100042c8:	20001ae8 	.word	0x20001ae8
100042cc:	100040b1 	.word	0x100040b1

100042d0 <stdio_set_driver_enabled>:
100042d0:	4a0a      	ldr	r2, [pc, #40]	@ (100042fc <stdio_set_driver_enabled+0x2c>)
100042d2:	6813      	ldr	r3, [r2, #0]
100042d4:	2b00      	cmp	r3, #0
100042d6:	d105      	bne.n	100042e4 <stdio_set_driver_enabled+0x14>
100042d8:	e00c      	b.n	100042f4 <stdio_set_driver_enabled+0x24>
100042da:	001a      	movs	r2, r3
100042dc:	691b      	ldr	r3, [r3, #16]
100042de:	3210      	adds	r2, #16
100042e0:	2b00      	cmp	r3, #0
100042e2:	d007      	beq.n	100042f4 <stdio_set_driver_enabled+0x24>
100042e4:	4283      	cmp	r3, r0
100042e6:	d1f8      	bne.n	100042da <stdio_set_driver_enabled+0xa>
100042e8:	2900      	cmp	r1, #0
100042ea:	d102      	bne.n	100042f2 <stdio_set_driver_enabled+0x22>
100042ec:	6918      	ldr	r0, [r3, #16]
100042ee:	6010      	str	r0, [r2, #0]
100042f0:	6119      	str	r1, [r3, #16]
100042f2:	4770      	bx	lr
100042f4:	2900      	cmp	r1, #0
100042f6:	d0fc      	beq.n	100042f2 <stdio_set_driver_enabled+0x22>
100042f8:	6010      	str	r0, [r2, #0]
100042fa:	e7fa      	b.n	100042f2 <stdio_set_driver_enabled+0x22>
100042fc:	20001ae0 	.word	0x20001ae0

10004300 <stdio_init_all>:
10004300:	b510      	push	{r4, lr}
10004302:	f000 faf1 	bl	100048e8 <stdio_usb_init>
10004306:	bd10      	pop	{r4, pc}

10004308 <__wrap_putchar>:
10004308:	b5f0      	push	{r4, r5, r6, r7, lr}
1000430a:	46ce      	mov	lr, r9
1000430c:	4647      	mov	r7, r8
1000430e:	b580      	push	{r7, lr}
10004310:	b083      	sub	sp, #12
10004312:	466b      	mov	r3, sp
10004314:	0006      	movs	r6, r0
10004316:	1ddd      	adds	r5, r3, #7
10004318:	7028      	strb	r0, [r5, #0]
1000431a:	f7fd f893 	bl	10001444 <time_us_64>
1000431e:	2300      	movs	r3, #0
10004320:	4a19      	ldr	r2, [pc, #100]	@ (10004388 <__wrap_putchar+0x80>)
10004322:	1812      	adds	r2, r2, r0
10004324:	414b      	adcs	r3, r1
10004326:	2b00      	cmp	r3, #0
10004328:	da02      	bge.n	10004330 <__wrap_putchar+0x28>
1000432a:	2201      	movs	r2, #1
1000432c:	4b17      	ldr	r3, [pc, #92]	@ (1000438c <__wrap_putchar+0x84>)
1000432e:	4252      	negs	r2, r2
10004330:	4917      	ldr	r1, [pc, #92]	@ (10004390 <__wrap_putchar+0x88>)
10004332:	0008      	movs	r0, r1
10004334:	4688      	mov	r8, r1
10004336:	f002 fd2b 	bl	10006d90 <__mutex_try_enter_block_until_veneer>
1000433a:	4b16      	ldr	r3, [pc, #88]	@ (10004394 <__wrap_putchar+0x8c>)
1000433c:	4681      	mov	r9, r0
1000433e:	681c      	ldr	r4, [r3, #0]
10004340:	2c00      	cmp	r4, #0
10004342:	d014      	beq.n	1000436e <__wrap_putchar+0x66>
10004344:	4f14      	ldr	r7, [pc, #80]	@ (10004398 <__wrap_putchar+0x90>)
10004346:	e002      	b.n	1000434e <__wrap_putchar+0x46>
10004348:	6924      	ldr	r4, [r4, #16]
1000434a:	2c00      	cmp	r4, #0
1000434c:	d00f      	beq.n	1000436e <__wrap_putchar+0x66>
1000434e:	6823      	ldr	r3, [r4, #0]
10004350:	2b00      	cmp	r3, #0
10004352:	d0f9      	beq.n	10004348 <__wrap_putchar+0x40>
10004354:	683b      	ldr	r3, [r7, #0]
10004356:	2b00      	cmp	r3, #0
10004358:	d001      	beq.n	1000435e <__wrap_putchar+0x56>
1000435a:	429c      	cmp	r4, r3
1000435c:	d1f4      	bne.n	10004348 <__wrap_putchar+0x40>
1000435e:	0020      	movs	r0, r4
10004360:	2201      	movs	r2, #1
10004362:	0029      	movs	r1, r5
10004364:	f7ff feac 	bl	100040c0 <stdio_out_chars_crlf>
10004368:	6924      	ldr	r4, [r4, #16]
1000436a:	2c00      	cmp	r4, #0
1000436c:	d1ef      	bne.n	1000434e <__wrap_putchar+0x46>
1000436e:	464b      	mov	r3, r9
10004370:	2b00      	cmp	r3, #0
10004372:	d105      	bne.n	10004380 <__wrap_putchar+0x78>
10004374:	0030      	movs	r0, r6
10004376:	b003      	add	sp, #12
10004378:	bcc0      	pop	{r6, r7}
1000437a:	46b9      	mov	r9, r7
1000437c:	46b0      	mov	r8, r6
1000437e:	bdf0      	pop	{r4, r5, r6, r7, pc}
10004380:	4640      	mov	r0, r8
10004382:	f002 fcc5 	bl	10006d10 <__mutex_exit_veneer>
10004386:	e7f5      	b.n	10004374 <__wrap_putchar+0x6c>
10004388:	000f4240 	.word	0x000f4240
1000438c:	7fffffff 	.word	0x7fffffff
10004390:	20001058 	.word	0x20001058
10004394:	20001ae0 	.word	0x20001ae0
10004398:	20001ae8 	.word	0x20001ae8

1000439c <__wrap_puts>:
1000439c:	b570      	push	{r4, r5, r6, lr}
1000439e:	0004      	movs	r4, r0
100043a0:	f002 fc7c 	bl	10006c9c <strlen>
100043a4:	2301      	movs	r3, #1
100043a6:	0001      	movs	r1, r0
100043a8:	0005      	movs	r5, r0
100043aa:	2201      	movs	r2, #1
100043ac:	0020      	movs	r0, r4
100043ae:	f7ff ff11 	bl	100041d4 <stdio_put_string>
100043b2:	4b08      	ldr	r3, [pc, #32]	@ (100043d4 <__wrap_puts+0x38>)
100043b4:	681c      	ldr	r4, [r3, #0]
100043b6:	2c00      	cmp	r4, #0
100043b8:	d006      	beq.n	100043c8 <__wrap_puts+0x2c>
100043ba:	6863      	ldr	r3, [r4, #4]
100043bc:	2b00      	cmp	r3, #0
100043be:	d005      	beq.n	100043cc <__wrap_puts+0x30>
100043c0:	4798      	blx	r3
100043c2:	6924      	ldr	r4, [r4, #16]
100043c4:	2c00      	cmp	r4, #0
100043c6:	d1f8      	bne.n	100043ba <__wrap_puts+0x1e>
100043c8:	0028      	movs	r0, r5
100043ca:	bd70      	pop	{r4, r5, r6, pc}
100043cc:	6924      	ldr	r4, [r4, #16]
100043ce:	2c00      	cmp	r4, #0
100043d0:	d1f3      	bne.n	100043ba <__wrap_puts+0x1e>
100043d2:	e7f9      	b.n	100043c8 <__wrap_puts+0x2c>
100043d4:	20001ae0 	.word	0x20001ae0

100043d8 <__wrap_vprintf>:
100043d8:	b5f0      	push	{r4, r5, r6, r7, lr}
100043da:	46ce      	mov	lr, r9
100043dc:	4647      	mov	r7, r8
100043de:	b580      	push	{r7, lr}
100043e0:	b0a3      	sub	sp, #140	@ 0x8c
100043e2:	0004      	movs	r4, r0
100043e4:	000d      	movs	r5, r1
100043e6:	f7fd f82d 	bl	10001444 <time_us_64>
100043ea:	2300      	movs	r3, #0
100043ec:	4a27      	ldr	r2, [pc, #156]	@ (1000448c <__wrap_vprintf+0xb4>)
100043ee:	1812      	adds	r2, r2, r0
100043f0:	414b      	adcs	r3, r1
100043f2:	2b00      	cmp	r3, #0
100043f4:	da02      	bge.n	100043fc <__wrap_vprintf+0x24>
100043f6:	2201      	movs	r2, #1
100043f8:	4b25      	ldr	r3, [pc, #148]	@ (10004490 <__wrap_vprintf+0xb8>)
100043fa:	4252      	negs	r2, r2
100043fc:	4e25      	ldr	r6, [pc, #148]	@ (10004494 <__wrap_vprintf+0xbc>)
100043fe:	0030      	movs	r0, r6
10004400:	f002 fcc6 	bl	10006d90 <__mutex_try_enter_block_until_veneer>
10004404:	2300      	movs	r3, #0
10004406:	0022      	movs	r2, r4
10004408:	9301      	str	r3, [sp, #4]
1000440a:	0007      	movs	r7, r0
1000440c:	002b      	movs	r3, r5
1000440e:	4822      	ldr	r0, [pc, #136]	@ (10004498 <__wrap_vprintf+0xc0>)
10004410:	a901      	add	r1, sp, #4
10004412:	f7ff fe07 	bl	10004024 <vfctprintf>
10004416:	4b21      	ldr	r3, [pc, #132]	@ (1000449c <__wrap_vprintf+0xc4>)
10004418:	4680      	mov	r8, r0
1000441a:	4699      	mov	r9, r3
1000441c:	681c      	ldr	r4, [r3, #0]
1000441e:	9b01      	ldr	r3, [sp, #4]
10004420:	2b00      	cmp	r3, #0
10004422:	d01a      	beq.n	1000445a <__wrap_vprintf+0x82>
10004424:	2c00      	cmp	r4, #0
10004426:	d02f      	beq.n	10004488 <__wrap_vprintf+0xb0>
10004428:	4d1d      	ldr	r5, [pc, #116]	@ (100044a0 <__wrap_vprintf+0xc8>)
1000442a:	e002      	b.n	10004432 <__wrap_vprintf+0x5a>
1000442c:	6924      	ldr	r4, [r4, #16]
1000442e:	2c00      	cmp	r4, #0
10004430:	d00f      	beq.n	10004452 <__wrap_vprintf+0x7a>
10004432:	6823      	ldr	r3, [r4, #0]
10004434:	2b00      	cmp	r3, #0
10004436:	d0f9      	beq.n	1000442c <__wrap_vprintf+0x54>
10004438:	682b      	ldr	r3, [r5, #0]
1000443a:	2b00      	cmp	r3, #0
1000443c:	d001      	beq.n	10004442 <__wrap_vprintf+0x6a>
1000443e:	42a3      	cmp	r3, r4
10004440:	d1f4      	bne.n	1000442c <__wrap_vprintf+0x54>
10004442:	0020      	movs	r0, r4
10004444:	9a01      	ldr	r2, [sp, #4]
10004446:	a902      	add	r1, sp, #8
10004448:	f7ff fe3a 	bl	100040c0 <stdio_out_chars_crlf>
1000444c:	6924      	ldr	r4, [r4, #16]
1000444e:	2c00      	cmp	r4, #0
10004450:	d1ef      	bne.n	10004432 <__wrap_vprintf+0x5a>
10004452:	464b      	mov	r3, r9
10004454:	681c      	ldr	r4, [r3, #0]
10004456:	2300      	movs	r3, #0
10004458:	9301      	str	r3, [sp, #4]
1000445a:	2c00      	cmp	r4, #0
1000445c:	d006      	beq.n	1000446c <__wrap_vprintf+0x94>
1000445e:	6863      	ldr	r3, [r4, #4]
10004460:	2b00      	cmp	r3, #0
10004462:	d00b      	beq.n	1000447c <__wrap_vprintf+0xa4>
10004464:	4798      	blx	r3
10004466:	6924      	ldr	r4, [r4, #16]
10004468:	2c00      	cmp	r4, #0
1000446a:	d1f8      	bne.n	1000445e <__wrap_vprintf+0x86>
1000446c:	2f00      	cmp	r7, #0
1000446e:	d107      	bne.n	10004480 <__wrap_vprintf+0xa8>
10004470:	4640      	mov	r0, r8
10004472:	b023      	add	sp, #140	@ 0x8c
10004474:	bcc0      	pop	{r6, r7}
10004476:	46b9      	mov	r9, r7
10004478:	46b0      	mov	r8, r6
1000447a:	bdf0      	pop	{r4, r5, r6, r7, pc}
1000447c:	6924      	ldr	r4, [r4, #16]
1000447e:	e7ec      	b.n	1000445a <__wrap_vprintf+0x82>
10004480:	0030      	movs	r0, r6
10004482:	f002 fc45 	bl	10006d10 <__mutex_exit_veneer>
10004486:	e7f3      	b.n	10004470 <__wrap_vprintf+0x98>
10004488:	9401      	str	r4, [sp, #4]
1000448a:	e7ef      	b.n	1000446c <__wrap_vprintf+0x94>
1000448c:	000f4240 	.word	0x000f4240
10004490:	7fffffff 	.word	0x7fffffff
10004494:	20001058 	.word	0x20001058
10004498:	10004171 	.word	0x10004171
1000449c:	20001ae0 	.word	0x20001ae0
100044a0:	20001ae8 	.word	0x20001ae8

100044a4 <__wrap_printf>:
100044a4:	b40f      	push	{r0, r1, r2, r3}
100044a6:	b500      	push	{lr}
100044a8:	b083      	sub	sp, #12
100044aa:	a904      	add	r1, sp, #16
100044ac:	c901      	ldmia	r1!, {r0}
100044ae:	9101      	str	r1, [sp, #4]
100044b0:	f7ff ff92 	bl	100043d8 <__wrap_vprintf>
100044b4:	b003      	add	sp, #12
100044b6:	bc08      	pop	{r3}
100044b8:	b004      	add	sp, #16
100044ba:	4718      	bx	r3

100044bc <resetd_init>:
100044bc:	4770      	bx	lr
100044be:	46c0      	nop			@ (mov r8, r8)

100044c0 <resetd_reset>:
100044c0:	2200      	movs	r2, #0
100044c2:	4b01      	ldr	r3, [pc, #4]	@ (100044c8 <resetd_reset+0x8>)
100044c4:	701a      	strb	r2, [r3, #0]
100044c6:	4770      	bx	lr
100044c8:	20001fee 	.word	0x20001fee

100044cc <resetd_open>:
100044cc:	794b      	ldrb	r3, [r1, #5]
100044ce:	2000      	movs	r0, #0
100044d0:	2bff      	cmp	r3, #255	@ 0xff
100044d2:	d10b      	bne.n	100044ec <resetd_open+0x20>
100044d4:	798b      	ldrb	r3, [r1, #6]
100044d6:	2b00      	cmp	r3, #0
100044d8:	d108      	bne.n	100044ec <resetd_open+0x20>
100044da:	79cb      	ldrb	r3, [r1, #7]
100044dc:	2b01      	cmp	r3, #1
100044de:	d105      	bne.n	100044ec <resetd_open+0x20>
100044e0:	2a08      	cmp	r2, #8
100044e2:	d903      	bls.n	100044ec <resetd_open+0x20>
100044e4:	4b02      	ldr	r3, [pc, #8]	@ (100044f0 <resetd_open+0x24>)
100044e6:	788a      	ldrb	r2, [r1, #2]
100044e8:	3009      	adds	r0, #9
100044ea:	701a      	strb	r2, [r3, #0]
100044ec:	4770      	bx	lr
100044ee:	46c0      	nop			@ (mov r8, r8)
100044f0:	20001fee 	.word	0x20001fee

100044f4 <resetd_xfer_cb>:
100044f4:	2001      	movs	r0, #1
100044f6:	4770      	bx	lr

100044f8 <resetd_control_xfer_cb>:
100044f8:	b510      	push	{r4, lr}
100044fa:	2901      	cmp	r1, #1
100044fc:	d113      	bne.n	10004526 <resetd_control_xfer_cb+0x2e>
100044fe:	4912      	ldr	r1, [pc, #72]	@ (10004548 <resetd_control_xfer_cb+0x50>)
10004500:	7953      	ldrb	r3, [r2, #5]
10004502:	7910      	ldrb	r0, [r2, #4]
10004504:	7809      	ldrb	r1, [r1, #0]
10004506:	021b      	lsls	r3, r3, #8
10004508:	4303      	orrs	r3, r0
1000450a:	2000      	movs	r0, #0
1000450c:	4299      	cmp	r1, r3
1000450e:	d000      	beq.n	10004512 <resetd_control_xfer_cb+0x1a>
10004510:	bd10      	pop	{r4, pc}
10004512:	7853      	ldrb	r3, [r2, #1]
10004514:	2b01      	cmp	r3, #1
10004516:	d008      	beq.n	1000452a <resetd_control_xfer_cb+0x32>
10004518:	2b02      	cmp	r3, #2
1000451a:	d1f9      	bne.n	10004510 <resetd_control_xfer_cb+0x18>
1000451c:	2264      	movs	r2, #100	@ 0x64
1000451e:	2100      	movs	r1, #0
10004520:	2000      	movs	r0, #0
10004522:	f7fd f8df 	bl	100016e4 <watchdog_reboot>
10004526:	2001      	movs	r0, #1
10004528:	e7f2      	b.n	10004510 <resetd_control_xfer_cb+0x18>
1000452a:	78d3      	ldrb	r3, [r2, #3]
1000452c:	7891      	ldrb	r1, [r2, #2]
1000452e:	021b      	lsls	r3, r3, #8
10004530:	4319      	orrs	r1, r3
10004532:	0a48      	lsrs	r0, r1, #9
10004534:	05db      	lsls	r3, r3, #23
10004536:	d401      	bmi.n	1000453c <resetd_control_xfer_cb+0x44>
10004538:	2001      	movs	r0, #1
1000453a:	4240      	negs	r0, r0
1000453c:	237f      	movs	r3, #127	@ 0x7f
1000453e:	058a      	lsls	r2, r1, #22
10004540:	0fd2      	lsrs	r2, r2, #31
10004542:	4019      	ands	r1, r3
10004544:	f7fd f956 	bl	100017f4 <rom_reset_usb_boot_extra>
10004548:	20001fee 	.word	0x20001fee

1000454c <tud_descriptor_bos_cb>:
1000454c:	4800      	ldr	r0, [pc, #0]	@ (10004550 <tud_descriptor_bos_cb+0x4>)
1000454e:	4770      	bx	lr
10004550:	1000731c 	.word	0x1000731c

10004554 <tud_vendor_control_xfer_cb>:
10004554:	b570      	push	{r4, r5, r6, lr}
10004556:	0005      	movs	r5, r0
10004558:	0014      	movs	r4, r2
1000455a:	2001      	movs	r0, #1
1000455c:	2901      	cmp	r1, #1
1000455e:	d109      	bne.n	10004574 <tud_vendor_control_xfer_cb+0x20>
10004560:	7853      	ldrb	r3, [r2, #1]
10004562:	2000      	movs	r0, #0
10004564:	2b01      	cmp	r3, #1
10004566:	d105      	bne.n	10004574 <tud_vendor_control_xfer_cb+0x20>
10004568:	7963      	ldrb	r3, [r4, #5]
1000456a:	7912      	ldrb	r2, [r2, #4]
1000456c:	021b      	lsls	r3, r3, #8
1000456e:	4313      	orrs	r3, r2
10004570:	2b07      	cmp	r3, #7
10004572:	d000      	beq.n	10004576 <tud_vendor_control_xfer_cb+0x22>
10004574:	bd70      	pop	{r4, r5, r6, pc}
10004576:	0021      	movs	r1, r4
10004578:	0028      	movs	r0, r5
1000457a:	4a02      	ldr	r2, [pc, #8]	@ (10004584 <tud_vendor_control_xfer_cb+0x30>)
1000457c:	339f      	adds	r3, #159	@ 0x9f
1000457e:	f001 fa55 	bl	10005a2c <tud_control_xfer>
10004582:	e7f7      	b.n	10004574 <tud_vendor_control_xfer_cb+0x20>
10004584:	10007274 	.word	0x10007274

10004588 <usbd_app_driver_get_cb>:
10004588:	2301      	movs	r3, #1
1000458a:	7003      	strb	r3, [r0, #0]
1000458c:	4800      	ldr	r0, [pc, #0]	@ (10004590 <usbd_app_driver_get_cb+0x8>)
1000458e:	4770      	bx	lr
10004590:	10007254 	.word	0x10007254

10004594 <tud_cdc_line_coding_cb>:
10004594:	784b      	ldrb	r3, [r1, #1]
10004596:	780a      	ldrb	r2, [r1, #0]
10004598:	021b      	lsls	r3, r3, #8
1000459a:	4313      	orrs	r3, r2
1000459c:	788a      	ldrb	r2, [r1, #2]
1000459e:	b510      	push	{r4, lr}
100045a0:	0412      	lsls	r2, r2, #16
100045a2:	431a      	orrs	r2, r3
100045a4:	78cb      	ldrb	r3, [r1, #3]
100045a6:	061b      	lsls	r3, r3, #24
100045a8:	4313      	orrs	r3, r2
100045aa:	2296      	movs	r2, #150	@ 0x96
100045ac:	00d2      	lsls	r2, r2, #3
100045ae:	4293      	cmp	r3, r2
100045b0:	d000      	beq.n	100045b4 <tud_cdc_line_coding_cb+0x20>
100045b2:	bd10      	pop	{r4, pc}
100045b4:	2200      	movs	r2, #0
100045b6:	2001      	movs	r0, #1
100045b8:	0011      	movs	r1, r2
100045ba:	4240      	negs	r0, r0
100045bc:	f7fd f91a 	bl	100017f4 <rom_reset_usb_boot_extra>

100045c0 <stdio_usb_set_chars_available_callback>:
100045c0:	4b02      	ldr	r3, [pc, #8]	@ (100045cc <stdio_usb_set_chars_available_callback+0xc>)
100045c2:	6018      	str	r0, [r3, #0]
100045c4:	4b02      	ldr	r3, [pc, #8]	@ (100045d0 <stdio_usb_set_chars_available_callback+0x10>)
100045c6:	6019      	str	r1, [r3, #0]
100045c8:	4770      	bx	lr
100045ca:	46c0      	nop			@ (mov r8, r8)
100045cc:	20001a80 	.word	0x20001a80
100045d0:	20001a84 	.word	0x20001a84

100045d4 <usb_irq>:
100045d4:	b510      	push	{r4, lr}
100045d6:	4b02      	ldr	r3, [pc, #8]	@ (100045e0 <usb_irq+0xc>)
100045d8:	7818      	ldrb	r0, [r3, #0]
100045da:	f7fc f991 	bl	10000900 <irq_set_pending>
100045de:	bd10      	pop	{r4, pc}
100045e0:	20001fef 	.word	0x20001fef

100045e4 <timer_task>:
100045e4:	4b15      	ldr	r3, [pc, #84]	@ (1000463c <timer_task+0x58>)
100045e6:	b570      	push	{r4, r5, r6, lr}
100045e8:	681a      	ldr	r2, [r3, #0]
100045ea:	2a00      	cmp	r2, #0
100045ec:	d022      	beq.n	10004634 <timer_task+0x50>
100045ee:	f3ef 8110 	mrs	r1, PRIMASK
100045f2:	b672      	cpsid	i
100045f4:	6810      	ldr	r0, [r2, #0]
100045f6:	2800      	cmp	r0, #0
100045f8:	d0fc      	beq.n	100045f4 <timer_task+0x10>
100045fa:	f3bf 8f5f 	dmb	sy
100045fe:	2000      	movs	r0, #0
10004600:	4a0f      	ldr	r2, [pc, #60]	@ (10004640 <timer_task+0x5c>)
10004602:	6059      	str	r1, [r3, #4]
10004604:	7010      	strb	r0, [r2, #0]
10004606:	681b      	ldr	r3, [r3, #0]
10004608:	f3bf 8f5f 	dmb	sy
1000460c:	6018      	str	r0, [r3, #0]
1000460e:	f381 8810 	msr	PRIMASK, r1
10004612:	2400      	movs	r4, #0
10004614:	2500      	movs	r5, #0
10004616:	4e0b      	ldr	r6, [pc, #44]	@ (10004644 <timer_task+0x60>)
10004618:	7830      	ldrb	r0, [r6, #0]
1000461a:	f7fc f965 	bl	100008e8 <irq_is_enabled>
1000461e:	2800      	cmp	r0, #0
10004620:	d104      	bne.n	1000462c <timer_task+0x48>
10004622:	2400      	movs	r4, #0
10004624:	2500      	movs	r5, #0
10004626:	0029      	movs	r1, r5
10004628:	0020      	movs	r0, r4
1000462a:	bd70      	pop	{r4, r5, r6, pc}
1000462c:	7830      	ldrb	r0, [r6, #0]
1000462e:	f7fc f967 	bl	10000900 <irq_set_pending>
10004632:	e7f8      	b.n	10004626 <timer_task+0x42>
10004634:	24fa      	movs	r4, #250	@ 0xfa
10004636:	2500      	movs	r5, #0
10004638:	00a4      	lsls	r4, r4, #2
1000463a:	e7ec      	b.n	10004616 <timer_task+0x32>
1000463c:	20001f50 	.word	0x20001f50
10004640:	20001ff0 	.word	0x20001ff0
10004644:	20001fef 	.word	0x20001fef

10004648 <stdio_usb_in_chars>:
10004648:	b570      	push	{r4, r5, r6, lr}
1000464a:	0004      	movs	r4, r0
1000464c:	2000      	movs	r0, #0
1000464e:	000e      	movs	r6, r1
10004650:	f001 fb0a 	bl	10005c68 <tud_cdc_n_connected>
10004654:	2800      	cmp	r0, #0
10004656:	d034      	beq.n	100046c2 <stdio_usb_in_chars+0x7a>
10004658:	2000      	movs	r0, #0
1000465a:	f001 fb1b 	bl	10005c94 <tud_cdc_n_available>
1000465e:	2800      	cmp	r0, #0
10004660:	d02f      	beq.n	100046c2 <stdio_usb_in_chars+0x7a>
10004662:	f7fc feef 	bl	10001444 <time_us_64>
10004666:	2300      	movs	r3, #0
10004668:	4a17      	ldr	r2, [pc, #92]	@ (100046c8 <stdio_usb_in_chars+0x80>)
1000466a:	1812      	adds	r2, r2, r0
1000466c:	414b      	adcs	r3, r1
1000466e:	2b00      	cmp	r3, #0
10004670:	db16      	blt.n	100046a0 <stdio_usb_in_chars+0x58>
10004672:	4d16      	ldr	r5, [pc, #88]	@ (100046cc <stdio_usb_in_chars+0x84>)
10004674:	0028      	movs	r0, r5
10004676:	f002 fb8b 	bl	10006d90 <__mutex_try_enter_block_until_veneer>
1000467a:	2800      	cmp	r0, #0
1000467c:	d021      	beq.n	100046c2 <stdio_usb_in_chars+0x7a>
1000467e:	2000      	movs	r0, #0
10004680:	f001 faf2 	bl	10005c68 <tud_cdc_n_connected>
10004684:	2800      	cmp	r0, #0
10004686:	d10f      	bne.n	100046a8 <stdio_usb_in_chars+0x60>
10004688:	2001      	movs	r0, #1
1000468a:	2100      	movs	r1, #0
1000468c:	4240      	negs	r0, r0
1000468e:	f000 fd01 	bl	10005094 <tud_task_ext>
10004692:	2403      	movs	r4, #3
10004694:	4264      	negs	r4, r4
10004696:	0028      	movs	r0, r5
10004698:	f002 fb3a 	bl	10006d10 <__mutex_exit_veneer>
1000469c:	0020      	movs	r0, r4
1000469e:	bd70      	pop	{r4, r5, r6, pc}
100046a0:	2201      	movs	r2, #1
100046a2:	4b0b      	ldr	r3, [pc, #44]	@ (100046d0 <stdio_usb_in_chars+0x88>)
100046a4:	4252      	negs	r2, r2
100046a6:	e7e4      	b.n	10004672 <stdio_usb_in_chars+0x2a>
100046a8:	2000      	movs	r0, #0
100046aa:	f001 faf3 	bl	10005c94 <tud_cdc_n_available>
100046ae:	2800      	cmp	r0, #0
100046b0:	d0ea      	beq.n	10004688 <stdio_usb_in_chars+0x40>
100046b2:	0021      	movs	r1, r4
100046b4:	0032      	movs	r2, r6
100046b6:	2000      	movs	r0, #0
100046b8:	f001 faf6 	bl	10005ca8 <tud_cdc_n_read>
100046bc:	1e04      	subs	r4, r0, #0
100046be:	d1ea      	bne.n	10004696 <stdio_usb_in_chars+0x4e>
100046c0:	e7e7      	b.n	10004692 <stdio_usb_in_chars+0x4a>
100046c2:	2403      	movs	r4, #3
100046c4:	4264      	negs	r4, r4
100046c6:	e7e9      	b.n	1000469c <stdio_usb_in_chars+0x54>
100046c8:	000f4240 	.word	0x000f4240
100046cc:	20001fd0 	.word	0x20001fd0
100046d0:	7fffffff 	.word	0x7fffffff

100046d4 <stdio_usb_out_flush>:
100046d4:	b510      	push	{r4, lr}
100046d6:	f7fc feb5 	bl	10001444 <time_us_64>
100046da:	2300      	movs	r3, #0
100046dc:	4a0d      	ldr	r2, [pc, #52]	@ (10004714 <stdio_usb_out_flush+0x40>)
100046de:	1812      	adds	r2, r2, r0
100046e0:	414b      	adcs	r3, r1
100046e2:	2b00      	cmp	r3, #0
100046e4:	da02      	bge.n	100046ec <stdio_usb_out_flush+0x18>
100046e6:	2201      	movs	r2, #1
100046e8:	4b0b      	ldr	r3, [pc, #44]	@ (10004718 <stdio_usb_out_flush+0x44>)
100046ea:	4252      	negs	r2, r2
100046ec:	4c0b      	ldr	r4, [pc, #44]	@ (1000471c <stdio_usb_out_flush+0x48>)
100046ee:	0020      	movs	r0, r4
100046f0:	f002 fb4e 	bl	10006d90 <__mutex_try_enter_block_until_veneer>
100046f4:	2800      	cmp	r0, #0
100046f6:	d00c      	beq.n	10004712 <stdio_usb_out_flush+0x3e>
100046f8:	2001      	movs	r0, #1
100046fa:	2100      	movs	r1, #0
100046fc:	4240      	negs	r0, r0
100046fe:	f000 fcc9 	bl	10005094 <tud_task_ext>
10004702:	2000      	movs	r0, #0
10004704:	f001 fb14 	bl	10005d30 <tud_cdc_n_write_flush>
10004708:	2800      	cmp	r0, #0
1000470a:	d1f5      	bne.n	100046f8 <stdio_usb_out_flush+0x24>
1000470c:	0020      	movs	r0, r4
1000470e:	f002 faff 	bl	10006d10 <__mutex_exit_veneer>
10004712:	bd10      	pop	{r4, pc}
10004714:	000f4240 	.word	0x000f4240
10004718:	7fffffff 	.word	0x7fffffff
1000471c:	20001fd0 	.word	0x20001fd0

10004720 <stdio_usb_out_chars>:
10004720:	b5f8      	push	{r3, r4, r5, r6, r7, lr}
10004722:	46de      	mov	lr, fp
10004724:	4657      	mov	r7, sl
10004726:	b580      	push	{r7, lr}
10004728:	0005      	movs	r5, r0
1000472a:	000c      	movs	r4, r1
1000472c:	f7fc fe8a 	bl	10001444 <time_us_64>
10004730:	2300      	movs	r3, #0
10004732:	4a36      	ldr	r2, [pc, #216]	@ (1000480c <stdio_usb_out_chars+0xec>)
10004734:	1812      	adds	r2, r2, r0
10004736:	414b      	adcs	r3, r1
10004738:	2b00      	cmp	r3, #0
1000473a:	da02      	bge.n	10004742 <stdio_usb_out_chars+0x22>
1000473c:	2201      	movs	r2, #1
1000473e:	4b34      	ldr	r3, [pc, #208]	@ (10004810 <stdio_usb_out_chars+0xf0>)
10004740:	4252      	negs	r2, r2
10004742:	4934      	ldr	r1, [pc, #208]	@ (10004814 <stdio_usb_out_chars+0xf4>)
10004744:	0008      	movs	r0, r1
10004746:	468a      	mov	sl, r1
10004748:	f002 fb22 	bl	10006d90 <__mutex_try_enter_block_until_veneer>
1000474c:	2800      	cmp	r0, #0
1000474e:	d103      	bne.n	10004758 <stdio_usb_out_chars+0x38>
10004750:	bcc0      	pop	{r6, r7}
10004752:	46bb      	mov	fp, r7
10004754:	46b2      	mov	sl, r6
10004756:	bdf8      	pop	{r3, r4, r5, r6, r7, pc}
10004758:	2000      	movs	r0, #0
1000475a:	f001 fa85 	bl	10005c68 <tud_cdc_n_connected>
1000475e:	2800      	cmp	r0, #0
10004760:	d04a      	beq.n	100047f8 <stdio_usb_out_chars+0xd8>
10004762:	2600      	movs	r6, #0
10004764:	2c00      	cmp	r4, #0
10004766:	dd43      	ble.n	100047f0 <stdio_usb_out_chars+0xd0>
10004768:	4b2b      	ldr	r3, [pc, #172]	@ (10004818 <stdio_usb_out_chars+0xf8>)
1000476a:	469b      	mov	fp, r3
1000476c:	e014      	b.n	10004798 <stdio_usb_out_chars+0x78>
1000476e:	19a9      	adds	r1, r5, r6
10004770:	2000      	movs	r0, #0
10004772:	f001 fb17 	bl	10005da4 <tud_cdc_n_write>
10004776:	0007      	movs	r7, r0
10004778:	2001      	movs	r0, #1
1000477a:	2100      	movs	r1, #0
1000477c:	4240      	negs	r0, r0
1000477e:	f000 fc89 	bl	10005094 <tud_task_ext>
10004782:	2000      	movs	r0, #0
10004784:	f001 fad4 	bl	10005d30 <tud_cdc_n_write_flush>
10004788:	f7fc fe5c 	bl	10001444 <time_us_64>
1000478c:	4b22      	ldr	r3, [pc, #136]	@ (10004818 <stdio_usb_out_chars+0xf8>)
1000478e:	19f6      	adds	r6, r6, r7
10004790:	6018      	str	r0, [r3, #0]
10004792:	6059      	str	r1, [r3, #4]
10004794:	42b4      	cmp	r4, r6
10004796:	dd2b      	ble.n	100047f0 <stdio_usb_out_chars+0xd0>
10004798:	2000      	movs	r0, #0
1000479a:	f001 fb23 	bl	10005de4 <tud_cdc_n_write_available>
1000479e:	1ba7      	subs	r7, r4, r6
100047a0:	0002      	movs	r2, r0
100047a2:	42b8      	cmp	r0, r7
100047a4:	dd00      	ble.n	100047a8 <stdio_usb_out_chars+0x88>
100047a6:	003a      	movs	r2, r7
100047a8:	2a00      	cmp	r2, #0
100047aa:	d1e0      	bne.n	1000476e <stdio_usb_out_chars+0x4e>
100047ac:	2001      	movs	r0, #1
100047ae:	2100      	movs	r1, #0
100047b0:	4240      	negs	r0, r0
100047b2:	f000 fc6f 	bl	10005094 <tud_task_ext>
100047b6:	2000      	movs	r0, #0
100047b8:	f001 faba 	bl	10005d30 <tud_cdc_n_write_flush>
100047bc:	2000      	movs	r0, #0
100047be:	f001 fa53 	bl	10005c68 <tud_cdc_n_connected>
100047c2:	2800      	cmp	r0, #0
100047c4:	d014      	beq.n	100047f0 <stdio_usb_out_chars+0xd0>
100047c6:	2000      	movs	r0, #0
100047c8:	f001 fb0c 	bl	10005de4 <tud_cdc_n_write_available>
100047cc:	2800      	cmp	r0, #0
100047ce:	d1e1      	bne.n	10004794 <stdio_usb_out_chars+0x74>
100047d0:	f7fc fe38 	bl	10001444 <time_us_64>
100047d4:	465b      	mov	r3, fp
100047d6:	000f      	movs	r7, r1
100047d8:	681a      	ldr	r2, [r3, #0]
100047da:	685b      	ldr	r3, [r3, #4]
100047dc:	2100      	movs	r1, #0
100047de:	4684      	mov	ip, r0
100047e0:	480e      	ldr	r0, [pc, #56]	@ (1000481c <stdio_usb_out_chars+0xfc>)
100047e2:	1812      	adds	r2, r2, r0
100047e4:	414b      	adcs	r3, r1
100047e6:	429f      	cmp	r7, r3
100047e8:	d802      	bhi.n	100047f0 <stdio_usb_out_chars+0xd0>
100047ea:	d1d3      	bne.n	10004794 <stdio_usb_out_chars+0x74>
100047ec:	4594      	cmp	ip, r2
100047ee:	d9d1      	bls.n	10004794 <stdio_usb_out_chars+0x74>
100047f0:	4650      	mov	r0, sl
100047f2:	f002 fa8d 	bl	10006d10 <__mutex_exit_veneer>
100047f6:	e7ab      	b.n	10004750 <stdio_usb_out_chars+0x30>
100047f8:	2000      	movs	r0, #0
100047fa:	2100      	movs	r1, #0
100047fc:	4b06      	ldr	r3, [pc, #24]	@ (10004818 <stdio_usb_out_chars+0xf8>)
100047fe:	6018      	str	r0, [r3, #0]
10004800:	6059      	str	r1, [r3, #4]
10004802:	4650      	mov	r0, sl
10004804:	f002 fa84 	bl	10006d10 <__mutex_exit_veneer>
10004808:	e7a2      	b.n	10004750 <stdio_usb_out_chars+0x30>
1000480a:	46c0      	nop			@ (mov r8, r8)
1000480c:	000f4240 	.word	0x000f4240
10004810:	7fffffff 	.word	0x7fffffff
10004814:	20001fd0 	.word	0x20001fd0
10004818:	200011e0 	.word	0x200011e0
1000481c:	0007a120 	.word	0x0007a120

10004820 <low_priority_worker_irq>:
10004820:	b530      	push	{r4, r5, lr}
10004822:	4c2a      	ldr	r4, [pc, #168]	@ (100048cc <low_priority_worker_irq+0xac>)
10004824:	b085      	sub	sp, #20
10004826:	2100      	movs	r1, #0
10004828:	0020      	movs	r0, r4
1000482a:	f002 fa91 	bl	10006d50 <__mutex_try_enter_veneer>
1000482e:	2800      	cmp	r0, #0
10004830:	d11c      	bne.n	1000486c <low_priority_worker_irq+0x4c>
10004832:	4b27      	ldr	r3, [pc, #156]	@ (100048d0 <low_priority_worker_irq+0xb0>)
10004834:	681a      	ldr	r2, [r3, #0]
10004836:	2a00      	cmp	r2, #0
10004838:	d016      	beq.n	10004868 <low_priority_worker_irq+0x48>
1000483a:	f3ef 8110 	mrs	r1, PRIMASK
1000483e:	b672      	cpsid	i
10004840:	6810      	ldr	r0, [r2, #0]
10004842:	2800      	cmp	r0, #0
10004844:	d0fc      	beq.n	10004840 <low_priority_worker_irq+0x20>
10004846:	f3bf 8f5f 	dmb	sy
1000484a:	2401      	movs	r4, #1
1000484c:	4821      	ldr	r0, [pc, #132]	@ (100048d4 <low_priority_worker_irq+0xb4>)
1000484e:	6059      	str	r1, [r3, #4]
10004850:	7802      	ldrb	r2, [r0, #0]
10004852:	681b      	ldr	r3, [r3, #0]
10004854:	b2d2      	uxtb	r2, r2
10004856:	7004      	strb	r4, [r0, #0]
10004858:	f3bf 8f5f 	dmb	sy
1000485c:	2000      	movs	r0, #0
1000485e:	6018      	str	r0, [r3, #0]
10004860:	f381 8810 	msr	PRIMASK, r1
10004864:	2a00      	cmp	r2, #0
10004866:	d017      	beq.n	10004898 <low_priority_worker_irq+0x78>
10004868:	b005      	add	sp, #20
1000486a:	bd30      	pop	{r4, r5, pc}
1000486c:	2001      	movs	r0, #1
1000486e:	2100      	movs	r1, #0
10004870:	4240      	negs	r0, r0
10004872:	f000 fc0f 	bl	10005094 <tud_task_ext>
10004876:	2000      	movs	r0, #0
10004878:	f001 fa0c 	bl	10005c94 <tud_cdc_n_available>
1000487c:	0005      	movs	r5, r0
1000487e:	0020      	movs	r0, r4
10004880:	f002 fa46 	bl	10006d10 <__mutex_exit_veneer>
10004884:	2d00      	cmp	r5, #0
10004886:	d0ef      	beq.n	10004868 <low_priority_worker_irq+0x48>
10004888:	4b13      	ldr	r3, [pc, #76]	@ (100048d8 <low_priority_worker_irq+0xb8>)
1000488a:	681b      	ldr	r3, [r3, #0]
1000488c:	2b00      	cmp	r3, #0
1000488e:	d0eb      	beq.n	10004868 <low_priority_worker_irq+0x48>
10004890:	4a12      	ldr	r2, [pc, #72]	@ (100048dc <low_priority_worker_irq+0xbc>)
10004892:	6810      	ldr	r0, [r2, #0]
10004894:	4798      	blx	r3
10004896:	e7e7      	b.n	10004868 <low_priority_worker_irq+0x48>
10004898:	f7fc fc3c 	bl	10001114 <alarm_pool_get_default>
1000489c:	0004      	movs	r4, r0
1000489e:	f7fc fdd1 	bl	10001444 <time_us_64>
100048a2:	22fa      	movs	r2, #250	@ 0xfa
100048a4:	2300      	movs	r3, #0
100048a6:	0092      	lsls	r2, r2, #2
100048a8:	1812      	adds	r2, r2, r0
100048aa:	414b      	adcs	r3, r1
100048ac:	2b00      	cmp	r3, #0
100048ae:	da02      	bge.n	100048b6 <low_priority_worker_irq+0x96>
100048b0:	2201      	movs	r2, #1
100048b2:	4b0b      	ldr	r3, [pc, #44]	@ (100048e0 <low_priority_worker_irq+0xc0>)
100048b4:	4252      	negs	r2, r2
100048b6:	2101      	movs	r1, #1
100048b8:	9102      	str	r1, [sp, #8]
100048ba:	2100      	movs	r1, #0
100048bc:	9101      	str	r1, [sp, #4]
100048be:	4909      	ldr	r1, [pc, #36]	@ (100048e4 <low_priority_worker_irq+0xc4>)
100048c0:	0020      	movs	r0, r4
100048c2:	9100      	str	r1, [sp, #0]
100048c4:	f7fc fc2a 	bl	1000111c <alarm_pool_add_alarm_at>
100048c8:	e7ce      	b.n	10004868 <low_priority_worker_irq+0x48>
100048ca:	46c0      	nop			@ (mov r8, r8)
100048cc:	20001fd0 	.word	0x20001fd0
100048d0:	20001f50 	.word	0x20001f50
100048d4:	20001ff0 	.word	0x20001ff0
100048d8:	20001a80 	.word	0x20001a80
100048dc:	20001a84 	.word	0x20001a84
100048e0:	7fffffff 	.word	0x7fffffff
100048e4:	100045e5 	.word	0x100045e5

100048e8 <stdio_usb_init>:
100048e8:	23d0      	movs	r3, #208	@ 0xd0
100048ea:	b510      	push	{r4, lr}
100048ec:	061b      	lsls	r3, r3, #24
100048ee:	b084      	sub	sp, #16
100048f0:	681c      	ldr	r4, [r3, #0]
100048f2:	f7fc fc0f 	bl	10001114 <alarm_pool_get_default>
100048f6:	f7fc fd0b 	bl	10001310 <alarm_pool_core_num>
100048fa:	42a0      	cmp	r0, r4
100048fc:	d002      	beq.n	10004904 <stdio_usb_init+0x1c>
100048fe:	2000      	movs	r0, #0
10004900:	b004      	add	sp, #16
10004902:	bd10      	pop	{r4, pc}
10004904:	4b29      	ldr	r3, [pc, #164]	@ (100049ac <stdio_usb_init+0xc4>)
10004906:	2100      	movs	r1, #0
10004908:	2000      	movs	r0, #0
1000490a:	781b      	ldrb	r3, [r3, #0]
1000490c:	f001 fd5e 	bl	100063cc <tusb_rhport_init>
10004910:	4827      	ldr	r0, [pc, #156]	@ (100049b0 <stdio_usb_init+0xc8>)
10004912:	6803      	ldr	r3, [r0, #0]
10004914:	2b00      	cmp	r3, #0
10004916:	d045      	beq.n	100049a4 <stdio_usb_init+0xbc>
10004918:	2001      	movs	r0, #1
1000491a:	f7fc f989 	bl	10000c30 <user_irq_claim_unused>
1000491e:	23ff      	movs	r3, #255	@ 0xff
10004920:	4c24      	ldr	r4, [pc, #144]	@ (100049b4 <stdio_usb_init+0xcc>)
10004922:	4925      	ldr	r1, [pc, #148]	@ (100049b8 <stdio_usb_init+0xd0>)
10004924:	7020      	strb	r0, [r4, #0]
10004926:	4018      	ands	r0, r3
10004928:	f7fc f804 	bl	10000934 <irq_set_exclusive_handler>
1000492c:	7820      	ldrb	r0, [r4, #0]
1000492e:	2101      	movs	r1, #1
10004930:	f7fb ffc8 	bl	100008c4 <irq_set_enabled>
10004934:	2005      	movs	r0, #5
10004936:	f7fb ffeb 	bl	10000910 <irq_has_shared_handler>
1000493a:	2800      	cmp	r0, #0
1000493c:	d124      	bne.n	10004988 <stdio_usb_init+0xa0>
1000493e:	2208      	movs	r2, #8
10004940:	2100      	movs	r1, #0
10004942:	481e      	ldr	r0, [pc, #120]	@ (100049bc <stdio_usb_init+0xd4>)
10004944:	f7fd ff12 	bl	1000276c <__wrap_memset>
10004948:	f7fc fbe4 	bl	10001114 <alarm_pool_get_default>
1000494c:	0004      	movs	r4, r0
1000494e:	f7fc fd79 	bl	10001444 <time_us_64>
10004952:	22fa      	movs	r2, #250	@ 0xfa
10004954:	2300      	movs	r3, #0
10004956:	0092      	lsls	r2, r2, #2
10004958:	1812      	adds	r2, r2, r0
1000495a:	414b      	adcs	r3, r1
1000495c:	2b00      	cmp	r3, #0
1000495e:	da02      	bge.n	10004966 <stdio_usb_init+0x7e>
10004960:	2201      	movs	r2, #1
10004962:	4b17      	ldr	r3, [pc, #92]	@ (100049c0 <stdio_usb_init+0xd8>)
10004964:	4252      	negs	r2, r2
10004966:	2101      	movs	r1, #1
10004968:	9102      	str	r1, [sp, #8]
1000496a:	2100      	movs	r1, #0
1000496c:	9101      	str	r1, [sp, #4]
1000496e:	4915      	ldr	r1, [pc, #84]	@ (100049c4 <stdio_usb_init+0xdc>)
10004970:	0020      	movs	r0, r4
10004972:	9100      	str	r1, [sp, #0]
10004974:	f7fc fbd2 	bl	1000111c <alarm_pool_add_alarm_at>
10004978:	2800      	cmp	r0, #0
1000497a:	dbc0      	blt.n	100048fe <stdio_usb_init+0x16>
1000497c:	4812      	ldr	r0, [pc, #72]	@ (100049c8 <stdio_usb_init+0xe0>)
1000497e:	2101      	movs	r1, #1
10004980:	f7ff fca6 	bl	100042d0 <stdio_set_driver_enabled>
10004984:	2001      	movs	r0, #1
10004986:	e7bb      	b.n	10004900 <stdio_usb_init+0x18>
10004988:	2001      	movs	r0, #1
1000498a:	f7fb ff69 	bl	10000860 <spin_lock_claim_unused>
1000498e:	4b0b      	ldr	r3, [pc, #44]	@ (100049bc <stdio_usb_init+0xd4>)
10004990:	0001      	movs	r1, r0
10004992:	0018      	movs	r0, r3
10004994:	f7fc f9ae 	bl	10000cf4 <critical_section_init_with_lock_num>
10004998:	2200      	movs	r2, #0
1000499a:	2005      	movs	r0, #5
1000499c:	490b      	ldr	r1, [pc, #44]	@ (100049cc <stdio_usb_init+0xe4>)
1000499e:	f7fb fff3 	bl	10000988 <irq_add_shared_handler>
100049a2:	e7eb      	b.n	1000497c <stdio_usb_init+0x94>
100049a4:	f7fc f98a 	bl	10000cbc <mutex_init>
100049a8:	e7b6      	b.n	10004918 <stdio_usb_init+0x30>
100049aa:	46c0      	nop			@ (mov r8, r8)
100049ac:	100074d4 	.word	0x100074d4
100049b0:	20001fd0 	.word	0x20001fd0
100049b4:	20001fef 	.word	0x20001fef
100049b8:	10004821 	.word	0x10004821
100049bc:	20001f50 	.word	0x20001f50
100049c0:	7fffffff 	.word	0x7fffffff
100049c4:	100045e5 	.word	0x100045e5
100049c8:	20001020 	.word	0x20001020
100049cc:	100045d5 	.word	0x100045d5

100049d0 <tud_descriptor_device_cb>:
100049d0:	4800      	ldr	r0, [pc, #0]	@ (100049d4 <tud_descriptor_device_cb+0x4>)
100049d2:	4770      	bx	lr
100049d4:	100073b8 	.word	0x100073b8

100049d8 <tud_descriptor_configuration_cb>:
100049d8:	4800      	ldr	r0, [pc, #0]	@ (100049dc <tud_descriptor_configuration_cb+0x4>)
100049da:	4770      	bx	lr
100049dc:	10007364 	.word	0x10007364

100049e0 <tud_descriptor_string_cb>:
100049e0:	b510      	push	{r4, lr}
100049e2:	0004      	movs	r4, r0
100049e4:	4817      	ldr	r0, [pc, #92]	@ (10004a44 <tud_descriptor_string_cb+0x64>)
100049e6:	7803      	ldrb	r3, [r0, #0]
100049e8:	2b00      	cmp	r3, #0
100049ea:	d020      	beq.n	10004a2e <tud_descriptor_string_cb+0x4e>
100049ec:	2c00      	cmp	r4, #0
100049ee:	d106      	bne.n	100049fe <tud_descriptor_string_cb+0x1e>
100049f0:	4b15      	ldr	r3, [pc, #84]	@ (10004a48 <tud_descriptor_string_cb+0x68>)
100049f2:	4816      	ldr	r0, [pc, #88]	@ (10004a4c <tud_descriptor_string_cb+0x6c>)
100049f4:	8043      	strh	r3, [r0, #2]
100049f6:	3b06      	subs	r3, #6
100049f8:	3bff      	subs	r3, #255	@ 0xff
100049fa:	8003      	strh	r3, [r0, #0]
100049fc:	bd10      	pop	{r4, pc}
100049fe:	2c05      	cmp	r4, #5
10004a00:	d81d      	bhi.n	10004a3e <tud_descriptor_string_cb+0x5e>
10004a02:	4b13      	ldr	r3, [pc, #76]	@ (10004a50 <tud_descriptor_string_cb+0x70>)
10004a04:	00a4      	lsls	r4, r4, #2
10004a06:	58e0      	ldr	r0, [r4, r3]
10004a08:	4912      	ldr	r1, [pc, #72]	@ (10004a54 <tud_descriptor_string_cb+0x74>)
10004a0a:	2301      	movs	r3, #1
10004a0c:	3801      	subs	r0, #1
10004a0e:	e004      	b.n	10004a1a <tud_descriptor_string_cb+0x3a>
10004a10:	3301      	adds	r3, #1
10004a12:	800a      	strh	r2, [r1, #0]
10004a14:	3102      	adds	r1, #2
10004a16:	2b14      	cmp	r3, #20
10004a18:	d00d      	beq.n	10004a36 <tud_descriptor_string_cb+0x56>
10004a1a:	5cc2      	ldrb	r2, [r0, r3]
10004a1c:	2a00      	cmp	r2, #0
10004a1e:	d1f7      	bne.n	10004a10 <tud_descriptor_string_cb+0x30>
10004a20:	22c0      	movs	r2, #192	@ 0xc0
10004a22:	b2db      	uxtb	r3, r3
10004a24:	005b      	lsls	r3, r3, #1
10004a26:	0092      	lsls	r2, r2, #2
10004a28:	4808      	ldr	r0, [pc, #32]	@ (10004a4c <tud_descriptor_string_cb+0x6c>)
10004a2a:	4313      	orrs	r3, r2
10004a2c:	e7e5      	b.n	100049fa <tud_descriptor_string_cb+0x1a>
10004a2e:	2111      	movs	r1, #17
10004a30:	f000 f81a 	bl	10004a68 <pico_get_unique_board_id_string>
10004a34:	e7da      	b.n	100049ec <tud_descriptor_string_cb+0xc>
10004a36:	23ca      	movs	r3, #202	@ 0xca
10004a38:	4804      	ldr	r0, [pc, #16]	@ (10004a4c <tud_descriptor_string_cb+0x6c>)
10004a3a:	009b      	lsls	r3, r3, #2
10004a3c:	e7dd      	b.n	100049fa <tud_descriptor_string_cb+0x1a>
10004a3e:	2000      	movs	r0, #0
10004a40:	e7dc      	b.n	100049fc <tud_descriptor_string_cb+0x1c>
10004a42:	46c0      	nop			@ (mov r8, r8)
10004a44:	20001fd8 	.word	0x20001fd8
10004a48:	00000409 	.word	0x00000409
10004a4c:	20001ab8 	.word	0x20001ab8
10004a50:	1000734c 	.word	0x1000734c
10004a54:	20001aba 	.word	0x20001aba

10004a58 <_retrieve_unique_id_on_boot>:
10004a58:	b510      	push	{r4, lr}
10004a5a:	4802      	ldr	r0, [pc, #8]	@ (10004a64 <_retrieve_unique_id_on_boot+0xc>)
10004a5c:	f000 f8d8 	bl	10004c10 <flash_get_unique_id>
10004a60:	bd10      	pop	{r4, pc}
10004a62:	46c0      	nop			@ (mov r8, r8)
10004a64:	20001f68 	.word	0x20001f68

10004a68 <pico_get_unique_board_id_string>:
10004a68:	b530      	push	{r4, r5, lr}
10004a6a:	1e4b      	subs	r3, r1, #1
10004a6c:	2901      	cmp	r1, #1
10004a6e:	d100      	bne.n	10004a72 <pico_get_unique_board_id_string+0xa>
10004a70:	e0a7      	b.n	10004bc2 <pico_get_unique_board_id_string+0x15a>
10004a72:	4a66      	ldr	r2, [pc, #408]	@ (10004c0c <pico_get_unique_board_id_string+0x1a4>)
10004a74:	7811      	ldrb	r1, [r2, #0]
10004a76:	090d      	lsrs	r5, r1, #4
10004a78:	002c      	movs	r4, r5
10004a7a:	3430      	adds	r4, #48	@ 0x30
10004a7c:	299f      	cmp	r1, #159	@ 0x9f
10004a7e:	d900      	bls.n	10004a82 <pico_get_unique_board_id_string+0x1a>
10004a80:	e0a2      	b.n	10004bc8 <pico_get_unique_board_id_string+0x160>
10004a82:	7004      	strb	r4, [r0, #0]
10004a84:	2b01      	cmp	r3, #1
10004a86:	d100      	bne.n	10004a8a <pico_get_unique_board_id_string+0x22>
10004a88:	e0be      	b.n	10004c08 <pico_get_unique_board_id_string+0x1a0>
10004a8a:	210f      	movs	r1, #15
10004a8c:	7814      	ldrb	r4, [r2, #0]
10004a8e:	4021      	ands	r1, r4
10004a90:	000c      	movs	r4, r1
10004a92:	3430      	adds	r4, #48	@ 0x30
10004a94:	2909      	cmp	r1, #9
10004a96:	d900      	bls.n	10004a9a <pico_get_unique_board_id_string+0x32>
10004a98:	e098      	b.n	10004bcc <pico_get_unique_board_id_string+0x164>
10004a9a:	7044      	strb	r4, [r0, #1]
10004a9c:	2b02      	cmp	r3, #2
10004a9e:	d100      	bne.n	10004aa2 <pico_get_unique_board_id_string+0x3a>
10004aa0:	e0b2      	b.n	10004c08 <pico_get_unique_board_id_string+0x1a0>
10004aa2:	7854      	ldrb	r4, [r2, #1]
10004aa4:	0925      	lsrs	r5, r4, #4
10004aa6:	0029      	movs	r1, r5
10004aa8:	3130      	adds	r1, #48	@ 0x30
10004aaa:	2c9f      	cmp	r4, #159	@ 0x9f
10004aac:	d900      	bls.n	10004ab0 <pico_get_unique_board_id_string+0x48>
10004aae:	e090      	b.n	10004bd2 <pico_get_unique_board_id_string+0x16a>
10004ab0:	7081      	strb	r1, [r0, #2]
10004ab2:	2b03      	cmp	r3, #3
10004ab4:	d100      	bne.n	10004ab8 <pico_get_unique_board_id_string+0x50>
10004ab6:	e0a7      	b.n	10004c08 <pico_get_unique_board_id_string+0x1a0>
10004ab8:	210f      	movs	r1, #15
10004aba:	4021      	ands	r1, r4
10004abc:	000c      	movs	r4, r1
10004abe:	3430      	adds	r4, #48	@ 0x30
10004ac0:	2909      	cmp	r1, #9
10004ac2:	d900      	bls.n	10004ac6 <pico_get_unique_board_id_string+0x5e>
10004ac4:	e087      	b.n	10004bd6 <pico_get_unique_board_id_string+0x16e>
10004ac6:	70c4      	strb	r4, [r0, #3]
10004ac8:	2b04      	cmp	r3, #4
10004aca:	d100      	bne.n	10004ace <pico_get_unique_board_id_string+0x66>
10004acc:	e09c      	b.n	10004c08 <pico_get_unique_board_id_string+0x1a0>
10004ace:	7894      	ldrb	r4, [r2, #2]
10004ad0:	0925      	lsrs	r5, r4, #4
10004ad2:	0029      	movs	r1, r5
10004ad4:	3130      	adds	r1, #48	@ 0x30
10004ad6:	2c9f      	cmp	r4, #159	@ 0x9f
10004ad8:	d900      	bls.n	10004adc <pico_get_unique_board_id_string+0x74>
10004ada:	e07f      	b.n	10004bdc <pico_get_unique_board_id_string+0x174>
10004adc:	7101      	strb	r1, [r0, #4]
10004ade:	2b05      	cmp	r3, #5
10004ae0:	d100      	bne.n	10004ae4 <pico_get_unique_board_id_string+0x7c>
10004ae2:	e091      	b.n	10004c08 <pico_get_unique_board_id_string+0x1a0>
10004ae4:	210f      	movs	r1, #15
10004ae6:	4021      	ands	r1, r4
10004ae8:	000c      	movs	r4, r1
10004aea:	3430      	adds	r4, #48	@ 0x30
10004aec:	2909      	cmp	r1, #9
10004aee:	d900      	bls.n	10004af2 <pico_get_unique_board_id_string+0x8a>
10004af0:	e076      	b.n	10004be0 <pico_get_unique_board_id_string+0x178>
10004af2:	7144      	strb	r4, [r0, #5]
10004af4:	2b06      	cmp	r3, #6
10004af6:	d100      	bne.n	10004afa <pico_get_unique_board_id_string+0x92>
10004af8:	e086      	b.n	10004c08 <pico_get_unique_board_id_string+0x1a0>
10004afa:	78d4      	ldrb	r4, [r2, #3]
10004afc:	0925      	lsrs	r5, r4, #4
10004afe:	0029      	movs	r1, r5
10004b00:	3130      	adds	r1, #48	@ 0x30
10004b02:	2c9f      	cmp	r4, #159	@ 0x9f
10004b04:	d900      	bls.n	10004b08 <pico_get_unique_board_id_string+0xa0>
10004b06:	e06e      	b.n	10004be6 <pico_get_unique_board_id_string+0x17e>
10004b08:	7181      	strb	r1, [r0, #6]
10004b0a:	2b07      	cmp	r3, #7
10004b0c:	d100      	bne.n	10004b10 <pico_get_unique_board_id_string+0xa8>
10004b0e:	e07b      	b.n	10004c08 <pico_get_unique_board_id_string+0x1a0>
10004b10:	210f      	movs	r1, #15
10004b12:	4021      	ands	r1, r4
10004b14:	000c      	movs	r4, r1
10004b16:	3430      	adds	r4, #48	@ 0x30
10004b18:	2909      	cmp	r1, #9
10004b1a:	d866      	bhi.n	10004bea <pico_get_unique_board_id_string+0x182>
10004b1c:	71c4      	strb	r4, [r0, #7]
10004b1e:	2b08      	cmp	r3, #8
10004b20:	d100      	bne.n	10004b24 <pico_get_unique_board_id_string+0xbc>
10004b22:	e071      	b.n	10004c08 <pico_get_unique_board_id_string+0x1a0>
10004b24:	7914      	ldrb	r4, [r2, #4]
10004b26:	0925      	lsrs	r5, r4, #4
10004b28:	0029      	movs	r1, r5
10004b2a:	3130      	adds	r1, #48	@ 0x30
10004b2c:	2c9f      	cmp	r4, #159	@ 0x9f
10004b2e:	d85f      	bhi.n	10004bf0 <pico_get_unique_board_id_string+0x188>
10004b30:	7201      	strb	r1, [r0, #8]
10004b32:	2b09      	cmp	r3, #9
10004b34:	d068      	beq.n	10004c08 <pico_get_unique_board_id_string+0x1a0>
10004b36:	210f      	movs	r1, #15
10004b38:	4021      	ands	r1, r4
10004b3a:	000c      	movs	r4, r1
10004b3c:	3430      	adds	r4, #48	@ 0x30
10004b3e:	2909      	cmp	r1, #9
10004b40:	d858      	bhi.n	10004bf4 <pico_get_unique_board_id_string+0x18c>
10004b42:	7244      	strb	r4, [r0, #9]
10004b44:	2b0a      	cmp	r3, #10
10004b46:	d05f      	beq.n	10004c08 <pico_get_unique_board_id_string+0x1a0>
10004b48:	7954      	ldrb	r4, [r2, #5]
10004b4a:	0925      	lsrs	r5, r4, #4
10004b4c:	0029      	movs	r1, r5
10004b4e:	3130      	adds	r1, #48	@ 0x30
10004b50:	2c9f      	cmp	r4, #159	@ 0x9f
10004b52:	d852      	bhi.n	10004bfa <pico_get_unique_board_id_string+0x192>
10004b54:	7281      	strb	r1, [r0, #10]
10004b56:	2b0b      	cmp	r3, #11
10004b58:	d056      	beq.n	10004c08 <pico_get_unique_board_id_string+0x1a0>
10004b5a:	210f      	movs	r1, #15
10004b5c:	4021      	ands	r1, r4
10004b5e:	000c      	movs	r4, r1
10004b60:	3430      	adds	r4, #48	@ 0x30
10004b62:	2909      	cmp	r1, #9
10004b64:	d84b      	bhi.n	10004bfe <pico_get_unique_board_id_string+0x196>
10004b66:	72c4      	strb	r4, [r0, #11]
10004b68:	2b0c      	cmp	r3, #12
10004b6a:	d04d      	beq.n	10004c08 <pico_get_unique_board_id_string+0x1a0>
10004b6c:	7994      	ldrb	r4, [r2, #6]
10004b6e:	0925      	lsrs	r5, r4, #4
10004b70:	0029      	movs	r1, r5
10004b72:	3130      	adds	r1, #48	@ 0x30
10004b74:	2c9f      	cmp	r4, #159	@ 0x9f
10004b76:	d900      	bls.n	10004b7a <pico_get_unique_board_id_string+0x112>
10004b78:	3107      	adds	r1, #7
10004b7a:	7301      	strb	r1, [r0, #12]
10004b7c:	2b0d      	cmp	r3, #13
10004b7e:	d043      	beq.n	10004c08 <pico_get_unique_board_id_string+0x1a0>
10004b80:	210f      	movs	r1, #15
10004b82:	4021      	ands	r1, r4
10004b84:	000c      	movs	r4, r1
10004b86:	3430      	adds	r4, #48	@ 0x30
10004b88:	2909      	cmp	r1, #9
10004b8a:	d901      	bls.n	10004b90 <pico_get_unique_board_id_string+0x128>
10004b8c:	3137      	adds	r1, #55	@ 0x37
10004b8e:	000c      	movs	r4, r1
10004b90:	7344      	strb	r4, [r0, #13]
10004b92:	2b0e      	cmp	r3, #14
10004b94:	d038      	beq.n	10004c08 <pico_get_unique_board_id_string+0x1a0>
10004b96:	79d1      	ldrb	r1, [r2, #7]
10004b98:	090c      	lsrs	r4, r1, #4
10004b9a:	0022      	movs	r2, r4
10004b9c:	3230      	adds	r2, #48	@ 0x30
10004b9e:	299f      	cmp	r1, #159	@ 0x9f
10004ba0:	d900      	bls.n	10004ba4 <pico_get_unique_board_id_string+0x13c>
10004ba2:	3207      	adds	r2, #7
10004ba4:	7382      	strb	r2, [r0, #14]
10004ba6:	2b0f      	cmp	r3, #15
10004ba8:	d02e      	beq.n	10004c08 <pico_get_unique_board_id_string+0x1a0>
10004baa:	220f      	movs	r2, #15
10004bac:	400a      	ands	r2, r1
10004bae:	0011      	movs	r1, r2
10004bb0:	3137      	adds	r1, #55	@ 0x37
10004bb2:	2a09      	cmp	r2, #9
10004bb4:	d801      	bhi.n	10004bba <pico_get_unique_board_id_string+0x152>
10004bb6:	3230      	adds	r2, #48	@ 0x30
10004bb8:	0011      	movs	r1, r2
10004bba:	73c1      	strb	r1, [r0, #15]
10004bbc:	2b10      	cmp	r3, #16
10004bbe:	d023      	beq.n	10004c08 <pico_get_unique_board_id_string+0x1a0>
10004bc0:	3010      	adds	r0, #16
10004bc2:	2300      	movs	r3, #0
10004bc4:	7003      	strb	r3, [r0, #0]
10004bc6:	bd30      	pop	{r4, r5, pc}
10004bc8:	3407      	adds	r4, #7
10004bca:	e75a      	b.n	10004a82 <pico_get_unique_board_id_string+0x1a>
10004bcc:	3137      	adds	r1, #55	@ 0x37
10004bce:	000c      	movs	r4, r1
10004bd0:	e763      	b.n	10004a9a <pico_get_unique_board_id_string+0x32>
10004bd2:	3107      	adds	r1, #7
10004bd4:	e76c      	b.n	10004ab0 <pico_get_unique_board_id_string+0x48>
10004bd6:	3137      	adds	r1, #55	@ 0x37
10004bd8:	000c      	movs	r4, r1
10004bda:	e774      	b.n	10004ac6 <pico_get_unique_board_id_string+0x5e>
10004bdc:	3107      	adds	r1, #7
10004bde:	e77d      	b.n	10004adc <pico_get_unique_board_id_string+0x74>
10004be0:	3137      	adds	r1, #55	@ 0x37
10004be2:	000c      	movs	r4, r1
10004be4:	e785      	b.n	10004af2 <pico_get_unique_board_id_string+0x8a>
10004be6:	3107      	adds	r1, #7
10004be8:	e78e      	b.n	10004b08 <pico_get_unique_board_id_string+0xa0>
10004bea:	3137      	adds	r1, #55	@ 0x37
10004bec:	000c      	movs	r4, r1
10004bee:	e795      	b.n	10004b1c <pico_get_unique_board_id_string+0xb4>
10004bf0:	3107      	adds	r1, #7
10004bf2:	e79d      	b.n	10004b30 <pico_get_unique_board_id_string+0xc8>
10004bf4:	3137      	adds	r1, #55	@ 0x37
10004bf6:	000c      	movs	r4, r1
10004bf8:	e7a3      	b.n	10004b42 <pico_get_unique_board_id_string+0xda>
10004bfa:	3107      	adds	r1, #7
10004bfc:	e7aa      	b.n	10004b54 <pico_get_unique_board_id_string+0xec>
10004bfe:	3137      	adds	r1, #55	@ 0x37
10004c00:	000c      	movs	r4, r1
10004c02:	72c4      	strb	r4, [r0, #11]
10004c04:	2b0c      	cmp	r3, #12
10004c06:	d1b1      	bne.n	10004b6c <pico_get_unique_board_id_string+0x104>
10004c08:	18c0      	adds	r0, r0, r3
10004c0a:	e7da      	b.n	10004bc2 <pico_get_unique_board_id_string+0x15a>
10004c0c:	20001f68 	.word	0x20001f68

10004c10 <flash_get_unique_id>:
10004c10:	b510      	push	{r4, lr}
10004c12:	b088      	sub	sp, #32
10004c14:	0004      	movs	r4, r0
10004c16:	220d      	movs	r2, #13
10004c18:	2100      	movs	r1, #0
10004c1a:	4668      	mov	r0, sp
10004c1c:	f7fd fda6 	bl	1000276c <__wrap_memset>
10004c20:	220d      	movs	r2, #13
10004c22:	2100      	movs	r1, #0
10004c24:	a804      	add	r0, sp, #16
10004c26:	f7fd fda1 	bl	1000276c <__wrap_memset>
10004c2a:	234b      	movs	r3, #75	@ 0x4b
10004c2c:	466a      	mov	r2, sp
10004c2e:	4668      	mov	r0, sp
10004c30:	7013      	strb	r3, [r2, #0]
10004c32:	a904      	add	r1, sp, #16
10004c34:	220d      	movs	r2, #13
10004c36:	f002 f863 	bl	10006d00 <__flash_do_cmd_veneer>
10004c3a:	2115      	movs	r1, #21
10004c3c:	2208      	movs	r2, #8
10004c3e:	0020      	movs	r0, r4
10004c40:	4469      	add	r1, sp
10004c42:	f7fd fd99 	bl	10002778 <__wrap___aeabi_memcpy>
10004c46:	b008      	add	sp, #32
10004c48:	bd10      	pop	{r4, pc}
10004c4a:	46c0      	nop			@ (mov r8, r8)

10004c4c <dcd_init>:
10004c4c:	b5f8      	push	{r3, r4, r5, r6, r7, lr}
10004c4e:	f000 f947 	bl	10004ee0 <rp2040_usb_init>
10004c52:	230c      	movs	r3, #12
10004c54:	4d19      	ldr	r5, [pc, #100]	@ (10004cbc <dcd_init+0x70>)
10004c56:	22ff      	movs	r2, #255	@ 0xff
10004c58:	67ab      	str	r3, [r5, #120]	@ 0x78
10004c5a:	2005      	movs	r0, #5
10004c5c:	4918      	ldr	r1, [pc, #96]	@ (10004cc0 <dcd_init+0x74>)
10004c5e:	f7fb fe93 	bl	10000988 <irq_add_shared_handler>
10004c62:	4c18      	ldr	r4, [pc, #96]	@ (10004cc4 <dcd_init+0x78>)
10004c64:	2240      	movs	r2, #64	@ 0x40
10004c66:	2100      	movs	r1, #0
10004c68:	0020      	movs	r0, r4
10004c6a:	f7fd fd7f 	bl	1000276c <__wrap_memset>
10004c6e:	2740      	movs	r7, #64	@ 0x40
10004c70:	2300      	movs	r3, #0
10004c72:	2601      	movs	r6, #1
10004c74:	2121      	movs	r1, #33	@ 0x21
10004c76:	4a14      	ldr	r2, [pc, #80]	@ (10004cc8 <dcd_init+0x7c>)
10004c78:	7066      	strb	r6, [r4, #1]
10004c7a:	8327      	strh	r7, [r4, #24]
10004c7c:	60a2      	str	r2, [r4, #8]
10004c7e:	6013      	str	r3, [r2, #0]
10004c80:	5463      	strb	r3, [r4, r1]
10004c82:	315f      	adds	r1, #95	@ 0x5f
10004c84:	8461      	strh	r1, [r4, #34]	@ 0x22
10004c86:	3945      	subs	r1, #69	@ 0x45
10004c88:	5463      	strb	r3, [r4, r1]
10004c8a:	4a10      	ldr	r2, [pc, #64]	@ (10004ccc <dcd_init+0x80>)
10004c8c:	4910      	ldr	r1, [pc, #64]	@ (10004cd0 <dcd_init+0x84>)
10004c8e:	6063      	str	r3, [r4, #4]
10004c90:	60e2      	str	r2, [r4, #12]
10004c92:	8727      	strh	r7, [r4, #56]	@ 0x38
10004c94:	62a1      	str	r1, [r4, #40]	@ 0x28
10004c96:	600b      	str	r3, [r1, #0]
10004c98:	6263      	str	r3, [r4, #36]	@ 0x24
10004c9a:	62e2      	str	r2, [r4, #44]	@ 0x2c
10004c9c:	f002 f868 	bl	10006d70 <__reset_non_control_endpoints_veneer>
10004ca0:	2380      	movs	r3, #128	@ 0x80
10004ca2:	059b      	lsls	r3, r3, #22
10004ca4:	642e      	str	r6, [r5, #64]	@ 0x40
10004ca6:	64eb      	str	r3, [r5, #76]	@ 0x4c
10004ca8:	2390      	movs	r3, #144	@ 0x90
10004caa:	4a0a      	ldr	r2, [pc, #40]	@ (10004cd4 <dcd_init+0x88>)
10004cac:	2001      	movs	r0, #1
10004cae:	50ea      	str	r2, [r5, r3]
10004cb0:	2280      	movs	r2, #128	@ 0x80
10004cb2:	4b09      	ldr	r3, [pc, #36]	@ (10004cd8 <dcd_init+0x8c>)
10004cb4:	0252      	lsls	r2, r2, #9
10004cb6:	64da      	str	r2, [r3, #76]	@ 0x4c
10004cb8:	bdf8      	pop	{r3, r4, r5, r6, r7, pc}
10004cba:	46c0      	nop			@ (mov r8, r8)
10004cbc:	50110000 	.word	0x50110000
10004cc0:	200004f9 	.word	0x200004f9
10004cc4:	20001aec 	.word	0x20001aec
10004cc8:	50100084 	.word	0x50100084
10004ccc:	50100100 	.word	0x50100100
10004cd0:	50100080 	.word	0x50100080
10004cd4:	0001d010 	.word	0x0001d010
10004cd8:	50112000 	.word	0x50112000

10004cdc <dcd_int_enable>:
10004cdc:	b510      	push	{r4, lr}
10004cde:	2101      	movs	r1, #1
10004ce0:	2005      	movs	r0, #5
10004ce2:	f7fb fdef 	bl	100008c4 <irq_set_enabled>
10004ce6:	bd10      	pop	{r4, pc}

10004ce8 <dcd_set_address>:
10004ce8:	b510      	push	{r4, lr}
10004cea:	2200      	movs	r2, #0
10004cec:	2100      	movs	r1, #0
10004cee:	4802      	ldr	r0, [pc, #8]	@ (10004cf8 <dcd_set_address+0x10>)
10004cf0:	f000 f916 	bl	10004f20 <hw_endpoint_xfer_start>
10004cf4:	bd10      	pop	{r4, pc}
10004cf6:	46c0      	nop			@ (mov r8, r8)
10004cf8:	20001b0c 	.word	0x20001b0c

10004cfc <dcd_sof_enable>:
10004cfc:	4b04      	ldr	r3, [pc, #16]	@ (10004d10 <dcd_sof_enable+0x14>)
10004cfe:	7019      	strb	r1, [r3, #0]
10004d00:	2900      	cmp	r1, #0
10004d02:	d004      	beq.n	10004d0e <dcd_sof_enable+0x12>
10004d04:	2180      	movs	r1, #128	@ 0x80
10004d06:	2390      	movs	r3, #144	@ 0x90
10004d08:	4a02      	ldr	r2, [pc, #8]	@ (10004d14 <dcd_sof_enable+0x18>)
10004d0a:	0289      	lsls	r1, r1, #10
10004d0c:	50d1      	str	r1, [r2, r3]
10004d0e:	4770      	bx	lr
10004d10:	20001fea 	.word	0x20001fea
10004d14:	50112000 	.word	0x50112000

10004d18 <dcd_edpt0_status_complete>:
10004d18:	780b      	ldrb	r3, [r1, #0]
10004d1a:	065b      	lsls	r3, r3, #25
10004d1c:	d102      	bne.n	10004d24 <dcd_edpt0_status_complete+0xc>
10004d1e:	784b      	ldrb	r3, [r1, #1]
10004d20:	2b05      	cmp	r3, #5
10004d22:	d000      	beq.n	10004d26 <dcd_edpt0_status_complete+0xe>
10004d24:	4770      	bx	lr
10004d26:	788a      	ldrb	r2, [r1, #2]
10004d28:	4b01      	ldr	r3, [pc, #4]	@ (10004d30 <dcd_edpt0_status_complete+0x18>)
10004d2a:	601a      	str	r2, [r3, #0]
10004d2c:	e7fa      	b.n	10004d24 <dcd_edpt0_status_complete+0xc>
10004d2e:	46c0      	nop			@ (mov r8, r8)
10004d30:	50110000 	.word	0x50110000

10004d34 <dcd_edpt_open>:
10004d34:	b5f0      	push	{r4, r5, r6, r7, lr}
10004d36:	46c6      	mov	lr, r8
10004d38:	78c8      	ldrb	r0, [r1, #3]
10004d3a:	b500      	push	{lr}
10004d3c:	0780      	lsls	r0, r0, #30
10004d3e:	0f83      	lsrs	r3, r0, #30
10004d40:	0018      	movs	r0, r3
10004d42:	2b01      	cmp	r3, #1
10004d44:	d060      	beq.n	10004e08 <dcd_edpt_open+0xd4>
10004d46:	788f      	ldrb	r7, [r1, #2]
10004d48:	790a      	ldrb	r2, [r1, #4]
10004d4a:	794b      	ldrb	r3, [r1, #5]
10004d4c:	217f      	movs	r1, #127	@ 0x7f
10004d4e:	4039      	ands	r1, r7
10004d50:	09fc      	lsrs	r4, r7, #7
10004d52:	021b      	lsls	r3, r3, #8
10004d54:	004e      	lsls	r6, r1, #1
10004d56:	4313      	orrs	r3, r2
10004d58:	4d33      	ldr	r5, [pc, #204]	@ (10004e28 <dcd_edpt_open+0xf4>)
10004d5a:	1932      	adds	r2, r6, r4
10004d5c:	0152      	lsls	r2, r2, #5
10004d5e:	18aa      	adds	r2, r5, r2
10004d60:	7097      	strb	r7, [r2, #2]
10004d62:	2701      	movs	r7, #1
10004d64:	4067      	eors	r7, r4
10004d66:	7057      	strb	r7, [r2, #1]
10004d68:	2700      	movs	r7, #0
10004d6a:	055b      	lsls	r3, r3, #21
10004d6c:	0d5b      	lsrs	r3, r3, #21
10004d6e:	70d7      	strb	r7, [r2, #3]
10004d70:	8313      	strh	r3, [r2, #24]
10004d72:	76d0      	strb	r0, [r2, #27]
10004d74:	46b8      	mov	r8, r7
10004d76:	00ca      	lsls	r2, r1, #3
10004d78:	2c01      	cmp	r4, #1
10004d7a:	d032      	beq.n	10004de2 <dcd_edpt_open+0xae>
10004d7c:	4f2b      	ldr	r7, [pc, #172]	@ (10004e2c <dcd_edpt_open+0xf8>)
10004d7e:	46bc      	mov	ip, r7
10004d80:	018f      	lsls	r7, r1, #6
10004d82:	4462      	add	r2, ip
10004d84:	46bc      	mov	ip, r7
10004d86:	44ac      	add	ip, r5
10004d88:	4667      	mov	r7, ip
10004d8a:	60ba      	str	r2, [r7, #8]
10004d8c:	4647      	mov	r7, r8
10004d8e:	6017      	str	r7, [r2, #0]
10004d90:	2900      	cmp	r1, #0
10004d92:	d032      	beq.n	10004dfa <dcd_edpt_open+0xc6>
10004d94:	4a26      	ldr	r2, [pc, #152]	@ (10004e30 <dcd_edpt_open+0xfc>)
10004d96:	00c9      	lsls	r1, r1, #3
10004d98:	4690      	mov	r8, r2
10004d9a:	4662      	mov	r2, ip
10004d9c:	4441      	add	r1, r8
10004d9e:	6051      	str	r1, [r2, #4]
10004da0:	223f      	movs	r2, #63	@ 0x3f
10004da2:	333f      	adds	r3, #63	@ 0x3f
10004da4:	4393      	bics	r3, r2
10004da6:	2802      	cmp	r0, #2
10004da8:	d037      	beq.n	10004e1a <dcd_edpt_open+0xe6>
10004daa:	4922      	ldr	r1, [pc, #136]	@ (10004e34 <dcd_edpt_open+0x100>)
10004dac:	1937      	adds	r7, r6, r4
10004dae:	680a      	ldr	r2, [r1, #0]
10004db0:	017f      	lsls	r7, r7, #5
10004db2:	18d3      	adds	r3, r2, r3
10004db4:	600b      	str	r3, [r1, #0]
10004db6:	4920      	ldr	r1, [pc, #128]	@ (10004e38 <dcd_edpt_open+0x104>)
10004db8:	19ef      	adds	r7, r5, r7
10004dba:	60fa      	str	r2, [r7, #12]
10004dbc:	428b      	cmp	r3, r1
10004dbe:	d82e      	bhi.n	10004e1e <dcd_edpt_open+0xea>
10004dc0:	1936      	adds	r6, r6, r4
10004dc2:	0176      	lsls	r6, r6, #5
10004dc4:	19ad      	adds	r5, r5, r6
10004dc6:	7eeb      	ldrb	r3, [r5, #27]
10004dc8:	491c      	ldr	r1, [pc, #112]	@ (10004e3c <dcd_edpt_open+0x108>)
10004dca:	069b      	lsls	r3, r3, #26
10004dcc:	404a      	eors	r2, r1
10004dce:	4313      	orrs	r3, r2
10004dd0:	2280      	movs	r2, #128	@ 0x80
10004dd2:	0612      	lsls	r2, r2, #24
10004dd4:	4313      	orrs	r3, r2
10004dd6:	686a      	ldr	r2, [r5, #4]
10004dd8:	6013      	str	r3, [r2, #0]
10004dda:	2001      	movs	r0, #1
10004ddc:	bc80      	pop	{r7}
10004dde:	46b8      	mov	r8, r7
10004de0:	bdf0      	pop	{r4, r5, r6, r7, pc}
10004de2:	4f17      	ldr	r7, [pc, #92]	@ (10004e40 <dcd_edpt_open+0x10c>)
10004de4:	46bc      	mov	ip, r7
10004de6:	018f      	lsls	r7, r1, #6
10004de8:	4462      	add	r2, ip
10004dea:	46bc      	mov	ip, r7
10004dec:	44ac      	add	ip, r5
10004dee:	4667      	mov	r7, ip
10004df0:	62ba      	str	r2, [r7, #40]	@ 0x28
10004df2:	4647      	mov	r7, r8
10004df4:	6017      	str	r7, [r2, #0]
10004df6:	2900      	cmp	r1, #0
10004df8:	d108      	bne.n	10004e0c <dcd_edpt_open+0xd8>
10004dfa:	2300      	movs	r3, #0
10004dfc:	0164      	lsls	r4, r4, #5
10004dfe:	192c      	adds	r4, r5, r4
10004e00:	6063      	str	r3, [r4, #4]
10004e02:	4b10      	ldr	r3, [pc, #64]	@ (10004e44 <dcd_edpt_open+0x110>)
10004e04:	60e3      	str	r3, [r4, #12]
10004e06:	e7e8      	b.n	10004dda <dcd_edpt_open+0xa6>
10004e08:	2000      	movs	r0, #0
10004e0a:	e7e7      	b.n	10004ddc <dcd_edpt_open+0xa8>
10004e0c:	4a0b      	ldr	r2, [pc, #44]	@ (10004e3c <dcd_edpt_open+0x108>)
10004e0e:	00c9      	lsls	r1, r1, #3
10004e10:	4690      	mov	r8, r2
10004e12:	4662      	mov	r2, ip
10004e14:	4441      	add	r1, r8
10004e16:	6251      	str	r1, [r2, #36]	@ 0x24
10004e18:	e7c2      	b.n	10004da0 <dcd_edpt_open+0x6c>
10004e1a:	005b      	lsls	r3, r3, #1
10004e1c:	e7c5      	b.n	10004daa <dcd_edpt_open+0x76>
10004e1e:	f7fc fd11 	bl	10001844 <hard_assertion_failure>
10004e22:	68fa      	ldr	r2, [r7, #12]
10004e24:	e7cc      	b.n	10004dc0 <dcd_edpt_open+0x8c>
10004e26:	46c0      	nop			@ (mov r8, r8)
10004e28:	20001aec 	.word	0x20001aec
10004e2c:	50100084 	.word	0x50100084
10004e30:	50100004 	.word	0x50100004
10004e34:	20001f34 	.word	0x20001f34
10004e38:	50100fff 	.word	0x50100fff
10004e3c:	50100000 	.word	0x50100000
10004e40:	50100080 	.word	0x50100080
10004e44:	50100100 	.word	0x50100100

10004e48 <dcd_edpt_close_all>:
10004e48:	b510      	push	{r4, lr}
10004e4a:	f001 ff91 	bl	10006d70 <__reset_non_control_endpoints_veneer>
10004e4e:	bd10      	pop	{r4, pc}

10004e50 <dcd_edpt_xfer>:
10004e50:	b510      	push	{r4, lr}
10004e52:	207f      	movs	r0, #127	@ 0x7f
10004e54:	000c      	movs	r4, r1
10004e56:	4020      	ands	r0, r4
10004e58:	0040      	lsls	r0, r0, #1
10004e5a:	09e4      	lsrs	r4, r4, #7
10004e5c:	0011      	movs	r1, r2
10004e5e:	1900      	adds	r0, r0, r4
10004e60:	001a      	movs	r2, r3
10004e62:	4b03      	ldr	r3, [pc, #12]	@ (10004e70 <dcd_edpt_xfer+0x20>)
10004e64:	0140      	lsls	r0, r0, #5
10004e66:	18c0      	adds	r0, r0, r3
10004e68:	f000 f85a 	bl	10004f20 <hw_endpoint_xfer_start>
10004e6c:	2001      	movs	r0, #1
10004e6e:	bd10      	pop	{r4, pc}
10004e70:	20001aec 	.word	0x20001aec

10004e74 <dcd_edpt_stall>:
10004e74:	237f      	movs	r3, #127	@ 0x7f
10004e76:	0018      	movs	r0, r3
10004e78:	b500      	push	{lr}
10004e7a:	4008      	ands	r0, r1
10004e7c:	b083      	sub	sp, #12
10004e7e:	420b      	tst	r3, r1
10004e80:	d104      	bne.n	10004e8c <dcd_edpt_stall+0x18>
10004e82:	424b      	negs	r3, r1
10004e84:	414b      	adcs	r3, r1
10004e86:	4a08      	ldr	r2, [pc, #32]	@ (10004ea8 <dcd_edpt_stall+0x34>)
10004e88:	3301      	adds	r3, #1
10004e8a:	6693      	str	r3, [r2, #104]	@ 0x68
10004e8c:	2280      	movs	r2, #128	@ 0x80
10004e8e:	09c9      	lsrs	r1, r1, #7
10004e90:	0040      	lsls	r0, r0, #1
10004e92:	4b06      	ldr	r3, [pc, #24]	@ (10004eac <dcd_edpt_stall+0x38>)
10004e94:	1840      	adds	r0, r0, r1
10004e96:	0140      	lsls	r0, r0, #5
10004e98:	2100      	movs	r1, #0
10004e9a:	18c0      	adds	r0, r0, r3
10004e9c:	0112      	lsls	r2, r2, #4
10004e9e:	f001 ff87 	bl	10006db0 <___hw_endpoint_buffer_control_update32_veneer>
10004ea2:	b003      	add	sp, #12
10004ea4:	bd00      	pop	{pc}
10004ea6:	46c0      	nop			@ (mov r8, r8)
10004ea8:	50112000 	.word	0x50112000
10004eac:	20001aec 	.word	0x20001aec

10004eb0 <dcd_edpt_clear_stall>:
10004eb0:	227f      	movs	r2, #127	@ 0x7f
10004eb2:	0013      	movs	r3, r2
10004eb4:	b510      	push	{r4, lr}
10004eb6:	400b      	ands	r3, r1
10004eb8:	420a      	tst	r2, r1
10004eba:	d100      	bne.n	10004ebe <dcd_edpt_clear_stall+0xe>
10004ebc:	bd10      	pop	{r4, pc}
10004ebe:	09c9      	lsrs	r1, r1, #7
10004ec0:	005b      	lsls	r3, r3, #1
10004ec2:	185b      	adds	r3, r3, r1
10004ec4:	4804      	ldr	r0, [pc, #16]	@ (10004ed8 <dcd_edpt_clear_stall+0x28>)
10004ec6:	015b      	lsls	r3, r3, #5
10004ec8:	18c0      	adds	r0, r0, r3
10004eca:	2300      	movs	r3, #0
10004ecc:	2200      	movs	r2, #0
10004ece:	4903      	ldr	r1, [pc, #12]	@ (10004edc <dcd_edpt_clear_stall+0x2c>)
10004ed0:	70c3      	strb	r3, [r0, #3]
10004ed2:	f001 ff6d 	bl	10006db0 <___hw_endpoint_buffer_control_update32_veneer>
10004ed6:	e7f1      	b.n	10004ebc <dcd_edpt_clear_stall+0xc>
10004ed8:	20001aec 	.word	0x20001aec
10004edc:	fffff7ff 	.word	0xfffff7ff

10004ee0 <rp2040_usb_init>:
10004ee0:	2280      	movs	r2, #128	@ 0x80
10004ee2:	4b0a      	ldr	r3, [pc, #40]	@ (10004f0c <rp2040_usb_init+0x2c>)
10004ee4:	0452      	lsls	r2, r2, #17
10004ee6:	b510      	push	{r4, lr}
10004ee8:	601a      	str	r2, [r3, #0]
10004eea:	4b09      	ldr	r3, [pc, #36]	@ (10004f10 <rp2040_usb_init+0x30>)
10004eec:	4909      	ldr	r1, [pc, #36]	@ (10004f14 <rp2040_usb_init+0x34>)
10004eee:	601a      	str	r2, [r3, #0]
10004ef0:	0010      	movs	r0, r2
10004ef2:	680b      	ldr	r3, [r1, #0]
10004ef4:	4398      	bics	r0, r3
10004ef6:	d1fb      	bne.n	10004ef0 <rp2040_usb_init+0x10>
10004ef8:	2280      	movs	r2, #128	@ 0x80
10004efa:	2100      	movs	r1, #0
10004efc:	0152      	lsls	r2, r2, #5
10004efe:	4806      	ldr	r0, [pc, #24]	@ (10004f18 <rp2040_usb_init+0x38>)
10004f00:	f7fd fc34 	bl	1000276c <__wrap_memset>
10004f04:	2209      	movs	r2, #9
10004f06:	4b05      	ldr	r3, [pc, #20]	@ (10004f1c <rp2040_usb_init+0x3c>)
10004f08:	675a      	str	r2, [r3, #116]	@ 0x74
10004f0a:	bd10      	pop	{r4, pc}
10004f0c:	4000e000 	.word	0x4000e000
10004f10:	4000f000 	.word	0x4000f000
10004f14:	4000c008 	.word	0x4000c008
10004f18:	50100000 	.word	0x50100000
10004f1c:	50110000 	.word	0x50110000

10004f20 <hw_endpoint_xfer_start>:
10004f20:	2300      	movs	r3, #0
10004f22:	b510      	push	{r4, lr}
10004f24:	82c3      	strh	r3, [r0, #22]
10004f26:	3301      	adds	r3, #1
10004f28:	8282      	strh	r2, [r0, #20]
10004f2a:	7683      	strb	r3, [r0, #26]
10004f2c:	6101      	str	r1, [r0, #16]
10004f2e:	0004      	movs	r4, r0
10004f30:	f001 ff26 	bl	10006d80 <__e15_is_bulkin_ep_veneer>
10004f34:	2800      	cmp	r0, #0
10004f36:	d004      	beq.n	10004f42 <hw_endpoint_xfer_start+0x22>
10004f38:	2180      	movs	r1, #128	@ 0x80
10004f3a:	2390      	movs	r3, #144	@ 0x90
10004f3c:	4a07      	ldr	r2, [pc, #28]	@ (10004f5c <hw_endpoint_xfer_start+0x3c>)
10004f3e:	0289      	lsls	r1, r1, #10
10004f40:	50d1      	str	r1, [r2, r3]
10004f42:	0020      	movs	r0, r4
10004f44:	f001 fef4 	bl	10006d30 <__e15_is_critical_frame_period_veneer>
10004f48:	2800      	cmp	r0, #0
10004f4a:	d002      	beq.n	10004f52 <hw_endpoint_xfer_start+0x32>
10004f4c:	2301      	movs	r3, #1
10004f4e:	7723      	strb	r3, [r4, #28]
10004f50:	bd10      	pop	{r4, pc}
10004f52:	0020      	movs	r0, r4
10004f54:	f001 ff24 	bl	10006da0 <__hw_endpoint_start_next_buffer_veneer>
10004f58:	e7fa      	b.n	10004f50 <hw_endpoint_xfer_start+0x30>
10004f5a:	46c0      	nop			@ (mov r8, r8)
10004f5c:	50112000 	.word	0x50112000

10004f60 <tud_event_hook_cb>:
10004f60:	4770      	bx	lr
10004f62:	46c0      	nop			@ (mov r8, r8)

10004f64 <tud_sof_cb>:
10004f64:	4770      	bx	lr
10004f66:	46c0      	nop			@ (mov r8, r8)

10004f68 <tud_descriptor_device_qualifier_cb>:
10004f68:	2000      	movs	r0, #0
10004f6a:	4770      	bx	lr

10004f6c <tud_descriptor_other_speed_configuration_cb>:
10004f6c:	2000      	movs	r0, #0
10004f6e:	4770      	bx	lr

10004f70 <tud_mount_cb>:
10004f70:	4770      	bx	lr
10004f72:	46c0      	nop			@ (mov r8, r8)

10004f74 <tud_umount_cb>:
10004f74:	4770      	bx	lr
10004f76:	46c0      	nop			@ (mov r8, r8)

10004f78 <tud_suspend_cb>:
10004f78:	4770      	bx	lr
10004f7a:	46c0      	nop			@ (mov r8, r8)

10004f7c <tud_resume_cb>:
10004f7c:	4770      	bx	lr
10004f7e:	46c0      	nop			@ (mov r8, r8)

10004f80 <tud_mounted>:
10004f80:	4b02      	ldr	r3, [pc, #8]	@ (10004f8c <tud_mounted+0xc>)
10004f82:	7858      	ldrb	r0, [r3, #1]
10004f84:	1e43      	subs	r3, r0, #1
10004f86:	4198      	sbcs	r0, r3
10004f88:	b2c0      	uxtb	r0, r0
10004f8a:	4770      	bx	lr
10004f8c:	20001598 	.word	0x20001598

10004f90 <tud_suspended>:
10004f90:	4b02      	ldr	r3, [pc, #8]	@ (10004f9c <tud_suspended+0xc>)
10004f92:	7818      	ldrb	r0, [r3, #0]
10004f94:	0740      	lsls	r0, r0, #29
10004f96:	0fc0      	lsrs	r0, r0, #31
10004f98:	4770      	bx	lr
10004f9a:	46c0      	nop			@ (mov r8, r8)
10004f9c:	20001598 	.word	0x20001598

10004fa0 <tud_rhport_init>:
10004fa0:	b5f0      	push	{r4, r5, r6, r7, lr}
10004fa2:	46d6      	mov	lr, sl
10004fa4:	464f      	mov	r7, r9
10004fa6:	4646      	mov	r6, r8
10004fa8:	b5c0      	push	{r6, r7, lr}
10004faa:	4b2f      	ldr	r3, [pc, #188]	@ (10005068 <tud_rhport_init+0xc8>)
10004fac:	0007      	movs	r7, r0
10004fae:	469a      	mov	sl, r3
10004fb0:	781b      	ldrb	r3, [r3, #0]
10004fb2:	000e      	movs	r6, r1
10004fb4:	2bff      	cmp	r3, #255	@ 0xff
10004fb6:	d150      	bne.n	1000505a <tud_rhport_init+0xba>
10004fb8:	2900      	cmp	r1, #0
10004fba:	d041      	beq.n	10005040 <tud_rhport_init+0xa0>
10004fbc:	2100      	movs	r1, #0
10004fbe:	2254      	movs	r2, #84	@ 0x54
10004fc0:	482a      	ldr	r0, [pc, #168]	@ (1000506c <tud_rhport_init+0xcc>)
10004fc2:	f7fd fbd3 	bl	1000276c <__wrap_memset>
10004fc6:	2200      	movs	r2, #0
10004fc8:	4c29      	ldr	r4, [pc, #164]	@ (10005070 <tud_rhport_init+0xd0>)
10004fca:	4b2a      	ldr	r3, [pc, #168]	@ (10005074 <tud_rhport_init+0xd4>)
10004fcc:	0020      	movs	r0, r4
10004fce:	701a      	strb	r2, [r3, #0]
10004fd0:	f7fb fe74 	bl	10000cbc <mutex_init>
10004fd4:	4b28      	ldr	r3, [pc, #160]	@ (10005078 <tud_rhport_init+0xd8>)
10004fd6:	601c      	str	r4, [r3, #0]
10004fd8:	4c28      	ldr	r4, [pc, #160]	@ (1000507c <tud_rhport_init+0xdc>)
10004fda:	0020      	movs	r0, r4
10004fdc:	3c14      	subs	r4, #20
10004fde:	f7fb fe7b 	bl	10000cd8 <critical_section_init>
10004fe2:	0020      	movs	r0, r4
10004fe4:	f001 fdfa 	bl	10006bdc <tu_fifo_clear>
10004fe8:	4b25      	ldr	r3, [pc, #148]	@ (10005080 <tud_rhport_init+0xe0>)
10004fea:	4d26      	ldr	r5, [pc, #152]	@ (10005084 <tud_rhport_init+0xe4>)
10004fec:	601c      	str	r4, [r3, #0]
10004fee:	4b26      	ldr	r3, [pc, #152]	@ (10005088 <tud_rhport_init+0xe8>)
10004ff0:	2b00      	cmp	r3, #0
10004ff2:	d004      	beq.n	10004ffe <tud_rhport_init+0x5e>
10004ff4:	0028      	movs	r0, r5
10004ff6:	f7ff fac7 	bl	10004588 <usbd_app_driver_get_cb>
10004ffa:	4b24      	ldr	r3, [pc, #144]	@ (1000508c <tud_rhport_init+0xec>)
10004ffc:	6018      	str	r0, [r3, #0]
10004ffe:	4924      	ldr	r1, [pc, #144]	@ (10005090 <tud_rhport_init+0xf0>)
10005000:	2400      	movs	r4, #0
10005002:	4689      	mov	r9, r1
10005004:	4921      	ldr	r1, [pc, #132]	@ (1000508c <tud_rhport_init+0xec>)
10005006:	2300      	movs	r3, #0
10005008:	4688      	mov	r8, r1
1000500a:	782a      	ldrb	r2, [r5, #0]
1000500c:	e010      	b.n	10005030 <tud_rhport_init+0x90>
1000500e:	4643      	mov	r3, r8
10005010:	681b      	ldr	r3, [r3, #0]
10005012:	0162      	lsls	r2, r4, #5
10005014:	189b      	adds	r3, r3, r2
10005016:	2b00      	cmp	r3, #0
10005018:	d012      	beq.n	10005040 <tud_rhport_init+0xa0>
1000501a:	685b      	ldr	r3, [r3, #4]
1000501c:	2b00      	cmp	r3, #0
1000501e:	d00f      	beq.n	10005040 <tud_rhport_init+0xa0>
10005020:	4798      	blx	r3
10005022:	782a      	ldrb	r2, [r5, #0]
10005024:	3401      	adds	r4, #1
10005026:	b2e4      	uxtb	r4, r4
10005028:	1c51      	adds	r1, r2, #1
1000502a:	0023      	movs	r3, r4
1000502c:	42a1      	cmp	r1, r4
1000502e:	db09      	blt.n	10005044 <tud_rhport_init+0xa4>
10005030:	42a2      	cmp	r2, r4
10005032:	d8ec      	bhi.n	1000500e <tud_rhport_init+0x6e>
10005034:	1a9b      	subs	r3, r3, r2
10005036:	015b      	lsls	r3, r3, #5
10005038:	444b      	add	r3, r9
1000503a:	685b      	ldr	r3, [r3, #4]
1000503c:	2b00      	cmp	r3, #0
1000503e:	d1ef      	bne.n	10005020 <tud_rhport_init+0x80>
10005040:	2000      	movs	r0, #0
10005042:	e00b      	b.n	1000505c <tud_rhport_init+0xbc>
10005044:	4653      	mov	r3, sl
10005046:	0031      	movs	r1, r6
10005048:	0038      	movs	r0, r7
1000504a:	701f      	strb	r7, [r3, #0]
1000504c:	f7ff fdfe 	bl	10004c4c <dcd_init>
10005050:	2800      	cmp	r0, #0
10005052:	d0f5      	beq.n	10005040 <tud_rhport_init+0xa0>
10005054:	0038      	movs	r0, r7
10005056:	f7ff fe41 	bl	10004cdc <dcd_int_enable>
1000505a:	2001      	movs	r0, #1
1000505c:	bce0      	pop	{r5, r6, r7}
1000505e:	46ba      	mov	sl, r7
10005060:	46b1      	mov	r9, r6
10005062:	46a8      	mov	r8, r5
10005064:	bdf0      	pop	{r4, r5, r6, r7, pc}
10005066:	46c0      	nop			@ (mov r8, r8)
10005068:	20001054 	.word	0x20001054
1000506c:	20001598 	.word	0x20001598
10005070:	20001590 	.word	0x20001590
10005074:	20001feb 	.word	0x20001feb
10005078:	200015ec 	.word	0x200015ec
1000507c:	2000104c 	.word	0x2000104c
10005080:	200015f0 	.word	0x200015f0
10005084:	20001fe9 	.word	0x20001fe9
10005088:	10004589 	.word	0x10004589
1000508c:	200013e8 	.word	0x200013e8
10005090:	10007474 	.word	0x10007474

10005094 <tud_task_ext>:
10005094:	b5f0      	push	{r4, r5, r6, r7, lr}
10005096:	46de      	mov	lr, fp
10005098:	4657      	mov	r7, sl
1000509a:	464e      	mov	r6, r9
1000509c:	4645      	mov	r5, r8
1000509e:	b5e0      	push	{r5, r6, r7, lr}
100050a0:	4bc8      	ldr	r3, [pc, #800]	@ (100053c4 <tud_task_ext+0x330>)
100050a2:	b091      	sub	sp, #68	@ 0x44
100050a4:	9302      	str	r3, [sp, #8]
100050a6:	781b      	ldrb	r3, [r3, #0]
100050a8:	2bff      	cmp	r3, #255	@ 0xff
100050aa:	d100      	bne.n	100050ae <tud_task_ext+0x1a>
100050ac:	e13e      	b.n	1000532c <tud_task_ext+0x298>
100050ae:	4bc6      	ldr	r3, [pc, #792]	@ (100053c8 <tud_task_ext+0x334>)
100050b0:	4ec6      	ldr	r6, [pc, #792]	@ (100053cc <tud_task_ext+0x338>)
100050b2:	469b      	mov	fp, r3
100050b4:	465f      	mov	r7, fp
100050b6:	4bc6      	ldr	r3, [pc, #792]	@ (100053d0 <tud_task_ext+0x33c>)
100050b8:	ac0d      	add	r4, sp, #52	@ 0x34
100050ba:	9301      	str	r3, [sp, #4]
100050bc:	4bc5      	ldr	r3, [pc, #788]	@ (100053d4 <tud_task_ext+0x340>)
100050be:	9300      	str	r3, [sp, #0]
100050c0:	6835      	ldr	r5, [r6, #0]
100050c2:	696a      	ldr	r2, [r5, #20]
100050c4:	f3ef 8110 	mrs	r1, PRIMASK
100050c8:	b672      	cpsid	i
100050ca:	6813      	ldr	r3, [r2, #0]
100050cc:	2b00      	cmp	r3, #0
100050ce:	d0fc      	beq.n	100050ca <tud_task_ext+0x36>
100050d0:	f3bf 8f5f 	dmb	sy
100050d4:	61a9      	str	r1, [r5, #24]
100050d6:	0028      	movs	r0, r5
100050d8:	0021      	movs	r1, r4
100050da:	f001 fbaf 	bl	1000683c <tu_fifo_read>
100050de:	696a      	ldr	r2, [r5, #20]
100050e0:	69ab      	ldr	r3, [r5, #24]
100050e2:	f3bf 8f5f 	dmb	sy
100050e6:	2100      	movs	r1, #0
100050e8:	6011      	str	r1, [r2, #0]
100050ea:	f383 8810 	msr	PRIMASK, r3
100050ee:	2800      	cmp	r0, #0
100050f0:	d100      	bne.n	100050f4 <tud_task_ext+0x60>
100050f2:	e11b      	b.n	1000532c <tud_task_ext+0x298>
100050f4:	7863      	ldrb	r3, [r4, #1]
100050f6:	2b08      	cmp	r3, #8
100050f8:	d8e2      	bhi.n	100050c0 <tud_task_ext+0x2c>
100050fa:	009b      	lsls	r3, r3, #2
100050fc:	58fb      	ldr	r3, [r7, r3]
100050fe:	469f      	mov	pc, r3
10005100:	6863      	ldr	r3, [r4, #4]
10005102:	2b00      	cmp	r3, #0
10005104:	d0dc      	beq.n	100050c0 <tud_task_ext+0x2c>
10005106:	68a0      	ldr	r0, [r4, #8]
10005108:	4798      	blx	r3
1000510a:	e7d9      	b.n	100050c0 <tud_task_ext+0x2c>
1000510c:	227f      	movs	r2, #127	@ 0x7f
1000510e:	7921      	ldrb	r1, [r4, #4]
10005110:	4daf      	ldr	r5, [pc, #700]	@ (100053d0 <tud_task_ext+0x33c>)
10005112:	400a      	ands	r2, r1
10005114:	0053      	lsls	r3, r2, #1
10005116:	18eb      	adds	r3, r5, r3
10005118:	4698      	mov	r8, r3
1000511a:	09c8      	lsrs	r0, r1, #7
1000511c:	4480      	add	r8, r0
1000511e:	4640      	mov	r0, r8
10005120:	2301      	movs	r3, #1
10005122:	3030      	adds	r0, #48	@ 0x30
10005124:	7905      	ldrb	r5, [r0, #4]
10005126:	439d      	bics	r5, r3
10005128:	7105      	strb	r5, [r0, #4]
1000512a:	7905      	ldrb	r5, [r0, #4]
1000512c:	3303      	adds	r3, #3
1000512e:	439d      	bics	r5, r3
10005130:	7105      	strb	r5, [r0, #4]
10005132:	2a00      	cmp	r2, #0
10005134:	d100      	bne.n	10005138 <tud_task_ext+0xa4>
10005136:	e100      	b.n	1000533a <tud_task_ext+0x2a6>
10005138:	4643      	mov	r3, r8
1000513a:	4aa7      	ldr	r2, [pc, #668]	@ (100053d8 <tud_task_ext+0x344>)
1000513c:	7d1b      	ldrb	r3, [r3, #20]
1000513e:	7812      	ldrb	r2, [r2, #0]
10005140:	4293      	cmp	r3, r2
10005142:	d300      	bcc.n	10005146 <tud_task_ext+0xb2>
10005144:	e0ef      	b.n	10005326 <tud_task_ext+0x292>
10005146:	4aa5      	ldr	r2, [pc, #660]	@ (100053dc <tud_task_ext+0x348>)
10005148:	015b      	lsls	r3, r3, #5
1000514a:	6815      	ldr	r5, [r2, #0]
1000514c:	18ed      	adds	r5, r5, r3
1000514e:	2d00      	cmp	r5, #0
10005150:	d100      	bne.n	10005154 <tud_task_ext+0xc0>
10005152:	e0eb      	b.n	1000532c <tud_task_ext+0x298>
10005154:	68a3      	ldr	r3, [r4, #8]
10005156:	7962      	ldrb	r2, [r4, #5]
10005158:	7820      	ldrb	r0, [r4, #0]
1000515a:	69ad      	ldr	r5, [r5, #24]
1000515c:	47a8      	blx	r5
1000515e:	e7af      	b.n	100050c0 <tud_task_ext+0x2c>
10005160:	4a9f      	ldr	r2, [pc, #636]	@ (100053e0 <tud_task_ext+0x34c>)
10005162:	7813      	ldrb	r3, [r2, #0]
10005164:	2b00      	cmp	r3, #0
10005166:	d100      	bne.n	1000516a <tud_task_ext+0xd6>
10005168:	e0e0      	b.n	1000532c <tud_task_ext+0x298>
1000516a:	7813      	ldrb	r3, [r2, #0]
1000516c:	3b01      	subs	r3, #1
1000516e:	b2db      	uxtb	r3, r3
10005170:	7013      	strb	r3, [r2, #0]
10005172:	7813      	ldrb	r3, [r2, #0]
10005174:	2b00      	cmp	r3, #0
10005176:	d1a3      	bne.n	100050c0 <tud_task_ext+0x2c>
10005178:	2201      	movs	r2, #1
1000517a:	4d95      	ldr	r5, [pc, #596]	@ (100053d0 <tud_task_ext+0x33c>)
1000517c:	2101      	movs	r1, #1
1000517e:	782b      	ldrb	r3, [r5, #0]
10005180:	2004      	movs	r0, #4
10005182:	4313      	orrs	r3, r2
10005184:	702b      	strb	r3, [r5, #0]
10005186:	2334      	movs	r3, #52	@ 0x34
10005188:	5cea      	ldrb	r2, [r5, r3]
1000518a:	438a      	bics	r2, r1
1000518c:	54ea      	strb	r2, [r5, r3]
1000518e:	5cea      	ldrb	r2, [r5, r3]
10005190:	4382      	bics	r2, r0
10005192:	54ea      	strb	r2, [r5, r3]
10005194:	3301      	adds	r3, #1
10005196:	5cea      	ldrb	r2, [r5, r3]
10005198:	438a      	bics	r2, r1
1000519a:	54ea      	strb	r2, [r5, r3]
1000519c:	5cea      	ldrb	r2, [r5, r3]
1000519e:	4382      	bics	r2, r0
100051a0:	54ea      	strb	r2, [r5, r3]
100051a2:	7823      	ldrb	r3, [r4, #0]
100051a4:	2000      	movs	r0, #0
100051a6:	469b      	mov	fp, r3
100051a8:	f000 fc9e 	bl	10005ae8 <usbd_control_set_complete_callback>
100051ac:	2260      	movs	r2, #96	@ 0x60
100051ae:	7923      	ldrb	r3, [r4, #4]
100051b0:	401a      	ands	r2, r3
100051b2:	2a60      	cmp	r2, #96	@ 0x60
100051b4:	d100      	bne.n	100051b8 <tud_task_ext+0x124>
100051b6:	e0ef      	b.n	10005398 <tud_task_ext+0x304>
100051b8:	2a40      	cmp	r2, #64	@ 0x40
100051ba:	d100      	bne.n	100051be <tud_task_ext+0x12a>
100051bc:	e0f5      	b.n	100053aa <tud_task_ext+0x316>
100051be:	06db      	lsls	r3, r3, #27
100051c0:	0edb      	lsrs	r3, r3, #27
100051c2:	2b01      	cmp	r3, #1
100051c4:	d100      	bne.n	100051c8 <tud_task_ext+0x134>
100051c6:	e113      	b.n	100053f0 <tud_task_ext+0x35c>
100051c8:	2b02      	cmp	r3, #2
100051ca:	d100      	bne.n	100051ce <tud_task_ext+0x13a>
100051cc:	e0c7      	b.n	1000535e <tud_task_ext+0x2ca>
100051ce:	2b00      	cmp	r3, #0
100051d0:	d000      	beq.n	100051d4 <tud_task_ext+0x140>
100051d2:	e0e1      	b.n	10005398 <tud_task_ext+0x304>
100051d4:	2a20      	cmp	r2, #32
100051d6:	d100      	bne.n	100051da <tud_task_ext+0x146>
100051d8:	e21c      	b.n	10005614 <tud_task_ext+0x580>
100051da:	2a00      	cmp	r2, #0
100051dc:	d000      	beq.n	100051e0 <tud_task_ext+0x14c>
100051de:	e0db      	b.n	10005398 <tud_task_ext+0x304>
100051e0:	7963      	ldrb	r3, [r4, #5]
100051e2:	2b09      	cmp	r3, #9
100051e4:	d900      	bls.n	100051e8 <tud_task_ext+0x154>
100051e6:	e0d7      	b.n	10005398 <tud_task_ext+0x304>
100051e8:	4a7e      	ldr	r2, [pc, #504]	@ (100053e4 <tud_task_ext+0x350>)
100051ea:	009b      	lsls	r3, r3, #2
100051ec:	58d3      	ldr	r3, [r2, r3]
100051ee:	469f      	mov	pc, r3
100051f0:	4d77      	ldr	r5, [pc, #476]	@ (100053d0 <tud_task_ext+0x33c>)
100051f2:	782b      	ldrb	r3, [r5, #0]
100051f4:	07db      	lsls	r3, r3, #31
100051f6:	d400      	bmi.n	100051fa <tud_task_ext+0x166>
100051f8:	e762      	b.n	100050c0 <tud_task_ext+0x2c>
100051fa:	f7ff febf 	bl	10004f7c <tud_resume_cb>
100051fe:	e75f      	b.n	100050c0 <tud_task_ext+0x2c>
10005200:	9b01      	ldr	r3, [sp, #4]
10005202:	78db      	ldrb	r3, [r3, #3]
10005204:	07db      	lsls	r3, r3, #31
10005206:	d400      	bmi.n	1000520a <tud_task_ext+0x176>
10005208:	e75a      	b.n	100050c0 <tud_task_ext+0x2c>
1000520a:	6860      	ldr	r0, [r4, #4]
1000520c:	f7ff feaa 	bl	10004f64 <tud_sof_cb>
10005210:	e756      	b.n	100050c0 <tud_task_ext+0x2c>
10005212:	4d6f      	ldr	r5, [pc, #444]	@ (100053d0 <tud_task_ext+0x33c>)
10005214:	782b      	ldrb	r3, [r5, #0]
10005216:	07db      	lsls	r3, r3, #31
10005218:	d400      	bmi.n	1000521c <tud_task_ext+0x188>
1000521a:	e751      	b.n	100050c0 <tud_task_ext+0x2c>
1000521c:	7828      	ldrb	r0, [r5, #0]
1000521e:	0700      	lsls	r0, r0, #28
10005220:	0fc0      	lsrs	r0, r0, #31
10005222:	f7ff fea9 	bl	10004f78 <tud_suspend_cb>
10005226:	e74b      	b.n	100050c0 <tud_task_ext+0x2c>
10005228:	7823      	ldrb	r3, [r4, #0]
1000522a:	496a      	ldr	r1, [pc, #424]	@ (100053d4 <tud_task_ext+0x340>)
1000522c:	4699      	mov	r9, r3
1000522e:	468b      	mov	fp, r1
10005230:	4b69      	ldr	r3, [pc, #420]	@ (100053d8 <tud_task_ext+0x344>)
10005232:	496a      	ldr	r1, [pc, #424]	@ (100053dc <tud_task_ext+0x348>)
10005234:	4698      	mov	r8, r3
10005236:	468a      	mov	sl, r1
10005238:	0039      	movs	r1, r7
1000523a:	781a      	ldrb	r2, [r3, #0]
1000523c:	4647      	mov	r7, r8
1000523e:	2300      	movs	r3, #0
10005240:	46b0      	mov	r8, r6
10005242:	2500      	movs	r5, #0
10005244:	464e      	mov	r6, r9
10005246:	4689      	mov	r9, r1
10005248:	e010      	b.n	1000526c <tud_task_ext+0x1d8>
1000524a:	4653      	mov	r3, sl
1000524c:	681b      	ldr	r3, [r3, #0]
1000524e:	016a      	lsls	r2, r5, #5
10005250:	189b      	adds	r3, r3, r2
10005252:	2b00      	cmp	r3, #0
10005254:	d100      	bne.n	10005258 <tud_task_ext+0x1c4>
10005256:	e076      	b.n	10005346 <tud_task_ext+0x2b2>
10005258:	68db      	ldr	r3, [r3, #12]
1000525a:	0030      	movs	r0, r6
1000525c:	4798      	blx	r3
1000525e:	783a      	ldrb	r2, [r7, #0]
10005260:	3501      	adds	r5, #1
10005262:	b2ed      	uxtb	r5, r5
10005264:	1c51      	adds	r1, r2, #1
10005266:	002b      	movs	r3, r5
10005268:	428d      	cmp	r5, r1
1000526a:	dc44      	bgt.n	100052f6 <tud_task_ext+0x262>
1000526c:	4295      	cmp	r5, r2
1000526e:	d3ec      	bcc.n	1000524a <tud_task_ext+0x1b6>
10005270:	1a9b      	subs	r3, r3, r2
10005272:	015b      	lsls	r3, r3, #5
10005274:	445b      	add	r3, fp
10005276:	e7ef      	b.n	10005258 <tud_task_ext+0x1c4>
10005278:	7823      	ldrb	r3, [r4, #0]
1000527a:	4958      	ldr	r1, [pc, #352]	@ (100053dc <tud_task_ext+0x348>)
1000527c:	4699      	mov	r9, r3
1000527e:	4b56      	ldr	r3, [pc, #344]	@ (100053d8 <tud_task_ext+0x344>)
10005280:	468a      	mov	sl, r1
10005282:	4698      	mov	r8, r3
10005284:	0031      	movs	r1, r6
10005286:	46bb      	mov	fp, r7
10005288:	464e      	mov	r6, r9
1000528a:	781a      	ldrb	r2, [r3, #0]
1000528c:	2500      	movs	r5, #0
1000528e:	2300      	movs	r3, #0
10005290:	4647      	mov	r7, r8
10005292:	4689      	mov	r9, r1
10005294:	e00f      	b.n	100052b6 <tud_task_ext+0x222>
10005296:	4653      	mov	r3, sl
10005298:	681b      	ldr	r3, [r3, #0]
1000529a:	016a      	lsls	r2, r5, #5
1000529c:	189b      	adds	r3, r3, r2
1000529e:	2b00      	cmp	r3, #0
100052a0:	d055      	beq.n	1000534e <tud_task_ext+0x2ba>
100052a2:	68db      	ldr	r3, [r3, #12]
100052a4:	0030      	movs	r0, r6
100052a6:	4798      	blx	r3
100052a8:	783a      	ldrb	r2, [r7, #0]
100052aa:	3501      	adds	r5, #1
100052ac:	b2ed      	uxtb	r5, r5
100052ae:	1c51      	adds	r1, r2, #1
100052b0:	002b      	movs	r3, r5
100052b2:	428d      	cmp	r5, r1
100052b4:	dc07      	bgt.n	100052c6 <tud_task_ext+0x232>
100052b6:	4295      	cmp	r5, r2
100052b8:	d3ed      	bcc.n	10005296 <tud_task_ext+0x202>
100052ba:	1a9b      	subs	r3, r3, r2
100052bc:	9a00      	ldr	r2, [sp, #0]
100052be:	015b      	lsls	r3, r3, #5
100052c0:	4694      	mov	ip, r2
100052c2:	4463      	add	r3, ip
100052c4:	e7ed      	b.n	100052a2 <tud_task_ext+0x20e>
100052c6:	9d01      	ldr	r5, [sp, #4]
100052c8:	2254      	movs	r2, #84	@ 0x54
100052ca:	2100      	movs	r1, #0
100052cc:	0028      	movs	r0, r5
100052ce:	f7fd fa4d 	bl	1000276c <__wrap_memset>
100052d2:	2210      	movs	r2, #16
100052d4:	21ff      	movs	r1, #255	@ 0xff
100052d6:	4844      	ldr	r0, [pc, #272]	@ (100053e8 <tud_task_ext+0x354>)
100052d8:	f7fd fa48 	bl	1000276c <__wrap_memset>
100052dc:	0028      	movs	r0, r5
100052de:	2220      	movs	r2, #32
100052e0:	21ff      	movs	r1, #255	@ 0xff
100052e2:	3014      	adds	r0, #20
100052e4:	464e      	mov	r6, r9
100052e6:	465f      	mov	r7, fp
100052e8:	f7fd fa40 	bl	1000276c <__wrap_memset>
100052ec:	f000 fbf2 	bl	10005ad4 <usbd_control_reset>
100052f0:	f7ff fe40 	bl	10004f74 <tud_umount_cb>
100052f4:	e6e4      	b.n	100050c0 <tud_task_ext+0x2c>
100052f6:	4d36      	ldr	r5, [pc, #216]	@ (100053d0 <tud_task_ext+0x33c>)
100052f8:	2254      	movs	r2, #84	@ 0x54
100052fa:	2100      	movs	r1, #0
100052fc:	0028      	movs	r0, r5
100052fe:	f7fd fa35 	bl	1000276c <__wrap_memset>
10005302:	2210      	movs	r2, #16
10005304:	21ff      	movs	r1, #255	@ 0xff
10005306:	1d28      	adds	r0, r5, #4
10005308:	f7fd fa30 	bl	1000276c <__wrap_memset>
1000530c:	0028      	movs	r0, r5
1000530e:	2220      	movs	r2, #32
10005310:	21ff      	movs	r1, #255	@ 0xff
10005312:	3014      	adds	r0, #20
10005314:	4646      	mov	r6, r8
10005316:	464f      	mov	r7, r9
10005318:	f7fd fa28 	bl	1000276c <__wrap_memset>
1000531c:	f000 fbda 	bl	10005ad4 <usbd_control_reset>
10005320:	7923      	ldrb	r3, [r4, #4]
10005322:	70ab      	strb	r3, [r5, #2]
10005324:	e6cc      	b.n	100050c0 <tud_task_ext+0x2c>
10005326:	1c50      	adds	r0, r2, #1
10005328:	4298      	cmp	r0, r3
1000532a:	da13      	bge.n	10005354 <tud_task_ext+0x2c0>
1000532c:	b011      	add	sp, #68	@ 0x44
1000532e:	bcf0      	pop	{r4, r5, r6, r7}
10005330:	46bb      	mov	fp, r7
10005332:	46b2      	mov	sl, r6
10005334:	46a9      	mov	r9, r5
10005336:	46a0      	mov	r8, r4
10005338:	bdf0      	pop	{r4, r5, r6, r7, pc}
1000533a:	68a3      	ldr	r3, [r4, #8]
1000533c:	7962      	ldrb	r2, [r4, #5]
1000533e:	7820      	ldrb	r0, [r4, #0]
10005340:	f000 fbe6 	bl	10005b10 <usbd_control_xfer_cb>
10005344:	e6bc      	b.n	100050c0 <tud_task_ext+0x2c>
10005346:	4646      	mov	r6, r8
10005348:	464f      	mov	r7, r9
1000534a:	4d21      	ldr	r5, [pc, #132]	@ (100053d0 <tud_task_ext+0x33c>)
1000534c:	e7e6      	b.n	1000531c <tud_task_ext+0x288>
1000534e:	464e      	mov	r6, r9
10005350:	465f      	mov	r7, fp
10005352:	e7cb      	b.n	100052ec <tud_task_ext+0x258>
10005354:	4d1f      	ldr	r5, [pc, #124]	@ (100053d4 <tud_task_ext+0x340>)
10005356:	1a9b      	subs	r3, r3, r2
10005358:	015b      	lsls	r3, r3, #5
1000535a:	195d      	adds	r5, r3, r5
1000535c:	e6fa      	b.n	10005154 <tud_task_ext+0xc0>
1000535e:	2370      	movs	r3, #112	@ 0x70
10005360:	7a21      	ldrb	r1, [r4, #8]
10005362:	420b      	tst	r3, r1
10005364:	d118      	bne.n	10005398 <tud_task_ext+0x304>
10005366:	09c8      	lsrs	r0, r1, #7
10005368:	4682      	mov	sl, r0
1000536a:	330f      	adds	r3, #15
1000536c:	400b      	ands	r3, r1
1000536e:	005b      	lsls	r3, r3, #1
10005370:	4698      	mov	r8, r3
10005372:	4819      	ldr	r0, [pc, #100]	@ (100053d8 <tud_task_ext+0x344>)
10005374:	18eb      	adds	r3, r5, r3
10005376:	4453      	add	r3, sl
10005378:	7d1b      	ldrb	r3, [r3, #20]
1000537a:	7800      	ldrb	r0, [r0, #0]
1000537c:	4699      	mov	r9, r3
1000537e:	4283      	cmp	r3, r0
10005380:	d266      	bcs.n	10005450 <tud_task_ext+0x3bc>
10005382:	4816      	ldr	r0, [pc, #88]	@ (100053dc <tud_task_ext+0x348>)
10005384:	015b      	lsls	r3, r3, #5
10005386:	6800      	ldr	r0, [r0, #0]
10005388:	4681      	mov	r9, r0
1000538a:	4499      	add	r9, r3
1000538c:	2a00      	cmp	r2, #0
1000538e:	d100      	bne.n	10005392 <tud_task_ext+0x2fe>
10005390:	e15f      	b.n	10005652 <tud_task_ext+0x5be>
10005392:	464b      	mov	r3, r9
10005394:	2b00      	cmp	r3, #0
10005396:	d168      	bne.n	1000546a <tud_task_ext+0x3d6>
10005398:	7820      	ldrb	r0, [r4, #0]
1000539a:	2100      	movs	r1, #0
1000539c:	f7ff fd6a 	bl	10004e74 <dcd_edpt_stall>
100053a0:	2180      	movs	r1, #128	@ 0x80
100053a2:	7820      	ldrb	r0, [r4, #0]
100053a4:	f7ff fd66 	bl	10004e74 <dcd_edpt_stall>
100053a8:	e68a      	b.n	100050c0 <tud_task_ext+0x2c>
100053aa:	4810      	ldr	r0, [pc, #64]	@ (100053ec <tud_task_ext+0x358>)
100053ac:	f000 fb9c 	bl	10005ae8 <usbd_control_set_complete_callback>
100053b0:	2101      	movs	r1, #1
100053b2:	4658      	mov	r0, fp
100053b4:	aa0e      	add	r2, sp, #56	@ 0x38
100053b6:	f7ff f8cd 	bl	10004554 <tud_vendor_control_xfer_cb>
100053ba:	2800      	cmp	r0, #0
100053bc:	d000      	beq.n	100053c0 <tud_task_ext+0x32c>
100053be:	e67f      	b.n	100050c0 <tud_task_ext+0x2c>
100053c0:	e7ea      	b.n	10005398 <tud_task_ext+0x304>
100053c2:	46c0      	nop			@ (mov r8, r8)
100053c4:	20001054 	.word	0x20001054
100053c8:	100073cc 	.word	0x100073cc
100053cc:	200015f0 	.word	0x200015f0
100053d0:	20001598 	.word	0x20001598
100053d4:	10007474 	.word	0x10007474
100053d8:	20001fe9 	.word	0x20001fe9
100053dc:	200013e8 	.word	0x200013e8
100053e0:	20001feb 	.word	0x20001feb
100053e4:	100073f0 	.word	0x100073f0
100053e8:	2000159c 	.word	0x2000159c
100053ec:	10004555 	.word	0x10004555
100053f0:	7a23      	ldrb	r3, [r4, #8]
100053f2:	2b0f      	cmp	r3, #15
100053f4:	d8d0      	bhi.n	10005398 <tud_task_ext+0x304>
100053f6:	4acf      	ldr	r2, [pc, #828]	@ (10005734 <tud_task_ext+0x6a0>)
100053f8:	18eb      	adds	r3, r5, r3
100053fa:	791b      	ldrb	r3, [r3, #4]
100053fc:	7815      	ldrb	r5, [r2, #0]
100053fe:	42ab      	cmp	r3, r5
10005400:	d33e      	bcc.n	10005480 <tud_task_ext+0x3ec>
10005402:	1c69      	adds	r1, r5, #1
10005404:	4299      	cmp	r1, r3
10005406:	dbc7      	blt.n	10005398 <tud_task_ext+0x304>
10005408:	1b5d      	subs	r5, r3, r5
1000540a:	4bcb      	ldr	r3, [pc, #812]	@ (10005738 <tud_task_ext+0x6a4>)
1000540c:	016d      	lsls	r5, r5, #5
1000540e:	18ed      	adds	r5, r5, r3
10005410:	6968      	ldr	r0, [r5, #20]
10005412:	f000 fb69 	bl	10005ae8 <usbd_control_set_complete_callback>
10005416:	2101      	movs	r1, #1
10005418:	4658      	mov	r0, fp
1000541a:	696b      	ldr	r3, [r5, #20]
1000541c:	aa0e      	add	r2, sp, #56	@ 0x38
1000541e:	4798      	blx	r3
10005420:	2800      	cmp	r0, #0
10005422:	d000      	beq.n	10005426 <tud_task_ext+0x392>
10005424:	e64c      	b.n	100050c0 <tud_task_ext+0x2c>
10005426:	2260      	movs	r2, #96	@ 0x60
10005428:	0015      	movs	r5, r2
1000542a:	7923      	ldrb	r3, [r4, #4]
1000542c:	401d      	ands	r5, r3
1000542e:	421a      	tst	r2, r3
10005430:	d1b2      	bne.n	10005398 <tud_task_ext+0x304>
10005432:	7963      	ldrb	r3, [r4, #5]
10005434:	3b0a      	subs	r3, #10
10005436:	2b01      	cmp	r3, #1
10005438:	d8ae      	bhi.n	10005398 <tud_task_ext+0x304>
1000543a:	f000 fb55 	bl	10005ae8 <usbd_control_set_complete_callback>
1000543e:	7963      	ldrb	r3, [r4, #5]
10005440:	2b0a      	cmp	r3, #10
10005442:	d100      	bne.n	10005446 <tud_task_ext+0x3b2>
10005444:	e199      	b.n	1000577a <tud_task_ext+0x6e6>
10005446:	4658      	mov	r0, fp
10005448:	a90e      	add	r1, sp, #56	@ 0x38
1000544a:	f000 fad9 	bl	10005a00 <tud_control_status>
1000544e:	e637      	b.n	100050c0 <tud_task_ext+0x2c>
10005450:	1c43      	adds	r3, r0, #1
10005452:	454b      	cmp	r3, r9
10005454:	da00      	bge.n	10005458 <tud_task_ext+0x3c4>
10005456:	e0f7      	b.n	10005648 <tud_task_ext+0x5b4>
10005458:	464b      	mov	r3, r9
1000545a:	1a1b      	subs	r3, r3, r0
1000545c:	015b      	lsls	r3, r3, #5
1000545e:	4699      	mov	r9, r3
10005460:	48b5      	ldr	r0, [pc, #724]	@ (10005738 <tud_task_ext+0x6a4>)
10005462:	4481      	add	r9, r0
10005464:	2a00      	cmp	r2, #0
10005466:	d100      	bne.n	1000546a <tud_task_ext+0x3d6>
10005468:	e0f3      	b.n	10005652 <tud_task_ext+0x5be>
1000546a:	464b      	mov	r3, r9
1000546c:	6958      	ldr	r0, [r3, #20]
1000546e:	f000 fb3b 	bl	10005ae8 <usbd_control_set_complete_callback>
10005472:	464b      	mov	r3, r9
10005474:	2101      	movs	r1, #1
10005476:	4658      	mov	r0, fp
10005478:	695b      	ldr	r3, [r3, #20]
1000547a:	aa0e      	add	r2, sp, #56	@ 0x38
1000547c:	4798      	blx	r3
1000547e:	e79c      	b.n	100053ba <tud_task_ext+0x326>
10005480:	4aae      	ldr	r2, [pc, #696]	@ (1000573c <tud_task_ext+0x6a8>)
10005482:	015b      	lsls	r3, r3, #5
10005484:	6815      	ldr	r5, [r2, #0]
10005486:	18ed      	adds	r5, r5, r3
10005488:	2d00      	cmp	r5, #0
1000548a:	d1c1      	bne.n	10005410 <tud_task_ext+0x37c>
1000548c:	e784      	b.n	10005398 <tud_task_ext+0x304>
1000548e:	79a3      	ldrb	r3, [r4, #6]
10005490:	4699      	mov	r9, r3
10005492:	786b      	ldrb	r3, [r5, #1]
10005494:	4599      	cmp	r9, r3
10005496:	d0d6      	beq.n	10005446 <tud_task_ext+0x3b2>
10005498:	786b      	ldrb	r3, [r5, #1]
1000549a:	2b00      	cmp	r3, #0
1000549c:	d000      	beq.n	100054a0 <tud_task_ext+0x40c>
1000549e:	e133      	b.n	10005708 <tud_task_ext+0x674>
100054a0:	464b      	mov	r3, r9
100054a2:	706b      	strb	r3, [r5, #1]
100054a4:	2b00      	cmp	r3, #0
100054a6:	d100      	bne.n	100054aa <tud_task_ext+0x416>
100054a8:	e12b      	b.n	10005702 <tud_task_ext+0x66e>
100054aa:	4648      	mov	r0, r9
100054ac:	3801      	subs	r0, #1
100054ae:	b2c0      	uxtb	r0, r0
100054b0:	f7ff fa92 	bl	100049d8 <tud_descriptor_configuration_cb>
100054b4:	2800      	cmp	r0, #0
100054b6:	d100      	bne.n	100054ba <tud_task_ext+0x426>
100054b8:	e17e      	b.n	100057b8 <tud_task_ext+0x724>
100054ba:	7843      	ldrb	r3, [r0, #1]
100054bc:	9307      	str	r3, [sp, #28]
100054be:	2b02      	cmp	r3, #2
100054c0:	d000      	beq.n	100054c4 <tud_task_ext+0x430>
100054c2:	e179      	b.n	100057b8 <tud_task_ext+0x724>
100054c4:	2201      	movs	r2, #1
100054c6:	79c1      	ldrb	r1, [r0, #7]
100054c8:	46b1      	mov	r9, r6
100054ca:	118b      	asrs	r3, r1, #6
100054cc:	1149      	asrs	r1, r1, #5
100054ce:	4013      	ands	r3, r2
100054d0:	400a      	ands	r2, r1
100054d2:	2130      	movs	r1, #48	@ 0x30
100054d4:	0112      	lsls	r2, r2, #4
100054d6:	015b      	lsls	r3, r3, #5
100054d8:	4313      	orrs	r3, r2
100054da:	782a      	ldrb	r2, [r5, #0]
100054dc:	46a8      	mov	r8, r5
100054de:	438a      	bics	r2, r1
100054e0:	4313      	orrs	r3, r2
100054e2:	702b      	strb	r3, [r5, #0]
100054e4:	2309      	movs	r3, #9
100054e6:	469a      	mov	sl, r3
100054e8:	4482      	add	sl, r0
100054ea:	4656      	mov	r6, sl
100054ec:	46ba      	mov	sl, r7
100054ee:	78c3      	ldrb	r3, [r0, #3]
100054f0:	7882      	ldrb	r2, [r0, #2]
100054f2:	021b      	lsls	r3, r3, #8
100054f4:	4313      	orrs	r3, r2
100054f6:	18c3      	adds	r3, r0, r3
100054f8:	9305      	str	r3, [sp, #20]
100054fa:	4b8e      	ldr	r3, [pc, #568]	@ (10005734 <tud_task_ext+0x6a0>)
100054fc:	9304      	str	r3, [sp, #16]
100054fe:	4b8e      	ldr	r3, [pc, #568]	@ (10005738 <tud_task_ext+0x6a4>)
10005500:	9308      	str	r3, [sp, #32]
10005502:	4b8e      	ldr	r3, [pc, #568]	@ (1000573c <tud_task_ext+0x6a8>)
10005504:	9309      	str	r3, [sp, #36]	@ 0x24
10005506:	4b8e      	ldr	r3, [pc, #568]	@ (10005740 <tud_task_ext+0x6ac>)
10005508:	930a      	str	r3, [sp, #40]	@ 0x28
1000550a:	9b05      	ldr	r3, [sp, #20]
1000550c:	42b3      	cmp	r3, r6
1000550e:	d800      	bhi.n	10005512 <tud_task_ext+0x47e>
10005510:	e155      	b.n	100057be <tud_task_ext+0x72a>
10005512:	7873      	ldrb	r3, [r6, #1]
10005514:	2201      	movs	r2, #1
10005516:	2b0b      	cmp	r3, #11
10005518:	d103      	bne.n	10005522 <tud_task_ext+0x48e>
1000551a:	7833      	ldrb	r3, [r6, #0]
1000551c:	78f2      	ldrb	r2, [r6, #3]
1000551e:	18f6      	adds	r6, r6, r3
10005520:	7873      	ldrb	r3, [r6, #1]
10005522:	2b04      	cmp	r3, #4
10005524:	d000      	beq.n	10005528 <tud_task_ext+0x494>
10005526:	e144      	b.n	100057b2 <tud_task_ext+0x71e>
10005528:	9b05      	ldr	r3, [sp, #20]
1000552a:	2700      	movs	r7, #0
1000552c:	1b9b      	subs	r3, r3, r6
1000552e:	b29b      	uxth	r3, r3
10005530:	9306      	str	r3, [sp, #24]
10005532:	9b04      	ldr	r3, [sp, #16]
10005534:	920b      	str	r2, [sp, #44]	@ 0x2c
10005536:	781d      	ldrb	r5, [r3, #0]
10005538:	2300      	movs	r3, #0
1000553a:	9303      	str	r3, [sp, #12]
1000553c:	e01b      	b.n	10005576 <tud_task_ext+0x4e2>
1000553e:	9a09      	ldr	r2, [sp, #36]	@ 0x24
10005540:	017b      	lsls	r3, r7, #5
10005542:	6815      	ldr	r5, [r2, #0]
10005544:	18ed      	adds	r5, r5, r3
10005546:	2d00      	cmp	r5, #0
10005548:	d100      	bne.n	1000554c <tud_task_ext+0x4b8>
1000554a:	e132      	b.n	100057b2 <tud_task_ext+0x71e>
1000554c:	0031      	movs	r1, r6
1000554e:	4658      	mov	r0, fp
10005550:	692b      	ldr	r3, [r5, #16]
10005552:	9a06      	ldr	r2, [sp, #24]
10005554:	4798      	blx	r3
10005556:	4684      	mov	ip, r0
10005558:	2808      	cmp	r0, #8
1000555a:	d903      	bls.n	10005564 <tud_task_ext+0x4d0>
1000555c:	9a06      	ldr	r2, [sp, #24]
1000555e:	4282      	cmp	r2, r0
10005560:	d300      	bcc.n	10005564 <tud_task_ext+0x4d0>
10005562:	e113      	b.n	1000578c <tud_task_ext+0x6f8>
10005564:	9b04      	ldr	r3, [sp, #16]
10005566:	3701      	adds	r7, #1
10005568:	781d      	ldrb	r5, [r3, #0]
1000556a:	b2ff      	uxtb	r7, r7
1000556c:	1c6b      	adds	r3, r5, #1
1000556e:	9703      	str	r7, [sp, #12]
10005570:	429f      	cmp	r7, r3
10005572:	dd00      	ble.n	10005576 <tud_task_ext+0x4e2>
10005574:	e11d      	b.n	100057b2 <tud_task_ext+0x71e>
10005576:	42bd      	cmp	r5, r7
10005578:	d8e1      	bhi.n	1000553e <tud_task_ext+0x4aa>
1000557a:	9b03      	ldr	r3, [sp, #12]
1000557c:	1b5d      	subs	r5, r3, r5
1000557e:	9b08      	ldr	r3, [sp, #32]
10005580:	016d      	lsls	r5, r5, #5
10005582:	469c      	mov	ip, r3
10005584:	4465      	add	r5, ip
10005586:	e7e1      	b.n	1000554c <tud_task_ext+0x4b8>
10005588:	786b      	ldrb	r3, [r5, #1]
1000558a:	aa0c      	add	r2, sp, #48	@ 0x30
1000558c:	3202      	adds	r2, #2
1000558e:	7013      	strb	r3, [r2, #0]
10005590:	4658      	mov	r0, fp
10005592:	2301      	movs	r3, #1
10005594:	a90e      	add	r1, sp, #56	@ 0x38
10005596:	f000 fa49 	bl	10005a2c <tud_control_xfer>
1000559a:	e591      	b.n	100050c0 <tud_task_ext+0x2c>
1000559c:	88e3      	ldrh	r3, [r4, #6]
1000559e:	0a1a      	lsrs	r2, r3, #8
100055a0:	b2d8      	uxtb	r0, r3
100055a2:	2a0f      	cmp	r2, #15
100055a4:	d900      	bls.n	100055a8 <tud_task_ext+0x514>
100055a6:	e6f7      	b.n	10005398 <tud_task_ext+0x304>
100055a8:	4966      	ldr	r1, [pc, #408]	@ (10005744 <tud_task_ext+0x6b0>)
100055aa:	0093      	lsls	r3, r2, #2
100055ac:	58cb      	ldr	r3, [r1, r3]
100055ae:	469f      	mov	pc, r3
100055b0:	a80e      	add	r0, sp, #56	@ 0x38
100055b2:	f000 fa9f 	bl	10005af4 <usbd_control_set_request>
100055b6:	4658      	mov	r0, fp
100055b8:	79a1      	ldrb	r1, [r4, #6]
100055ba:	f7ff fb95 	bl	10004ce8 <dcd_set_address>
100055be:	2202      	movs	r2, #2
100055c0:	782b      	ldrb	r3, [r5, #0]
100055c2:	4313      	orrs	r3, r2
100055c4:	702b      	strb	r3, [r5, #0]
100055c6:	e57b      	b.n	100050c0 <tud_task_ext+0x2c>
100055c8:	88e3      	ldrh	r3, [r4, #6]
100055ca:	2b01      	cmp	r3, #1
100055cc:	d000      	beq.n	100055d0 <tud_task_ext+0x53c>
100055ce:	e6e3      	b.n	10005398 <tud_task_ext+0x304>
100055d0:	2208      	movs	r2, #8
100055d2:	782b      	ldrb	r3, [r5, #0]
100055d4:	4658      	mov	r0, fp
100055d6:	4393      	bics	r3, r2
100055d8:	a90e      	add	r1, sp, #56	@ 0x38
100055da:	702b      	strb	r3, [r5, #0]
100055dc:	f000 fa10 	bl	10005a00 <tud_control_status>
100055e0:	e56e      	b.n	100050c0 <tud_task_ext+0x2c>
100055e2:	2002      	movs	r0, #2
100055e4:	7829      	ldrb	r1, [r5, #0]
100055e6:	ab0c      	add	r3, sp, #48	@ 0x30
100055e8:	1c9a      	adds	r2, r3, #2
100055ea:	068b      	lsls	r3, r1, #26
100055ec:	0889      	lsrs	r1, r1, #2
100055ee:	0fdb      	lsrs	r3, r3, #31
100055f0:	4001      	ands	r1, r0
100055f2:	430b      	orrs	r3, r1
100055f4:	8013      	strh	r3, [r2, #0]
100055f6:	4658      	mov	r0, fp
100055f8:	2302      	movs	r3, #2
100055fa:	a90e      	add	r1, sp, #56	@ 0x38
100055fc:	f000 fa16 	bl	10005a2c <tud_control_xfer>
10005600:	e55e      	b.n	100050c0 <tud_task_ext+0x2c>
10005602:	88e3      	ldrh	r3, [r4, #6]
10005604:	2b01      	cmp	r3, #1
10005606:	d000      	beq.n	1000560a <tud_task_ext+0x576>
10005608:	e6c6      	b.n	10005398 <tud_task_ext+0x304>
1000560a:	2208      	movs	r2, #8
1000560c:	782b      	ldrb	r3, [r5, #0]
1000560e:	4313      	orrs	r3, r2
10005610:	702b      	strb	r3, [r5, #0]
10005612:	e718      	b.n	10005446 <tud_task_ext+0x3b2>
10005614:	7a23      	ldrb	r3, [r4, #8]
10005616:	2b0f      	cmp	r3, #15
10005618:	d900      	bls.n	1000561c <tud_task_ext+0x588>
1000561a:	e6bd      	b.n	10005398 <tud_task_ext+0x304>
1000561c:	18eb      	adds	r3, r5, r3
1000561e:	791d      	ldrb	r5, [r3, #4]
10005620:	4b44      	ldr	r3, [pc, #272]	@ (10005734 <tud_task_ext+0x6a0>)
10005622:	781b      	ldrb	r3, [r3, #0]
10005624:	429d      	cmp	r5, r3
10005626:	d228      	bcs.n	1000567a <tud_task_ext+0x5e6>
10005628:	4b44      	ldr	r3, [pc, #272]	@ (1000573c <tud_task_ext+0x6a8>)
1000562a:	016d      	lsls	r5, r5, #5
1000562c:	681b      	ldr	r3, [r3, #0]
1000562e:	195d      	adds	r5, r3, r5
10005630:	2d00      	cmp	r5, #0
10005632:	d100      	bne.n	10005636 <tud_task_ext+0x5a2>
10005634:	e6b0      	b.n	10005398 <tud_task_ext+0x304>
10005636:	6968      	ldr	r0, [r5, #20]
10005638:	f000 fa56 	bl	10005ae8 <usbd_control_set_complete_callback>
1000563c:	2101      	movs	r1, #1
1000563e:	4658      	mov	r0, fp
10005640:	696b      	ldr	r3, [r5, #20]
10005642:	aa0e      	add	r2, sp, #56	@ 0x38
10005644:	4798      	blx	r3
10005646:	e6b8      	b.n	100053ba <tud_task_ext+0x326>
10005648:	2a00      	cmp	r2, #0
1000564a:	d000      	beq.n	1000564e <tud_task_ext+0x5ba>
1000564c:	e6a4      	b.n	10005398 <tud_task_ext+0x304>
1000564e:	2300      	movs	r3, #0
10005650:	4699      	mov	r9, r3
10005652:	7962      	ldrb	r2, [r4, #5]
10005654:	2002      	movs	r0, #2
10005656:	0013      	movs	r3, r2
10005658:	9203      	str	r2, [sp, #12]
1000565a:	4383      	bics	r3, r0
1000565c:	2b01      	cmp	r3, #1
1000565e:	d015      	beq.n	1000568c <tud_task_ext+0x5f8>
10005660:	2a00      	cmp	r2, #0
10005662:	d000      	beq.n	10005666 <tud_task_ext+0x5d2>
10005664:	e698      	b.n	10005398 <tud_task_ext+0x304>
10005666:	002b      	movs	r3, r5
10005668:	4443      	add	r3, r8
1000566a:	4453      	add	r3, sl
1000566c:	3330      	adds	r3, #48	@ 0x30
1000566e:	791b      	ldrb	r3, [r3, #4]
10005670:	aa0c      	add	r2, sp, #48	@ 0x30
10005672:	079b      	lsls	r3, r3, #30
10005674:	0fdb      	lsrs	r3, r3, #31
10005676:	3202      	adds	r2, #2
10005678:	e7bc      	b.n	100055f4 <tud_task_ext+0x560>
1000567a:	1c5a      	adds	r2, r3, #1
1000567c:	42aa      	cmp	r2, r5
1000567e:	da00      	bge.n	10005682 <tud_task_ext+0x5ee>
10005680:	e68a      	b.n	10005398 <tud_task_ext+0x304>
10005682:	1aed      	subs	r5, r5, r3
10005684:	4b2c      	ldr	r3, [pc, #176]	@ (10005738 <tud_task_ext+0x6a4>)
10005686:	016d      	lsls	r5, r5, #5
10005688:	18ed      	adds	r5, r5, r3
1000568a:	e7d4      	b.n	10005636 <tud_task_ext+0x5a2>
1000568c:	88e3      	ldrh	r3, [r4, #6]
1000568e:	2b00      	cmp	r3, #0
10005690:	d112      	bne.n	100056b8 <tud_task_ext+0x624>
10005692:	9b02      	ldr	r3, [sp, #8]
10005694:	7818      	ldrb	r0, [r3, #0]
10005696:	9b03      	ldr	r3, [sp, #12]
10005698:	2b01      	cmp	r3, #1
1000569a:	d023      	beq.n	100056e4 <tud_task_ext+0x650>
1000569c:	f7ff fbea 	bl	10004e74 <dcd_edpt_stall>
100056a0:	4643      	mov	r3, r8
100056a2:	2102      	movs	r1, #2
100056a4:	18eb      	adds	r3, r5, r3
100056a6:	4453      	add	r3, sl
100056a8:	3330      	adds	r3, #48	@ 0x30
100056aa:	791a      	ldrb	r2, [r3, #4]
100056ac:	430a      	orrs	r2, r1
100056ae:	2101      	movs	r1, #1
100056b0:	711a      	strb	r2, [r3, #4]
100056b2:	791a      	ldrb	r2, [r3, #4]
100056b4:	430a      	orrs	r2, r1
100056b6:	711a      	strb	r2, [r3, #4]
100056b8:	464b      	mov	r3, r9
100056ba:	2b00      	cmp	r3, #0
100056bc:	d100      	bne.n	100056c0 <tud_task_ext+0x62c>
100056be:	e4ff      	b.n	100050c0 <tud_task_ext+0x2c>
100056c0:	6958      	ldr	r0, [r3, #20]
100056c2:	f000 fa11 	bl	10005ae8 <usbd_control_set_complete_callback>
100056c6:	464b      	mov	r3, r9
100056c8:	2101      	movs	r1, #1
100056ca:	695b      	ldr	r3, [r3, #20]
100056cc:	aa0e      	add	r2, sp, #56	@ 0x38
100056ce:	4658      	mov	r0, fp
100056d0:	4798      	blx	r3
100056d2:	2000      	movs	r0, #0
100056d4:	f000 fa08 	bl	10005ae8 <usbd_control_set_complete_callback>
100056d8:	2335      	movs	r3, #53	@ 0x35
100056da:	5ceb      	ldrb	r3, [r5, r3]
100056dc:	07db      	lsls	r3, r3, #31
100056de:	d500      	bpl.n	100056e2 <tud_task_ext+0x64e>
100056e0:	e4ee      	b.n	100050c0 <tud_task_ext+0x2c>
100056e2:	e6b0      	b.n	10005446 <tud_task_ext+0x3b2>
100056e4:	f7ff fbe4 	bl	10004eb0 <dcd_edpt_clear_stall>
100056e8:	4643      	mov	r3, r8
100056ea:	2102      	movs	r1, #2
100056ec:	18eb      	adds	r3, r5, r3
100056ee:	4453      	add	r3, sl
100056f0:	3330      	adds	r3, #48	@ 0x30
100056f2:	791a      	ldrb	r2, [r3, #4]
100056f4:	438a      	bics	r2, r1
100056f6:	711a      	strb	r2, [r3, #4]
100056f8:	791a      	ldrb	r2, [r3, #4]
100056fa:	9903      	ldr	r1, [sp, #12]
100056fc:	438a      	bics	r2, r1
100056fe:	711a      	strb	r2, [r3, #4]
10005700:	e7da      	b.n	100056b8 <tud_task_ext+0x624>
10005702:	f7ff fc37 	bl	10004f74 <tud_umount_cb>
10005706:	e69e      	b.n	10005446 <tud_task_ext+0x3b2>
10005708:	2100      	movs	r1, #0
1000570a:	4658      	mov	r0, fp
1000570c:	f7ff faf6 	bl	10004cfc <dcd_sof_enable>
10005710:	4658      	mov	r0, fp
10005712:	f7ff fb99 	bl	10004e48 <dcd_edpt_close_all>
10005716:	78ab      	ldrb	r3, [r5, #2]
10005718:	4907      	ldr	r1, [pc, #28]	@ (10005738 <tud_task_ext+0x6a4>)
1000571a:	9303      	str	r3, [sp, #12]
1000571c:	9104      	str	r1, [sp, #16]
1000571e:	4b05      	ldr	r3, [pc, #20]	@ (10005734 <tud_task_ext+0x6a0>)
10005720:	4906      	ldr	r1, [pc, #24]	@ (1000573c <tud_task_ext+0x6a8>)
10005722:	4698      	mov	r8, r3
10005724:	781a      	ldrb	r2, [r3, #0]
10005726:	9105      	str	r1, [sp, #20]
10005728:	2300      	movs	r3, #0
1000572a:	0029      	movs	r1, r5
1000572c:	001d      	movs	r5, r3
1000572e:	468a      	mov	sl, r1
10005730:	e01b      	b.n	1000576a <tud_task_ext+0x6d6>
10005732:	46c0      	nop			@ (mov r8, r8)
10005734:	20001fe9 	.word	0x20001fe9
10005738:	10007474 	.word	0x10007474
1000573c:	200013e8 	.word	0x200013e8
10005740:	200015ac 	.word	0x200015ac
10005744:	10007418 	.word	0x10007418
10005748:	9b05      	ldr	r3, [sp, #20]
1000574a:	016a      	lsls	r2, r5, #5
1000574c:	681b      	ldr	r3, [r3, #0]
1000574e:	189b      	adds	r3, r3, r2
10005750:	2b00      	cmp	r3, #0
10005752:	d04d      	beq.n	100057f0 <tud_task_ext+0x75c>
10005754:	68db      	ldr	r3, [r3, #12]
10005756:	4658      	mov	r0, fp
10005758:	4798      	blx	r3
1000575a:	4643      	mov	r3, r8
1000575c:	781a      	ldrb	r2, [r3, #0]
1000575e:	3501      	adds	r5, #1
10005760:	b2ed      	uxtb	r5, r5
10005762:	1c51      	adds	r1, r2, #1
10005764:	002b      	movs	r3, r5
10005766:	428d      	cmp	r5, r1
10005768:	dc2e      	bgt.n	100057c8 <tud_task_ext+0x734>
1000576a:	4295      	cmp	r5, r2
1000576c:	d3ec      	bcc.n	10005748 <tud_task_ext+0x6b4>
1000576e:	1a9b      	subs	r3, r3, r2
10005770:	9a04      	ldr	r2, [sp, #16]
10005772:	015b      	lsls	r3, r3, #5
10005774:	4694      	mov	ip, r2
10005776:	4463      	add	r3, ip
10005778:	e7ec      	b.n	10005754 <tud_task_ext+0x6c0>
1000577a:	ab0c      	add	r3, sp, #48	@ 0x30
1000577c:	1c9a      	adds	r2, r3, #2
1000577e:	4658      	mov	r0, fp
10005780:	2301      	movs	r3, #1
10005782:	a90e      	add	r1, sp, #56	@ 0x38
10005784:	7015      	strb	r5, [r2, #0]
10005786:	f000 f951 	bl	10005a2c <tud_control_xfer>
1000578a:	e499      	b.n	100050c0 <tud_task_ext+0x2c>
1000578c:	9a0b      	ldr	r2, [sp, #44]	@ 0x2c
1000578e:	2a01      	cmp	r2, #1
10005790:	d04f      	beq.n	10005832 <tud_task_ext+0x79e>
10005792:	2a00      	cmp	r2, #0
10005794:	d03c      	beq.n	10005810 <tud_task_ext+0x77c>
10005796:	2300      	movs	r3, #0
10005798:	78b0      	ldrb	r0, [r6, #2]
1000579a:	e004      	b.n	100057a6 <tud_task_ext+0x712>
1000579c:	3301      	adds	r3, #1
1000579e:	b2db      	uxtb	r3, r3
100057a0:	710f      	strb	r7, [r1, #4]
100057a2:	4293      	cmp	r3, r2
100057a4:	d234      	bcs.n	10005810 <tud_task_ext+0x77c>
100057a6:	18c1      	adds	r1, r0, r3
100057a8:	b2c9      	uxtb	r1, r1
100057aa:	4441      	add	r1, r8
100057ac:	790d      	ldrb	r5, [r1, #4]
100057ae:	2dff      	cmp	r5, #255	@ 0xff
100057b0:	d0f4      	beq.n	1000579c <tud_task_ext+0x708>
100057b2:	464e      	mov	r6, r9
100057b4:	4645      	mov	r5, r8
100057b6:	4657      	mov	r7, sl
100057b8:	2300      	movs	r3, #0
100057ba:	706b      	strb	r3, [r5, #1]
100057bc:	e5ec      	b.n	10005398 <tud_task_ext+0x304>
100057be:	464e      	mov	r6, r9
100057c0:	4657      	mov	r7, sl
100057c2:	f7ff fbd5 	bl	10004f70 <tud_mount_cb>
100057c6:	e63e      	b.n	10005446 <tud_task_ext+0x3b2>
100057c8:	4655      	mov	r5, sl
100057ca:	2254      	movs	r2, #84	@ 0x54
100057cc:	2100      	movs	r1, #0
100057ce:	0028      	movs	r0, r5
100057d0:	f7fc ffcc 	bl	1000276c <__wrap_memset>
100057d4:	2210      	movs	r2, #16
100057d6:	21ff      	movs	r1, #255	@ 0xff
100057d8:	1d28      	adds	r0, r5, #4
100057da:	f7fc ffc7 	bl	1000276c <__wrap_memset>
100057de:	0028      	movs	r0, r5
100057e0:	2220      	movs	r2, #32
100057e2:	21ff      	movs	r1, #255	@ 0xff
100057e4:	3014      	adds	r0, #20
100057e6:	f7fc ffc1 	bl	1000276c <__wrap_memset>
100057ea:	9b03      	ldr	r3, [sp, #12]
100057ec:	70ab      	strb	r3, [r5, #2]
100057ee:	e657      	b.n	100054a0 <tud_task_ext+0x40c>
100057f0:	4655      	mov	r5, sl
100057f2:	e7fa      	b.n	100057ea <tud_task_ext+0x756>
100057f4:	f7fe feaa 	bl	1000454c <tud_descriptor_bos_cb>
100057f8:	1e02      	subs	r2, r0, #0
100057fa:	d100      	bne.n	100057fe <tud_task_ext+0x76a>
100057fc:	e5cc      	b.n	10005398 <tud_task_ext+0x304>
100057fe:	78d3      	ldrb	r3, [r2, #3]
10005800:	7891      	ldrb	r1, [r2, #2]
10005802:	021b      	lsls	r3, r3, #8
10005804:	430b      	orrs	r3, r1
10005806:	4658      	mov	r0, fp
10005808:	a90e      	add	r1, sp, #56	@ 0x38
1000580a:	f000 f90f 	bl	10005a2c <tud_control_xfer>
1000580e:	e5d4      	b.n	100053ba <tud_task_ext+0x326>
10005810:	4665      	mov	r5, ip
10005812:	003b      	movs	r3, r7
10005814:	002a      	movs	r2, r5
10005816:	0031      	movs	r1, r6
10005818:	980a      	ldr	r0, [sp, #40]	@ 0x28
1000581a:	f000 fe7f 	bl	1000651c <tu_edpt_bind_driver>
1000581e:	46ac      	mov	ip, r5
10005820:	9b04      	ldr	r3, [sp, #16]
10005822:	9a03      	ldr	r2, [sp, #12]
10005824:	781b      	ldrb	r3, [r3, #0]
10005826:	4466      	add	r6, ip
10005828:	3301      	adds	r3, #1
1000582a:	4293      	cmp	r3, r2
1000582c:	db00      	blt.n	10005830 <tud_task_ext+0x79c>
1000582e:	e66c      	b.n	1000550a <tud_task_ext+0x476>
10005830:	e7bf      	b.n	100057b2 <tud_task_ext+0x71e>
10005832:	4b17      	ldr	r3, [pc, #92]	@ (10005890 <tud_task_ext+0x7fc>)
10005834:	6929      	ldr	r1, [r5, #16]
10005836:	4299      	cmp	r1, r3
10005838:	d1ad      	bne.n	10005796 <tud_task_ext+0x702>
1000583a:	9a07      	ldr	r2, [sp, #28]
1000583c:	e7ab      	b.n	10005796 <tud_task_ext+0x702>
1000583e:	f7ff fb93 	bl	10004f68 <tud_descriptor_device_qualifier_cb>
10005842:	1e02      	subs	r2, r0, #0
10005844:	d100      	bne.n	10005848 <tud_task_ext+0x7b4>
10005846:	e5a7      	b.n	10005398 <tud_task_ext+0x304>
10005848:	4658      	mov	r0, fp
1000584a:	7813      	ldrb	r3, [r2, #0]
1000584c:	a90e      	add	r1, sp, #56	@ 0x38
1000584e:	f000 f8ed 	bl	10005a2c <tud_control_xfer>
10005852:	e5b2      	b.n	100053ba <tud_task_ext+0x326>
10005854:	8921      	ldrh	r1, [r4, #8]
10005856:	f7ff f8c3 	bl	100049e0 <tud_descriptor_string_cb>
1000585a:	1e02      	subs	r2, r0, #0
1000585c:	d1f4      	bne.n	10005848 <tud_task_ext+0x7b4>
1000585e:	e59b      	b.n	10005398 <tud_task_ext+0x304>
10005860:	2a02      	cmp	r2, #2
10005862:	d00f      	beq.n	10005884 <tud_task_ext+0x7f0>
10005864:	f7ff fb82 	bl	10004f6c <tud_descriptor_other_speed_configuration_cb>
10005868:	1e02      	subs	r2, r0, #0
1000586a:	d1c8      	bne.n	100057fe <tud_task_ext+0x76a>
1000586c:	e594      	b.n	10005398 <tud_task_ext+0x304>
1000586e:	f7ff f8af 	bl	100049d0 <tud_descriptor_device_cb>
10005872:	1e02      	subs	r2, r0, #0
10005874:	d100      	bne.n	10005878 <tud_task_ext+0x7e4>
10005876:	e58f      	b.n	10005398 <tud_task_ext+0x304>
10005878:	2312      	movs	r3, #18
1000587a:	4658      	mov	r0, fp
1000587c:	a90e      	add	r1, sp, #56	@ 0x38
1000587e:	f000 f8d5 	bl	10005a2c <tud_control_xfer>
10005882:	e59a      	b.n	100053ba <tud_task_ext+0x326>
10005884:	f7ff f8a8 	bl	100049d8 <tud_descriptor_configuration_cb>
10005888:	1e02      	subs	r2, r0, #0
1000588a:	d1b8      	bne.n	100057fe <tud_task_ext+0x76a>
1000588c:	e584      	b.n	10005398 <tud_task_ext+0x304>
1000588e:	46c0      	nop			@ (mov r8, r8)
10005890:	10005ee5 	.word	0x10005ee5

10005894 <usbd_open_edpt_pair>:
10005894:	b5f8      	push	{r3, r4, r5, r6, r7, lr}
10005896:	4657      	mov	r7, sl
10005898:	464e      	mov	r6, r9
1000589a:	46de      	mov	lr, fp
1000589c:	4645      	mov	r5, r8
1000589e:	000c      	movs	r4, r1
100058a0:	b5e0      	push	{r5, r6, r7, lr}
100058a2:	0016      	movs	r6, r2
100058a4:	001f      	movs	r7, r3
100058a6:	2a00      	cmp	r2, #0
100058a8:	d03c      	beq.n	10005924 <usbd_open_edpt_pair+0x90>
100058aa:	2370      	movs	r3, #112	@ 0x70
100058ac:	4698      	mov	r8, r3
100058ae:	4b1e      	ldr	r3, [pc, #120]	@ (10005928 <usbd_open_edpt_pair+0x94>)
100058b0:	2500      	movs	r5, #0
100058b2:	469b      	mov	fp, r3
100058b4:	4b1d      	ldr	r3, [pc, #116]	@ (1000592c <usbd_open_edpt_pair+0x98>)
100058b6:	469a      	mov	sl, r3
100058b8:	e01a      	b.n	100058f0 <usbd_open_edpt_pair+0x5c>
100058ba:	465b      	mov	r3, fp
100058bc:	781b      	ldrb	r3, [r3, #0]
100058be:	0020      	movs	r0, r4
100058c0:	4699      	mov	r9, r3
100058c2:	4653      	mov	r3, sl
100058c4:	7899      	ldrb	r1, [r3, #2]
100058c6:	f000 fdeb 	bl	100064a0 <tu_edpt_validate>
100058ca:	2800      	cmp	r0, #0
100058cc:	d01c      	beq.n	10005908 <usbd_open_edpt_pair+0x74>
100058ce:	0021      	movs	r1, r4
100058d0:	4648      	mov	r0, r9
100058d2:	f7ff fa2f 	bl	10004d34 <dcd_edpt_open>
100058d6:	2800      	cmp	r0, #0
100058d8:	d016      	beq.n	10005908 <usbd_open_edpt_pair+0x74>
100058da:	78a3      	ldrb	r3, [r4, #2]
100058dc:	09da      	lsrs	r2, r3, #7
100058de:	2a01      	cmp	r2, #1
100058e0:	d019      	beq.n	10005916 <usbd_open_edpt_pair+0x82>
100058e2:	9a0a      	ldr	r2, [sp, #40]	@ 0x28
100058e4:	3501      	adds	r5, #1
100058e6:	7013      	strb	r3, [r2, #0]
100058e8:	7823      	ldrb	r3, [r4, #0]
100058ea:	18e4      	adds	r4, r4, r3
100058ec:	42b5      	cmp	r5, r6
100058ee:	da19      	bge.n	10005924 <usbd_open_edpt_pair+0x90>
100058f0:	7863      	ldrb	r3, [r4, #1]
100058f2:	2b05      	cmp	r3, #5
100058f4:	d108      	bne.n	10005908 <usbd_open_edpt_pair+0x74>
100058f6:	78e3      	ldrb	r3, [r4, #3]
100058f8:	079b      	lsls	r3, r3, #30
100058fa:	0f9b      	lsrs	r3, r3, #30
100058fc:	42bb      	cmp	r3, r7
100058fe:	d103      	bne.n	10005908 <usbd_open_edpt_pair+0x74>
10005900:	4642      	mov	r2, r8
10005902:	78a3      	ldrb	r3, [r4, #2]
10005904:	421a      	tst	r2, r3
10005906:	d0d8      	beq.n	100058ba <usbd_open_edpt_pair+0x26>
10005908:	2000      	movs	r0, #0
1000590a:	bcf0      	pop	{r4, r5, r6, r7}
1000590c:	46bb      	mov	fp, r7
1000590e:	46b2      	mov	sl, r6
10005910:	46a9      	mov	r9, r5
10005912:	46a0      	mov	r8, r4
10005914:	bdf8      	pop	{r3, r4, r5, r6, r7, pc}
10005916:	9a0b      	ldr	r2, [sp, #44]	@ 0x2c
10005918:	3501      	adds	r5, #1
1000591a:	7013      	strb	r3, [r2, #0]
1000591c:	7823      	ldrb	r3, [r4, #0]
1000591e:	18e4      	adds	r4, r4, r3
10005920:	42b5      	cmp	r5, r6
10005922:	dbe5      	blt.n	100058f0 <usbd_open_edpt_pair+0x5c>
10005924:	2001      	movs	r0, #1
10005926:	e7f0      	b.n	1000590a <usbd_open_edpt_pair+0x76>
10005928:	20001054 	.word	0x20001054
1000592c:	20001598 	.word	0x20001598

10005930 <usbd_edpt_open>:
10005930:	2270      	movs	r2, #112	@ 0x70
10005932:	b570      	push	{r4, r5, r6, lr}
10005934:	788b      	ldrb	r3, [r1, #2]
10005936:	000c      	movs	r4, r1
10005938:	421a      	tst	r2, r3
1000593a:	d001      	beq.n	10005940 <usbd_edpt_open+0x10>
1000593c:	2000      	movs	r0, #0
1000593e:	bd70      	pop	{r4, r5, r6, pc}
10005940:	4b06      	ldr	r3, [pc, #24]	@ (1000595c <usbd_edpt_open+0x2c>)
10005942:	0020      	movs	r0, r4
10005944:	781d      	ldrb	r5, [r3, #0]
10005946:	4b06      	ldr	r3, [pc, #24]	@ (10005960 <usbd_edpt_open+0x30>)
10005948:	7899      	ldrb	r1, [r3, #2]
1000594a:	f000 fda9 	bl	100064a0 <tu_edpt_validate>
1000594e:	2800      	cmp	r0, #0
10005950:	d0f4      	beq.n	1000593c <usbd_edpt_open+0xc>
10005952:	0021      	movs	r1, r4
10005954:	0028      	movs	r0, r5
10005956:	f7ff f9ed 	bl	10004d34 <dcd_edpt_open>
1000595a:	e7f0      	b.n	1000593e <usbd_edpt_open+0xe>
1000595c:	20001054 	.word	0x20001054
10005960:	20001598 	.word	0x20001598

10005964 <usbd_edpt_claim>:
10005964:	000b      	movs	r3, r1
10005966:	207f      	movs	r0, #127	@ 0x7f
10005968:	b510      	push	{r4, lr}
1000596a:	4018      	ands	r0, r3
1000596c:	09db      	lsrs	r3, r3, #7
1000596e:	3334      	adds	r3, #52	@ 0x34
10005970:	0040      	lsls	r0, r0, #1
10005972:	4a04      	ldr	r2, [pc, #16]	@ (10005984 <usbd_edpt_claim+0x20>)
10005974:	18c0      	adds	r0, r0, r3
10005976:	4b04      	ldr	r3, [pc, #16]	@ (10005988 <usbd_edpt_claim+0x24>)
10005978:	6811      	ldr	r1, [r2, #0]
1000597a:	18c0      	adds	r0, r0, r3
1000597c:	f000 fd4c 	bl	10006418 <tu_edpt_claim>
10005980:	bd10      	pop	{r4, pc}
10005982:	46c0      	nop			@ (mov r8, r8)
10005984:	200015ec 	.word	0x200015ec
10005988:	20001598 	.word	0x20001598

1000598c <usbd_edpt_release>:
1000598c:	000b      	movs	r3, r1
1000598e:	207f      	movs	r0, #127	@ 0x7f
10005990:	b510      	push	{r4, lr}
10005992:	4018      	ands	r0, r3
10005994:	09db      	lsrs	r3, r3, #7
10005996:	3334      	adds	r3, #52	@ 0x34
10005998:	0040      	lsls	r0, r0, #1
1000599a:	4a04      	ldr	r2, [pc, #16]	@ (100059ac <usbd_edpt_release+0x20>)
1000599c:	18c0      	adds	r0, r0, r3
1000599e:	4b04      	ldr	r3, [pc, #16]	@ (100059b0 <usbd_edpt_release+0x24>)
100059a0:	6811      	ldr	r1, [r2, #0]
100059a2:	18c0      	adds	r0, r0, r3
100059a4:	f000 fd60 	bl	10006468 <tu_edpt_release>
100059a8:	bd10      	pop	{r4, pc}
100059aa:	46c0      	nop			@ (mov r8, r8)
100059ac:	200015ec 	.word	0x200015ec
100059b0:	20001598 	.word	0x20001598

100059b4 <usbd_edpt_xfer>:
100059b4:	b570      	push	{r4, r5, r6, lr}
100059b6:	247f      	movs	r4, #127	@ 0x7f
100059b8:	480f      	ldr	r0, [pc, #60]	@ (100059f8 <usbd_edpt_xfer+0x44>)
100059ba:	400c      	ands	r4, r1
100059bc:	0064      	lsls	r4, r4, #1
100059be:	1904      	adds	r4, r0, r4
100059c0:	09cd      	lsrs	r5, r1, #7
100059c2:	1964      	adds	r4, r4, r5
100059c4:	3430      	adds	r4, #48	@ 0x30
100059c6:	7920      	ldrb	r0, [r4, #4]
100059c8:	07c0      	lsls	r0, r0, #31
100059ca:	d501      	bpl.n	100059d0 <usbd_edpt_xfer+0x1c>
100059cc:	2000      	movs	r0, #0
100059ce:	bd70      	pop	{r4, r5, r6, pc}
100059d0:	2601      	movs	r6, #1
100059d2:	7925      	ldrb	r5, [r4, #4]
100059d4:	4809      	ldr	r0, [pc, #36]	@ (100059fc <usbd_edpt_xfer+0x48>)
100059d6:	4335      	orrs	r5, r6
100059d8:	7800      	ldrb	r0, [r0, #0]
100059da:	7125      	strb	r5, [r4, #4]
100059dc:	f7ff fa38 	bl	10004e50 <dcd_edpt_xfer>
100059e0:	2800      	cmp	r0, #0
100059e2:	d1f4      	bne.n	100059ce <usbd_edpt_xfer+0x1a>
100059e4:	2201      	movs	r2, #1
100059e6:	7923      	ldrb	r3, [r4, #4]
100059e8:	4393      	bics	r3, r2
100059ea:	7123      	strb	r3, [r4, #4]
100059ec:	7923      	ldrb	r3, [r4, #4]
100059ee:	3203      	adds	r2, #3
100059f0:	4393      	bics	r3, r2
100059f2:	7123      	strb	r3, [r4, #4]
100059f4:	e7ea      	b.n	100059cc <usbd_edpt_xfer+0x18>
100059f6:	46c0      	nop			@ (mov r8, r8)
100059f8:	20001598 	.word	0x20001598
100059fc:	20001054 	.word	0x20001054

10005a00 <tud_control_status>:
10005a00:	b570      	push	{r4, r5, r6, lr}
10005a02:	4c09      	ldr	r4, [pc, #36]	@ (10005a28 <tud_control_status+0x28>)
10005a04:	0006      	movs	r6, r0
10005a06:	2208      	movs	r2, #8
10005a08:	0020      	movs	r0, r4
10005a0a:	000d      	movs	r5, r1
10005a0c:	f7fc feb4 	bl	10002778 <__wrap___aeabi_memcpy>
10005a10:	2300      	movs	r3, #0
10005a12:	2180      	movs	r1, #128	@ 0x80
10005a14:	60e3      	str	r3, [r4, #12]
10005a16:	60a3      	str	r3, [r4, #8]
10005a18:	782b      	ldrb	r3, [r5, #0]
10005a1a:	0030      	movs	r0, r6
10005a1c:	4399      	bics	r1, r3
10005a1e:	2200      	movs	r2, #0
10005a20:	2300      	movs	r3, #0
10005a22:	f7ff ffc7 	bl	100059b4 <usbd_edpt_xfer>
10005a26:	bd70      	pop	{r4, r5, r6, pc}
10005a28:	20001578 	.word	0x20001578

10005a2c <tud_control_xfer>:
10005a2c:	b5f8      	push	{r3, r4, r5, r6, r7, lr}
10005a2e:	46ce      	mov	lr, r9
10005a30:	4647      	mov	r7, r8
10005a32:	4690      	mov	r8, r2
10005a34:	4e25      	ldr	r6, [pc, #148]	@ (10005acc <tud_control_xfer+0xa0>)
10005a36:	b580      	push	{r7, lr}
10005a38:	4681      	mov	r9, r0
10005a3a:	2208      	movs	r2, #8
10005a3c:	0030      	movs	r0, r6
10005a3e:	000d      	movs	r5, r1
10005a40:	001f      	movs	r7, r3
10005a42:	f7fc fe99 	bl	10002778 <__wrap___aeabi_memcpy>
10005a46:	4643      	mov	r3, r8
10005a48:	60b3      	str	r3, [r6, #8]
10005a4a:	2300      	movs	r3, #0
10005a4c:	81f3      	strh	r3, [r6, #14]
10005a4e:	79ec      	ldrb	r4, [r5, #7]
10005a50:	79ab      	ldrb	r3, [r5, #6]
10005a52:	0224      	lsls	r4, r4, #8
10005a54:	431c      	orrs	r4, r3
10005a56:	1c23      	adds	r3, r4, #0
10005a58:	42bc      	cmp	r4, r7
10005a5a:	d900      	bls.n	10005a5e <tud_control_xfer+0x32>
10005a5c:	1c3b      	adds	r3, r7, #0
10005a5e:	b29f      	uxth	r7, r3
10005a60:	81b3      	strh	r3, [r6, #12]
10005a62:	2c00      	cmp	r4, #0
10005a64:	d00d      	beq.n	10005a82 <tud_control_xfer+0x56>
10005a66:	2f00      	cmp	r7, #0
10005a68:	d017      	beq.n	10005a9a <tud_control_xfer+0x6e>
10005a6a:	4642      	mov	r2, r8
10005a6c:	2a00      	cmp	r2, #0
10005a6e:	d02b      	beq.n	10005ac8 <tud_control_xfer+0x9c>
10005a70:	2f40      	cmp	r7, #64	@ 0x40
10005a72:	d81b      	bhi.n	10005aac <tud_control_xfer+0x80>
10005a74:	b29f      	uxth	r7, r3
10005a76:	7833      	ldrb	r3, [r6, #0]
10005a78:	2b7f      	cmp	r3, #127	@ 0x7f
10005a7a:	d81c      	bhi.n	10005ab6 <tud_control_xfer+0x8a>
10005a7c:	2100      	movs	r1, #0
10005a7e:	4a14      	ldr	r2, [pc, #80]	@ (10005ad0 <tud_control_xfer+0xa4>)
10005a80:	e00f      	b.n	10005aa2 <tud_control_xfer+0x76>
10005a82:	2180      	movs	r1, #128	@ 0x80
10005a84:	782b      	ldrb	r3, [r5, #0]
10005a86:	2200      	movs	r2, #0
10005a88:	4399      	bics	r1, r3
10005a8a:	4648      	mov	r0, r9
10005a8c:	2300      	movs	r3, #0
10005a8e:	f7ff ff91 	bl	100059b4 <usbd_edpt_xfer>
10005a92:	bcc0      	pop	{r6, r7}
10005a94:	46b9      	mov	r9, r7
10005a96:	46b0      	mov	r8, r6
10005a98:	bdf8      	pop	{r3, r4, r5, r6, r7, pc}
10005a9a:	237f      	movs	r3, #127	@ 0x7f
10005a9c:	2200      	movs	r2, #0
10005a9e:	7831      	ldrb	r1, [r6, #0]
10005aa0:	4399      	bics	r1, r3
10005aa2:	003b      	movs	r3, r7
10005aa4:	4648      	mov	r0, r9
10005aa6:	f7ff ff85 	bl	100059b4 <usbd_edpt_xfer>
10005aaa:	e7f2      	b.n	10005a92 <tud_control_xfer+0x66>
10005aac:	2340      	movs	r3, #64	@ 0x40
10005aae:	b29f      	uxth	r7, r3
10005ab0:	7833      	ldrb	r3, [r6, #0]
10005ab2:	2b7f      	cmp	r3, #127	@ 0x7f
10005ab4:	d9e2      	bls.n	10005a7c <tud_control_xfer+0x50>
10005ab6:	4c06      	ldr	r4, [pc, #24]	@ (10005ad0 <tud_control_xfer+0xa4>)
10005ab8:	003a      	movs	r2, r7
10005aba:	4641      	mov	r1, r8
10005abc:	0020      	movs	r0, r4
10005abe:	f7fc fe5b 	bl	10002778 <__wrap___aeabi_memcpy>
10005ac2:	2180      	movs	r1, #128	@ 0x80
10005ac4:	0022      	movs	r2, r4
10005ac6:	e7ec      	b.n	10005aa2 <tud_control_xfer+0x76>
10005ac8:	2000      	movs	r0, #0
10005aca:	e7e2      	b.n	10005a92 <tud_control_xfer+0x66>
10005acc:	20001578 	.word	0x20001578
10005ad0:	20001538 	.word	0x20001538

10005ad4 <usbd_control_reset>:
10005ad4:	b510      	push	{r4, lr}
10005ad6:	2214      	movs	r2, #20
10005ad8:	2100      	movs	r1, #0
10005ada:	4802      	ldr	r0, [pc, #8]	@ (10005ae4 <usbd_control_reset+0x10>)
10005adc:	f7fc fe46 	bl	1000276c <__wrap_memset>
10005ae0:	bd10      	pop	{r4, pc}
10005ae2:	46c0      	nop			@ (mov r8, r8)
10005ae4:	20001578 	.word	0x20001578

10005ae8 <usbd_control_set_complete_callback>:
10005ae8:	4b01      	ldr	r3, [pc, #4]	@ (10005af0 <usbd_control_set_complete_callback+0x8>)
10005aea:	6118      	str	r0, [r3, #16]
10005aec:	4770      	bx	lr
10005aee:	46c0      	nop			@ (mov r8, r8)
10005af0:	20001578 	.word	0x20001578

10005af4 <usbd_control_set_request>:
10005af4:	b510      	push	{r4, lr}
10005af6:	4c05      	ldr	r4, [pc, #20]	@ (10005b0c <usbd_control_set_request+0x18>)
10005af8:	0001      	movs	r1, r0
10005afa:	2208      	movs	r2, #8
10005afc:	0020      	movs	r0, r4
10005afe:	f7fc fe3b 	bl	10002778 <__wrap___aeabi_memcpy>
10005b02:	2300      	movs	r3, #0
10005b04:	60a3      	str	r3, [r4, #8]
10005b06:	60e3      	str	r3, [r4, #12]
10005b08:	bd10      	pop	{r4, pc}
10005b0a:	46c0      	nop			@ (mov r8, r8)
10005b0c:	20001578 	.word	0x20001578

10005b10 <usbd_control_xfer_cb>:
10005b10:	b570      	push	{r4, r5, r6, lr}
10005b12:	4c38      	ldr	r4, [pc, #224]	@ (10005bf4 <usbd_control_xfer_cb+0xe4>)
10005b14:	001d      	movs	r5, r3
10005b16:	7823      	ldrb	r3, [r4, #0]
10005b18:	0006      	movs	r6, r0
10005b1a:	09da      	lsrs	r2, r3, #7
10005b1c:	09c9      	lsrs	r1, r1, #7
10005b1e:	428a      	cmp	r2, r1
10005b20:	d010      	beq.n	10005b44 <usbd_control_xfer_cb+0x34>
10005b22:	2000      	movs	r0, #0
10005b24:	2d00      	cmp	r5, #0
10005b26:	d000      	beq.n	10005b2a <usbd_control_xfer_cb+0x1a>
10005b28:	bd70      	pop	{r4, r5, r6, pc}
10005b2a:	0021      	movs	r1, r4
10005b2c:	0030      	movs	r0, r6
10005b2e:	f7ff f8f3 	bl	10004d18 <dcd_edpt0_status_complete>
10005b32:	6923      	ldr	r3, [r4, #16]
10005b34:	2b00      	cmp	r3, #0
10005b36:	d003      	beq.n	10005b40 <usbd_control_xfer_cb+0x30>
10005b38:	0022      	movs	r2, r4
10005b3a:	2103      	movs	r1, #3
10005b3c:	0030      	movs	r0, r6
10005b3e:	4798      	blx	r3
10005b40:	2001      	movs	r0, #1
10005b42:	e7f1      	b.n	10005b28 <usbd_control_xfer_cb+0x18>
10005b44:	2b7f      	cmp	r3, #127	@ 0x7f
10005b46:	d806      	bhi.n	10005b56 <usbd_control_xfer_cb+0x46>
10005b48:	68a0      	ldr	r0, [r4, #8]
10005b4a:	2800      	cmp	r0, #0
10005b4c:	d034      	beq.n	10005bb8 <usbd_control_xfer_cb+0xa8>
10005b4e:	002a      	movs	r2, r5
10005b50:	4929      	ldr	r1, [pc, #164]	@ (10005bf8 <usbd_control_xfer_cb+0xe8>)
10005b52:	f7fc fe11 	bl	10002778 <__wrap___aeabi_memcpy>
10005b56:	89e2      	ldrh	r2, [r4, #14]
10005b58:	68a1      	ldr	r1, [r4, #8]
10005b5a:	1952      	adds	r2, r2, r5
10005b5c:	88e3      	ldrh	r3, [r4, #6]
10005b5e:	b292      	uxth	r2, r2
10005b60:	1949      	adds	r1, r1, r5
10005b62:	81e2      	strh	r2, [r4, #14]
10005b64:	60a1      	str	r1, [r4, #8]
10005b66:	4293      	cmp	r3, r2
10005b68:	d014      	beq.n	10005b94 <usbd_control_xfer_cb+0x84>
10005b6a:	2d3f      	cmp	r5, #63	@ 0x3f
10005b6c:	d912      	bls.n	10005b94 <usbd_control_xfer_cb+0x84>
10005b6e:	89a3      	ldrh	r3, [r4, #12]
10005b70:	1a98      	subs	r0, r3, r2
10005b72:	1c05      	adds	r5, r0, #0
10005b74:	b280      	uxth	r0, r0
10005b76:	2840      	cmp	r0, #64	@ 0x40
10005b78:	d82a      	bhi.n	10005bd0 <usbd_control_xfer_cb+0xc0>
10005b7a:	7820      	ldrb	r0, [r4, #0]
10005b7c:	b2ad      	uxth	r5, r5
10005b7e:	287f      	cmp	r0, #127	@ 0x7f
10005b80:	d828      	bhi.n	10005bd4 <usbd_control_xfer_cb+0xc4>
10005b82:	2100      	movs	r1, #0
10005b84:	429a      	cmp	r2, r3
10005b86:	d032      	beq.n	10005bee <usbd_control_xfer_cb+0xde>
10005b88:	4a1b      	ldr	r2, [pc, #108]	@ (10005bf8 <usbd_control_xfer_cb+0xe8>)
10005b8a:	002b      	movs	r3, r5
10005b8c:	0030      	movs	r0, r6
10005b8e:	f7ff ff11 	bl	100059b4 <usbd_edpt_xfer>
10005b92:	e7c9      	b.n	10005b28 <usbd_control_xfer_cb+0x18>
10005b94:	6923      	ldr	r3, [r4, #16]
10005b96:	2b00      	cmp	r3, #0
10005b98:	d005      	beq.n	10005ba6 <usbd_control_xfer_cb+0x96>
10005b9a:	0022      	movs	r2, r4
10005b9c:	2102      	movs	r1, #2
10005b9e:	0030      	movs	r0, r6
10005ba0:	4798      	blx	r3
10005ba2:	2800      	cmp	r0, #0
10005ba4:	d00a      	beq.n	10005bbc <usbd_control_xfer_cb+0xac>
10005ba6:	2180      	movs	r1, #128	@ 0x80
10005ba8:	7823      	ldrb	r3, [r4, #0]
10005baa:	2200      	movs	r2, #0
10005bac:	4399      	bics	r1, r3
10005bae:	0030      	movs	r0, r6
10005bb0:	2300      	movs	r3, #0
10005bb2:	f7ff feff 	bl	100059b4 <usbd_edpt_xfer>
10005bb6:	e7b7      	b.n	10005b28 <usbd_control_xfer_cb+0x18>
10005bb8:	2000      	movs	r0, #0
10005bba:	e7b5      	b.n	10005b28 <usbd_control_xfer_cb+0x18>
10005bbc:	2100      	movs	r1, #0
10005bbe:	0030      	movs	r0, r6
10005bc0:	f7ff f958 	bl	10004e74 <dcd_edpt_stall>
10005bc4:	0030      	movs	r0, r6
10005bc6:	2180      	movs	r1, #128	@ 0x80
10005bc8:	f7ff f954 	bl	10004e74 <dcd_edpt_stall>
10005bcc:	2001      	movs	r0, #1
10005bce:	e7ab      	b.n	10005b28 <usbd_control_xfer_cb+0x18>
10005bd0:	2540      	movs	r5, #64	@ 0x40
10005bd2:	e7d2      	b.n	10005b7a <usbd_control_xfer_cb+0x6a>
10005bd4:	429a      	cmp	r2, r3
10005bd6:	d007      	beq.n	10005be8 <usbd_control_xfer_cb+0xd8>
10005bd8:	4c07      	ldr	r4, [pc, #28]	@ (10005bf8 <usbd_control_xfer_cb+0xe8>)
10005bda:	002a      	movs	r2, r5
10005bdc:	0020      	movs	r0, r4
10005bde:	f7fc fdcb 	bl	10002778 <__wrap___aeabi_memcpy>
10005be2:	2180      	movs	r1, #128	@ 0x80
10005be4:	0022      	movs	r2, r4
10005be6:	e7d0      	b.n	10005b8a <usbd_control_xfer_cb+0x7a>
10005be8:	2180      	movs	r1, #128	@ 0x80
10005bea:	2200      	movs	r2, #0
10005bec:	e7cd      	b.n	10005b8a <usbd_control_xfer_cb+0x7a>
10005bee:	2200      	movs	r2, #0
10005bf0:	e7cb      	b.n	10005b8a <usbd_control_xfer_cb+0x7a>
10005bf2:	46c0      	nop			@ (mov r8, r8)
10005bf4:	20001578 	.word	0x20001578
10005bf8:	20001538 	.word	0x20001538

10005bfc <_prep_out_transaction.isra.0>:
10005bfc:	b570      	push	{r4, r5, r6, lr}
10005bfe:	0004      	movs	r4, r0
10005c00:	f7ff f9be 	bl	10004f80 <tud_mounted>
10005c04:	2800      	cmp	r0, #0
10005c06:	d100      	bne.n	10005c0a <_prep_out_transaction.isra.0+0xe>
10005c08:	bd70      	pop	{r4, r5, r6, pc}
10005c0a:	f7ff f9c1 	bl	10004f90 <tud_suspended>
10005c0e:	2800      	cmp	r0, #0
10005c10:	d1fa      	bne.n	10005c08 <_prep_out_transaction.isra.0+0xc>
10005c12:	23c8      	movs	r3, #200	@ 0xc8
10005c14:	4363      	muls	r3, r4
10005c16:	4d12      	ldr	r5, [pc, #72]	@ (10005c60 <_prep_out_transaction.isra.0+0x64>)
10005c18:	18ee      	adds	r6, r5, r3
10005c1a:	78f1      	ldrb	r1, [r6, #3]
10005c1c:	2900      	cmp	r1, #0
10005c1e:	d0f3      	beq.n	10005c08 <_prep_out_transaction.isra.0+0xc>
10005c20:	3310      	adds	r3, #16
10005c22:	195d      	adds	r5, r3, r5
10005c24:	0028      	movs	r0, r5
10005c26:	f000 fdf3 	bl	10006810 <tu_fifo_remaining>
10005c2a:	283f      	cmp	r0, #63	@ 0x3f
10005c2c:	d9ec      	bls.n	10005c08 <_prep_out_transaction.isra.0+0xc>
10005c2e:	2000      	movs	r0, #0
10005c30:	78f1      	ldrb	r1, [r6, #3]
10005c32:	f7ff fe97 	bl	10005964 <usbd_edpt_claim>
10005c36:	2800      	cmp	r0, #0
10005c38:	d0e6      	beq.n	10005c08 <_prep_out_transaction.isra.0+0xc>
10005c3a:	0028      	movs	r0, r5
10005c3c:	f000 fde8 	bl	10006810 <tu_fifo_remaining>
10005c40:	78f1      	ldrb	r1, [r6, #3]
10005c42:	283f      	cmp	r0, #63	@ 0x3f
10005c44:	d907      	bls.n	10005c56 <_prep_out_transaction.isra.0+0x5a>
10005c46:	4b07      	ldr	r3, [pc, #28]	@ (10005c64 <_prep_out_transaction.isra.0+0x68>)
10005c48:	01e2      	lsls	r2, r4, #7
10005c4a:	18d2      	adds	r2, r2, r3
10005c4c:	2000      	movs	r0, #0
10005c4e:	2340      	movs	r3, #64	@ 0x40
10005c50:	f7ff feb0 	bl	100059b4 <usbd_edpt_xfer>
10005c54:	e7d8      	b.n	10005c08 <_prep_out_transaction.isra.0+0xc>
10005c56:	2000      	movs	r0, #0
10005c58:	f7ff fe98 	bl	1000598c <usbd_edpt_release>
10005c5c:	e7d4      	b.n	10005c08 <_prep_out_transaction.isra.0+0xc>
10005c5e:	46c0      	nop			@ (mov r8, r8)
10005c60:	20001470 	.word	0x20001470
10005c64:	200013ec 	.word	0x200013ec

10005c68 <tud_cdc_n_connected>:
10005c68:	b510      	push	{r4, lr}
10005c6a:	0004      	movs	r4, r0
10005c6c:	f7ff f988 	bl	10004f80 <tud_mounted>
10005c70:	2800      	cmp	r0, #0
10005c72:	d101      	bne.n	10005c78 <tud_cdc_n_connected+0x10>
10005c74:	2000      	movs	r0, #0
10005c76:	bd10      	pop	{r4, pc}
10005c78:	f7ff f98a 	bl	10004f90 <tud_suspended>
10005c7c:	2800      	cmp	r0, #0
10005c7e:	d1f9      	bne.n	10005c74 <tud_cdc_n_connected+0xc>
10005c80:	22c8      	movs	r2, #200	@ 0xc8
10005c82:	4362      	muls	r2, r4
10005c84:	4b02      	ldr	r3, [pc, #8]	@ (10005c90 <tud_cdc_n_connected+0x28>)
10005c86:	3001      	adds	r0, #1
10005c88:	189b      	adds	r3, r3, r2
10005c8a:	791b      	ldrb	r3, [r3, #4]
10005c8c:	4018      	ands	r0, r3
10005c8e:	e7f2      	b.n	10005c76 <tud_cdc_n_connected+0xe>
10005c90:	20001470 	.word	0x20001470

10005c94 <tud_cdc_n_available>:
10005c94:	23c8      	movs	r3, #200	@ 0xc8
10005c96:	b510      	push	{r4, lr}
10005c98:	4343      	muls	r3, r0
10005c9a:	4802      	ldr	r0, [pc, #8]	@ (10005ca4 <tud_cdc_n_available+0x10>)
10005c9c:	1818      	adds	r0, r3, r0
10005c9e:	f000 fd99 	bl	100067d4 <tu_fifo_count>
10005ca2:	bd10      	pop	{r4, pc}
10005ca4:	20001480 	.word	0x20001480

10005ca8 <tud_cdc_n_read>:
10005ca8:	b5f8      	push	{r3, r4, r5, r6, r7, lr}
10005caa:	24c8      	movs	r4, #200	@ 0xc8
10005cac:	2380      	movs	r3, #128	@ 0x80
10005cae:	4344      	muls	r4, r0
10005cb0:	4f1c      	ldr	r7, [pc, #112]	@ (10005d24 <tud_cdc_n_read+0x7c>)
10005cb2:	3410      	adds	r4, #16
10005cb4:	0005      	movs	r5, r0
10005cb6:	193c      	adds	r4, r7, r4
10005cb8:	025b      	lsls	r3, r3, #9
10005cba:	429a      	cmp	r2, r3
10005cbc:	d300      	bcc.n	10005cc0 <tud_cdc_n_read+0x18>
10005cbe:	4a1a      	ldr	r2, [pc, #104]	@ (10005d28 <tud_cdc_n_read+0x80>)
10005cc0:	0020      	movs	r0, r4
10005cc2:	b292      	uxth	r2, r2
10005cc4:	f000 fe08 	bl	100068d8 <tu_fifo_read_n>
10005cc8:	0006      	movs	r6, r0
10005cca:	f7ff f959 	bl	10004f80 <tud_mounted>
10005cce:	2800      	cmp	r0, #0
10005cd0:	d101      	bne.n	10005cd6 <tud_cdc_n_read+0x2e>
10005cd2:	0030      	movs	r0, r6
10005cd4:	bdf8      	pop	{r3, r4, r5, r6, r7, pc}
10005cd6:	f7ff f95b 	bl	10004f90 <tud_suspended>
10005cda:	2800      	cmp	r0, #0
10005cdc:	d1f9      	bne.n	10005cd2 <tud_cdc_n_read+0x2a>
10005cde:	23c8      	movs	r3, #200	@ 0xc8
10005ce0:	436b      	muls	r3, r5
10005ce2:	18ff      	adds	r7, r7, r3
10005ce4:	78fb      	ldrb	r3, [r7, #3]
10005ce6:	2b00      	cmp	r3, #0
10005ce8:	d0f3      	beq.n	10005cd2 <tud_cdc_n_read+0x2a>
10005cea:	0020      	movs	r0, r4
10005cec:	f000 fd90 	bl	10006810 <tu_fifo_remaining>
10005cf0:	283f      	cmp	r0, #63	@ 0x3f
10005cf2:	d9ee      	bls.n	10005cd2 <tud_cdc_n_read+0x2a>
10005cf4:	2000      	movs	r0, #0
10005cf6:	78f9      	ldrb	r1, [r7, #3]
10005cf8:	f7ff fe34 	bl	10005964 <usbd_edpt_claim>
10005cfc:	2800      	cmp	r0, #0
10005cfe:	d0e8      	beq.n	10005cd2 <tud_cdc_n_read+0x2a>
10005d00:	0020      	movs	r0, r4
10005d02:	f000 fd85 	bl	10006810 <tu_fifo_remaining>
10005d06:	78f9      	ldrb	r1, [r7, #3]
10005d08:	283f      	cmp	r0, #63	@ 0x3f
10005d0a:	d907      	bls.n	10005d1c <tud_cdc_n_read+0x74>
10005d0c:	4b07      	ldr	r3, [pc, #28]	@ (10005d2c <tud_cdc_n_read+0x84>)
10005d0e:	01ea      	lsls	r2, r5, #7
10005d10:	18d2      	adds	r2, r2, r3
10005d12:	2000      	movs	r0, #0
10005d14:	2340      	movs	r3, #64	@ 0x40
10005d16:	f7ff fe4d 	bl	100059b4 <usbd_edpt_xfer>
10005d1a:	e7da      	b.n	10005cd2 <tud_cdc_n_read+0x2a>
10005d1c:	2000      	movs	r0, #0
10005d1e:	f7ff fe35 	bl	1000598c <usbd_edpt_release>
10005d22:	e7d6      	b.n	10005cd2 <tud_cdc_n_read+0x2a>
10005d24:	20001470 	.word	0x20001470
10005d28:	0000ffff 	.word	0x0000ffff
10005d2c:	200013ec 	.word	0x200013ec

10005d30 <tud_cdc_n_write_flush>:
10005d30:	b5f8      	push	{r3, r4, r5, r6, r7, lr}
10005d32:	0004      	movs	r4, r0
10005d34:	f7ff f924 	bl	10004f80 <tud_mounted>
10005d38:	2800      	cmp	r0, #0
10005d3a:	d101      	bne.n	10005d40 <tud_cdc_n_write_flush+0x10>
10005d3c:	2000      	movs	r0, #0
10005d3e:	bdf8      	pop	{r3, r4, r5, r6, r7, pc}
10005d40:	f7ff f926 	bl	10004f90 <tud_suspended>
10005d44:	2800      	cmp	r0, #0
10005d46:	d1f9      	bne.n	10005d3c <tud_cdc_n_write_flush+0xc>
10005d48:	25c8      	movs	r5, #200	@ 0xc8
10005d4a:	4365      	muls	r5, r4
10005d4c:	002e      	movs	r6, r5
10005d4e:	4f13      	ldr	r7, [pc, #76]	@ (10005d9c <tud_cdc_n_write_flush+0x6c>)
10005d50:	3624      	adds	r6, #36	@ 0x24
10005d52:	19f6      	adds	r6, r6, r7
10005d54:	0030      	movs	r0, r6
10005d56:	f000 fd3d 	bl	100067d4 <tu_fifo_count>
10005d5a:	2800      	cmp	r0, #0
10005d5c:	d0ee      	beq.n	10005d3c <tud_cdc_n_write_flush+0xc>
10005d5e:	197f      	adds	r7, r7, r5
10005d60:	2000      	movs	r0, #0
10005d62:	78b9      	ldrb	r1, [r7, #2]
10005d64:	f7ff fdfe 	bl	10005964 <usbd_edpt_claim>
10005d68:	2800      	cmp	r0, #0
10005d6a:	d0e7      	beq.n	10005d3c <tud_cdc_n_write_flush+0xc>
10005d6c:	4d0c      	ldr	r5, [pc, #48]	@ (10005da0 <tud_cdc_n_write_flush+0x70>)
10005d6e:	01e4      	lsls	r4, r4, #7
10005d70:	1965      	adds	r5, r4, r5
10005d72:	0029      	movs	r1, r5
10005d74:	2240      	movs	r2, #64	@ 0x40
10005d76:	0030      	movs	r0, r6
10005d78:	f000 fdae 	bl	100068d8 <tu_fifo_read_n>
10005d7c:	78b9      	ldrb	r1, [r7, #2]
10005d7e:	1e04      	subs	r4, r0, #0
10005d80:	d008      	beq.n	10005d94 <tud_cdc_n_write_flush+0x64>
10005d82:	0003      	movs	r3, r0
10005d84:	002a      	movs	r2, r5
10005d86:	2000      	movs	r0, #0
10005d88:	f7ff fe14 	bl	100059b4 <usbd_edpt_xfer>
10005d8c:	2800      	cmp	r0, #0
10005d8e:	d0d5      	beq.n	10005d3c <tud_cdc_n_write_flush+0xc>
10005d90:	0020      	movs	r0, r4
10005d92:	e7d4      	b.n	10005d3e <tud_cdc_n_write_flush+0xe>
10005d94:	2000      	movs	r0, #0
10005d96:	f7ff fdf9 	bl	1000598c <usbd_edpt_release>
10005d9a:	e7cf      	b.n	10005d3c <tud_cdc_n_write_flush+0xc>
10005d9c:	20001470 	.word	0x20001470
10005da0:	2000142c 	.word	0x2000142c

10005da4 <tud_cdc_n_write>:
10005da4:	b570      	push	{r4, r5, r6, lr}
10005da6:	24c8      	movs	r4, #200	@ 0xc8
10005da8:	4344      	muls	r4, r0
10005daa:	4b0c      	ldr	r3, [pc, #48]	@ (10005ddc <tud_cdc_n_write+0x38>)
10005dac:	0005      	movs	r5, r0
10005dae:	18e4      	adds	r4, r4, r3
10005db0:	2380      	movs	r3, #128	@ 0x80
10005db2:	025b      	lsls	r3, r3, #9
10005db4:	429a      	cmp	r2, r3
10005db6:	d300      	bcc.n	10005dba <tud_cdc_n_write+0x16>
10005db8:	4a09      	ldr	r2, [pc, #36]	@ (10005de0 <tud_cdc_n_write+0x3c>)
10005dba:	0020      	movs	r0, r4
10005dbc:	b292      	uxth	r2, r2
10005dbe:	f000 fe51 	bl	10006a64 <tu_fifo_write_n>
10005dc2:	0006      	movs	r6, r0
10005dc4:	0020      	movs	r0, r4
10005dc6:	f000 fd05 	bl	100067d4 <tu_fifo_count>
10005dca:	283f      	cmp	r0, #63	@ 0x3f
10005dcc:	d801      	bhi.n	10005dd2 <tud_cdc_n_write+0x2e>
10005dce:	0030      	movs	r0, r6
10005dd0:	bd70      	pop	{r4, r5, r6, pc}
10005dd2:	0028      	movs	r0, r5
10005dd4:	f7ff ffac 	bl	10005d30 <tud_cdc_n_write_flush>
10005dd8:	e7f9      	b.n	10005dce <tud_cdc_n_write+0x2a>
10005dda:	46c0      	nop			@ (mov r8, r8)
10005ddc:	20001494 	.word	0x20001494
10005de0:	0000ffff 	.word	0x0000ffff

10005de4 <tud_cdc_n_write_available>:
10005de4:	23c8      	movs	r3, #200	@ 0xc8
10005de6:	b510      	push	{r4, lr}
10005de8:	4343      	muls	r3, r0
10005dea:	4802      	ldr	r0, [pc, #8]	@ (10005df4 <tud_cdc_n_write_available+0x10>)
10005dec:	1818      	adds	r0, r3, r0
10005dee:	f000 fd0f 	bl	10006810 <tu_fifo_remaining>
10005df2:	bd10      	pop	{r4, pc}
10005df4:	20001494 	.word	0x20001494

10005df8 <cdcd_init>:
10005df8:	b5f0      	push	{r4, r5, r6, r7, lr}
10005dfa:	2500      	movs	r5, #0
10005dfc:	4c18      	ldr	r4, [pc, #96]	@ (10005e60 <cdcd_init+0x68>)
10005dfe:	b083      	sub	sp, #12
10005e00:	22c8      	movs	r2, #200	@ 0xc8
10005e02:	2100      	movs	r1, #0
10005e04:	0020      	movs	r0, r4
10005e06:	f7fc fcb1 	bl	1000276c <__wrap_memset>
10005e0a:	4b16      	ldr	r3, [pc, #88]	@ (10005e64 <cdcd_init+0x6c>)
10005e0c:	0021      	movs	r1, r4
10005e0e:	701d      	strb	r5, [r3, #0]
10005e10:	23ff      	movs	r3, #255	@ 0xff
10005e12:	7163      	strb	r3, [r4, #5]
10005e14:	23e1      	movs	r3, #225	@ 0xe1
10005e16:	025b      	lsls	r3, r3, #9
10005e18:	60a3      	str	r3, [r4, #8]
10005e1a:	0020      	movs	r0, r4
10005e1c:	2308      	movs	r3, #8
10005e1e:	2240      	movs	r2, #64	@ 0x40
10005e20:	73a3      	strb	r3, [r4, #14]
10005e22:	3138      	adds	r1, #56	@ 0x38
10005e24:	9500      	str	r5, [sp, #0]
10005e26:	3b07      	subs	r3, #7
10005e28:	3010      	adds	r0, #16
10005e2a:	f000 fc9d 	bl	10006768 <tu_fifo_config>
10005e2e:	0027      	movs	r7, r4
10005e30:	2301      	movs	r3, #1
10005e32:	0021      	movs	r1, r4
10005e34:	0020      	movs	r0, r4
10005e36:	0026      	movs	r6, r4
10005e38:	2240      	movs	r2, #64	@ 0x40
10005e3a:	3178      	adds	r1, #120	@ 0x78
10005e3c:	9300      	str	r3, [sp, #0]
10005e3e:	37b8      	adds	r7, #184	@ 0xb8
10005e40:	3024      	adds	r0, #36	@ 0x24
10005e42:	f000 fc91 	bl	10006768 <tu_fifo_config>
10005e46:	36c0      	adds	r6, #192	@ 0xc0
10005e48:	0038      	movs	r0, r7
10005e4a:	f7fa ff37 	bl	10000cbc <mutex_init>
10005e4e:	0030      	movs	r0, r6
10005e50:	f7fa ff34 	bl	10000cbc <mutex_init>
10005e54:	61e5      	str	r5, [r4, #28]
10005e56:	6227      	str	r7, [r4, #32]
10005e58:	6326      	str	r6, [r4, #48]	@ 0x30
10005e5a:	6365      	str	r5, [r4, #52]	@ 0x34
10005e5c:	b003      	add	sp, #12
10005e5e:	bdf0      	pop	{r4, r5, r6, r7, pc}
10005e60:	20001470 	.word	0x20001470
10005e64:	2000146c 	.word	0x2000146c

10005e68 <cdcd_deinit>:
10005e68:	4a0a      	ldr	r2, [pc, #40]	@ (10005e94 <cdcd_deinit+0x2c>)
10005e6a:	6b11      	ldr	r1, [r2, #48]	@ 0x30
10005e6c:	6a13      	ldr	r3, [r2, #32]
10005e6e:	2900      	cmp	r1, #0
10005e70:	d00c      	beq.n	10005e8c <cdcd_deinit+0x24>
10005e72:	2b00      	cmp	r3, #0
10005e74:	d007      	beq.n	10005e86 <cdcd_deinit+0x1e>
10005e76:	2300      	movs	r3, #0
10005e78:	61d3      	str	r3, [r2, #28]
10005e7a:	6353      	str	r3, [r2, #52]	@ 0x34
10005e7c:	6313      	str	r3, [r2, #48]	@ 0x30
10005e7e:	2300      	movs	r3, #0
10005e80:	6213      	str	r3, [r2, #32]
10005e82:	2001      	movs	r0, #1
10005e84:	4770      	bx	lr
10005e86:	6353      	str	r3, [r2, #52]	@ 0x34
10005e88:	6313      	str	r3, [r2, #48]	@ 0x30
10005e8a:	e7fa      	b.n	10005e82 <cdcd_deinit+0x1a>
10005e8c:	2b00      	cmp	r3, #0
10005e8e:	d0f8      	beq.n	10005e82 <cdcd_deinit+0x1a>
10005e90:	61d1      	str	r1, [r2, #28]
10005e92:	e7f4      	b.n	10005e7e <cdcd_deinit+0x16>
10005e94:	20001470 	.word	0x20001470

10005e98 <cdcd_reset>:
10005e98:	b570      	push	{r4, r5, r6, lr}
10005e9a:	4c0f      	ldr	r4, [pc, #60]	@ (10005ed8 <cdcd_reset+0x40>)
10005e9c:	2205      	movs	r2, #5
10005e9e:	2100      	movs	r1, #0
10005ea0:	0020      	movs	r0, r4
10005ea2:	f7fc fc63 	bl	1000276c <__wrap_memset>
10005ea6:	4d0d      	ldr	r5, [pc, #52]	@ (10005edc <cdcd_reset+0x44>)
10005ea8:	782b      	ldrb	r3, [r5, #0]
10005eaa:	07da      	lsls	r2, r3, #31
10005eac:	d507      	bpl.n	10005ebe <cdcd_reset+0x26>
10005eae:	4c0c      	ldr	r4, [pc, #48]	@ (10005ee0 <cdcd_reset+0x48>)
10005eb0:	079b      	lsls	r3, r3, #30
10005eb2:	d50c      	bpl.n	10005ece <cdcd_reset+0x36>
10005eb4:	2101      	movs	r1, #1
10005eb6:	0020      	movs	r0, r4
10005eb8:	f000 feb0 	bl	10006c1c <tu_fifo_set_overwritable>
10005ebc:	bd70      	pop	{r4, r5, r6, pc}
10005ebe:	0020      	movs	r0, r4
10005ec0:	3010      	adds	r0, #16
10005ec2:	f000 fe8b 	bl	10006bdc <tu_fifo_clear>
10005ec6:	782b      	ldrb	r3, [r5, #0]
10005ec8:	4c05      	ldr	r4, [pc, #20]	@ (10005ee0 <cdcd_reset+0x48>)
10005eca:	079b      	lsls	r3, r3, #30
10005ecc:	d4f2      	bmi.n	10005eb4 <cdcd_reset+0x1c>
10005ece:	0020      	movs	r0, r4
10005ed0:	f000 fe84 	bl	10006bdc <tu_fifo_clear>
10005ed4:	e7ee      	b.n	10005eb4 <cdcd_reset+0x1c>
10005ed6:	46c0      	nop			@ (mov r8, r8)
10005ed8:	20001470 	.word	0x20001470
10005edc:	2000146c 	.word	0x2000146c
10005ee0:	20001494 	.word	0x20001494

10005ee4 <cdcd_open>:
10005ee4:	b5f0      	push	{r4, r5, r6, r7, lr}
10005ee6:	794b      	ldrb	r3, [r1, #5]
10005ee8:	0006      	movs	r6, r0
10005eea:	b083      	sub	sp, #12
10005eec:	2b02      	cmp	r3, #2
10005eee:	d102      	bne.n	10005ef6 <cdcd_open+0x12>
10005ef0:	798b      	ldrb	r3, [r1, #6]
10005ef2:	2b02      	cmp	r3, #2
10005ef4:	d003      	beq.n	10005efe <cdcd_open+0x1a>
10005ef6:	2500      	movs	r5, #0
10005ef8:	0028      	movs	r0, r5
10005efa:	b003      	add	sp, #12
10005efc:	bdf0      	pop	{r4, r5, r6, r7, pc}
10005efe:	4f20      	ldr	r7, [pc, #128]	@ (10005f80 <cdcd_open+0x9c>)
10005f00:	78bb      	ldrb	r3, [r7, #2]
10005f02:	2b00      	cmp	r3, #0
10005f04:	d1f7      	bne.n	10005ef6 <cdcd_open+0x12>
10005f06:	788b      	ldrb	r3, [r1, #2]
10005f08:	2509      	movs	r5, #9
10005f0a:	703b      	strb	r3, [r7, #0]
10005f0c:	780c      	ldrb	r4, [r1, #0]
10005f0e:	190c      	adds	r4, r1, r4
10005f10:	7863      	ldrb	r3, [r4, #1]
10005f12:	2b24      	cmp	r3, #36	@ 0x24
10005f14:	d007      	beq.n	10005f26 <cdcd_open+0x42>
10005f16:	e00c      	b.n	10005f32 <cdcd_open+0x4e>
10005f18:	7823      	ldrb	r3, [r4, #0]
10005f1a:	18e4      	adds	r4, r4, r3
10005f1c:	195d      	adds	r5, r3, r5
10005f1e:	7863      	ldrb	r3, [r4, #1]
10005f20:	b2ad      	uxth	r5, r5
10005f22:	2b24      	cmp	r3, #36	@ 0x24
10005f24:	d105      	bne.n	10005f32 <cdcd_open+0x4e>
10005f26:	4295      	cmp	r5, r2
10005f28:	d9f6      	bls.n	10005f18 <cdcd_open+0x34>
10005f2a:	2000      	movs	r0, #0
10005f2c:	f7ff fe66 	bl	10005bfc <_prep_out_transaction.isra.0>
10005f30:	e7e2      	b.n	10005ef8 <cdcd_open+0x14>
10005f32:	001a      	movs	r2, r3
10005f34:	2b05      	cmp	r3, #5
10005f36:	d015      	beq.n	10005f64 <cdcd_open+0x80>
10005f38:	2a04      	cmp	r2, #4
10005f3a:	d1f6      	bne.n	10005f2a <cdcd_open+0x46>
10005f3c:	7963      	ldrb	r3, [r4, #5]
10005f3e:	2b0a      	cmp	r3, #10
10005f40:	d1f3      	bne.n	10005f2a <cdcd_open+0x46>
10005f42:	4b10      	ldr	r3, [pc, #64]	@ (10005f84 <cdcd_open+0xa0>)
10005f44:	7827      	ldrb	r7, [r4, #0]
10005f46:	9301      	str	r3, [sp, #4]
10005f48:	3301      	adds	r3, #1
10005f4a:	9300      	str	r3, [sp, #0]
10005f4c:	0030      	movs	r0, r6
10005f4e:	2302      	movs	r3, #2
10005f50:	19e1      	adds	r1, r4, r7
10005f52:	3a02      	subs	r2, #2
10005f54:	f7ff fc9e 	bl	10005894 <usbd_open_edpt_pair>
10005f58:	2800      	cmp	r0, #0
10005f5a:	d0cc      	beq.n	10005ef6 <cdcd_open+0x12>
10005f5c:	350e      	adds	r5, #14
10005f5e:	19ed      	adds	r5, r5, r7
10005f60:	b2ad      	uxth	r5, r5
10005f62:	e7e2      	b.n	10005f2a <cdcd_open+0x46>
10005f64:	0021      	movs	r1, r4
10005f66:	0030      	movs	r0, r6
10005f68:	f7ff fce2 	bl	10005930 <usbd_edpt_open>
10005f6c:	2800      	cmp	r0, #0
10005f6e:	d0c2      	beq.n	10005ef6 <cdcd_open+0x12>
10005f70:	78a3      	ldrb	r3, [r4, #2]
10005f72:	707b      	strb	r3, [r7, #1]
10005f74:	7823      	ldrb	r3, [r4, #0]
10005f76:	195d      	adds	r5, r3, r5
10005f78:	18e4      	adds	r4, r4, r3
10005f7a:	7862      	ldrb	r2, [r4, #1]
10005f7c:	b2ad      	uxth	r5, r5
10005f7e:	e7db      	b.n	10005f38 <cdcd_open+0x54>
10005f80:	20001470 	.word	0x20001470
10005f84:	20001472 	.word	0x20001472

10005f88 <cdcd_control_xfer_cb>:
10005f88:	b5f8      	push	{r3, r4, r5, r6, r7, lr}
10005f8a:	2360      	movs	r3, #96	@ 0x60
10005f8c:	0014      	movs	r4, r2
10005f8e:	7812      	ldrb	r2, [r2, #0]
10005f90:	0005      	movs	r5, r0
10005f92:	4013      	ands	r3, r2
10005f94:	2000      	movs	r0, #0
10005f96:	2b20      	cmp	r3, #32
10005f98:	d107      	bne.n	10005faa <cdcd_control_xfer_cb+0x22>
10005f9a:	4a30      	ldr	r2, [pc, #192]	@ (1000605c <cdcd_control_xfer_cb+0xd4>)
10005f9c:	7963      	ldrb	r3, [r4, #5]
10005f9e:	7927      	ldrb	r7, [r4, #4]
10005fa0:	7816      	ldrb	r6, [r2, #0]
10005fa2:	021b      	lsls	r3, r3, #8
10005fa4:	433b      	orrs	r3, r7
10005fa6:	429e      	cmp	r6, r3
10005fa8:	d000      	beq.n	10005fac <cdcd_control_xfer_cb+0x24>
10005faa:	bdf8      	pop	{r3, r4, r5, r6, r7, pc}
10005fac:	7863      	ldrb	r3, [r4, #1]
10005fae:	2b22      	cmp	r3, #34	@ 0x22
10005fb0:	d01a      	beq.n	10005fe8 <cdcd_control_xfer_cb+0x60>
10005fb2:	d807      	bhi.n	10005fc4 <cdcd_control_xfer_cb+0x3c>
10005fb4:	2b20      	cmp	r3, #32
10005fb6:	d034      	beq.n	10006022 <cdcd_control_xfer_cb+0x9a>
10005fb8:	2b21      	cmp	r3, #33	@ 0x21
10005fba:	d1f6      	bne.n	10005faa <cdcd_control_xfer_cb+0x22>
10005fbc:	2901      	cmp	r1, #1
10005fbe:	d03e      	beq.n	1000603e <cdcd_control_xfer_cb+0xb6>
10005fc0:	2001      	movs	r0, #1
10005fc2:	e7f2      	b.n	10005faa <cdcd_control_xfer_cb+0x22>
10005fc4:	2b23      	cmp	r3, #35	@ 0x23
10005fc6:	d1f0      	bne.n	10005faa <cdcd_control_xfer_cb+0x22>
10005fc8:	2901      	cmp	r1, #1
10005fca:	d040      	beq.n	1000604e <cdcd_control_xfer_cb+0xc6>
10005fcc:	2903      	cmp	r1, #3
10005fce:	d1f7      	bne.n	10005fc0 <cdcd_control_xfer_cb+0x38>
10005fd0:	4b23      	ldr	r3, [pc, #140]	@ (10006060 <cdcd_control_xfer_cb+0xd8>)
10005fd2:	2b00      	cmp	r3, #0
10005fd4:	d0f4      	beq.n	10005fc0 <cdcd_control_xfer_cb+0x38>
10005fd6:	78e1      	ldrb	r1, [r4, #3]
10005fd8:	78a3      	ldrb	r3, [r4, #2]
10005fda:	0209      	lsls	r1, r1, #8
10005fdc:	2000      	movs	r0, #0
10005fde:	4319      	orrs	r1, r3
10005fe0:	e000      	b.n	10005fe4 <cdcd_control_xfer_cb+0x5c>
10005fe2:	bf00      	nop
10005fe4:	2001      	movs	r0, #1
10005fe6:	e7e0      	b.n	10005faa <cdcd_control_xfer_cb+0x22>
10005fe8:	2901      	cmp	r1, #1
10005fea:	d030      	beq.n	1000604e <cdcd_control_xfer_cb+0xc6>
10005fec:	2903      	cmp	r1, #3
10005fee:	d1e7      	bne.n	10005fc0 <cdcd_control_xfer_cb+0x38>
10005ff0:	2501      	movs	r5, #1
10005ff2:	002e      	movs	r6, r5
10005ff4:	78a3      	ldrb	r3, [r4, #2]
10005ff6:	78e4      	ldrb	r4, [r4, #3]
10005ff8:	3902      	subs	r1, #2
10005ffa:	0224      	lsls	r4, r4, #8
10005ffc:	431c      	orrs	r4, r3
10005ffe:	7114      	strb	r4, [r2, #4]
10006000:	4026      	ands	r6, r4
10006002:	3224      	adds	r2, #36	@ 0x24
10006004:	0010      	movs	r0, r2
10006006:	4071      	eors	r1, r6
10006008:	f000 fe08 	bl	10006c1c <tu_fifo_set_overwritable>
1000600c:	4b15      	ldr	r3, [pc, #84]	@ (10006064 <cdcd_control_xfer_cb+0xdc>)
1000600e:	2b00      	cmp	r3, #0
10006010:	d0d6      	beq.n	10005fc0 <cdcd_control_xfer_cb+0x38>
10006012:	0862      	lsrs	r2, r4, #1
10006014:	2000      	movs	r0, #0
10006016:	0031      	movs	r1, r6
10006018:	402a      	ands	r2, r5
1000601a:	e000      	b.n	1000601e <cdcd_control_xfer_cb+0x96>
1000601c:	bf00      	nop
1000601e:	2001      	movs	r0, #1
10006020:	e7c3      	b.n	10005faa <cdcd_control_xfer_cb+0x22>
10006022:	2901      	cmp	r1, #1
10006024:	d00b      	beq.n	1000603e <cdcd_control_xfer_cb+0xb6>
10006026:	2903      	cmp	r1, #3
10006028:	d1ca      	bne.n	10005fc0 <cdcd_control_xfer_cb+0x38>
1000602a:	4b0f      	ldr	r3, [pc, #60]	@ (10006068 <cdcd_control_xfer_cb+0xe0>)
1000602c:	2b00      	cmp	r3, #0
1000602e:	d0c7      	beq.n	10005fc0 <cdcd_control_xfer_cb+0x38>
10006030:	3208      	adds	r2, #8
10006032:	2000      	movs	r0, #0
10006034:	0011      	movs	r1, r2
10006036:	f7fe faad 	bl	10004594 <tud_cdc_line_coding_cb>
1000603a:	2001      	movs	r0, #1
1000603c:	e7b5      	b.n	10005faa <cdcd_control_xfer_cb+0x22>
1000603e:	2307      	movs	r3, #7
10006040:	0021      	movs	r1, r4
10006042:	0028      	movs	r0, r5
10006044:	4a09      	ldr	r2, [pc, #36]	@ (1000606c <cdcd_control_xfer_cb+0xe4>)
10006046:	f7ff fcf1 	bl	10005a2c <tud_control_xfer>
1000604a:	2001      	movs	r0, #1
1000604c:	e7ad      	b.n	10005faa <cdcd_control_xfer_cb+0x22>
1000604e:	0021      	movs	r1, r4
10006050:	0028      	movs	r0, r5
10006052:	f7ff fcd5 	bl	10005a00 <tud_control_status>
10006056:	2001      	movs	r0, #1
10006058:	e7a7      	b.n	10005faa <cdcd_control_xfer_cb+0x22>
1000605a:	46c0      	nop			@ (mov r8, r8)
1000605c:	20001470 	.word	0x20001470
	...
10006068:	10004595 	.word	0x10004595
1000606c:	20001478 	.word	0x20001478

10006070 <cdcd_xfer_cb>:
10006070:	b5f0      	push	{r4, r5, r6, r7, lr}
10006072:	464f      	mov	r7, r9
10006074:	4646      	mov	r6, r8
10006076:	46d6      	mov	lr, sl
10006078:	b5c0      	push	{r6, r7, lr}
1000607a:	4d36      	ldr	r5, [pc, #216]	@ (10006154 <cdcd_xfer_cb+0xe4>)
1000607c:	4680      	mov	r8, r0
1000607e:	78ea      	ldrb	r2, [r5, #3]
10006080:	000c      	movs	r4, r1
10006082:	001f      	movs	r7, r3
10006084:	428a      	cmp	r2, r1
10006086:	d03c      	beq.n	10006102 <cdcd_xfer_cb+0x92>
10006088:	78ab      	ldrb	r3, [r5, #2]
1000608a:	428b      	cmp	r3, r1
1000608c:	d010      	beq.n	100060b0 <cdcd_xfer_cb+0x40>
1000608e:	2000      	movs	r0, #0
10006090:	bce0      	pop	{r5, r6, r7}
10006092:	46ba      	mov	sl, r7
10006094:	46b1      	mov	r9, r6
10006096:	46a8      	mov	r8, r5
10006098:	bdf0      	pop	{r4, r5, r6, r7, pc}
1000609a:	4b2f      	ldr	r3, [pc, #188]	@ (10006158 <cdcd_xfer_cb+0xe8>)
1000609c:	2b00      	cmp	r3, #0
1000609e:	d004      	beq.n	100060aa <cdcd_xfer_cb+0x3a>
100060a0:	482e      	ldr	r0, [pc, #184]	@ (1000615c <cdcd_xfer_cb+0xec>)
100060a2:	f000 fbad 	bl	10006800 <tu_fifo_empty>
100060a6:	2800      	cmp	r0, #0
100060a8:	d051      	beq.n	1000614e <cdcd_xfer_cb+0xde>
100060aa:	2000      	movs	r0, #0
100060ac:	f7ff fda6 	bl	10005bfc <_prep_out_transaction.isra.0>
100060b0:	78ab      	ldrb	r3, [r5, #2]
100060b2:	42a3      	cmp	r3, r4
100060b4:	d001      	beq.n	100060ba <cdcd_xfer_cb+0x4a>
100060b6:	2001      	movs	r0, #1
100060b8:	e7ea      	b.n	10006090 <cdcd_xfer_cb+0x20>
100060ba:	4b29      	ldr	r3, [pc, #164]	@ (10006160 <cdcd_xfer_cb+0xf0>)
100060bc:	2b00      	cmp	r3, #0
100060be:	d002      	beq.n	100060c6 <cdcd_xfer_cb+0x56>
100060c0:	2000      	movs	r0, #0
100060c2:	e000      	b.n	100060c6 <cdcd_xfer_cb+0x56>
100060c4:	bf00      	nop
100060c6:	2000      	movs	r0, #0
100060c8:	f7ff fe32 	bl	10005d30 <tud_cdc_n_write_flush>
100060cc:	2800      	cmp	r0, #0
100060ce:	d1f2      	bne.n	100060b6 <cdcd_xfer_cb+0x46>
100060d0:	4c24      	ldr	r4, [pc, #144]	@ (10006164 <cdcd_xfer_cb+0xf4>)
100060d2:	0020      	movs	r0, r4
100060d4:	f000 fb7e 	bl	100067d4 <tu_fifo_count>
100060d8:	2800      	cmp	r0, #0
100060da:	d1ec      	bne.n	100060b6 <cdcd_xfer_cb+0x46>
100060dc:	2f00      	cmp	r7, #0
100060de:	d0ea      	beq.n	100060b6 <cdcd_xfer_cb+0x46>
100060e0:	06bf      	lsls	r7, r7, #26
100060e2:	d1e8      	bne.n	100060b6 <cdcd_xfer_cb+0x46>
100060e4:	3c24      	subs	r4, #36	@ 0x24
100060e6:	4640      	mov	r0, r8
100060e8:	78a1      	ldrb	r1, [r4, #2]
100060ea:	f7ff fc3b 	bl	10005964 <usbd_edpt_claim>
100060ee:	2800      	cmp	r0, #0
100060f0:	d0e1      	beq.n	100060b6 <cdcd_xfer_cb+0x46>
100060f2:	2300      	movs	r3, #0
100060f4:	2200      	movs	r2, #0
100060f6:	4640      	mov	r0, r8
100060f8:	78a1      	ldrb	r1, [r4, #2]
100060fa:	f7ff fc5b 	bl	100059b4 <usbd_edpt_xfer>
100060fe:	2001      	movs	r0, #1
10006100:	e7c6      	b.n	10006090 <cdcd_xfer_cb+0x20>
10006102:	b29a      	uxth	r2, r3
10006104:	2310      	movs	r3, #16
10006106:	469a      	mov	sl, r3
10006108:	4e17      	ldr	r6, [pc, #92]	@ (10006168 <cdcd_xfer_cb+0xf8>)
1000610a:	44aa      	add	sl, r5
1000610c:	0031      	movs	r1, r6
1000610e:	4650      	mov	r0, sl
10006110:	f000 fca8 	bl	10006a64 <tu_fifo_write_n>
10006114:	4b15      	ldr	r3, [pc, #84]	@ (1000616c <cdcd_xfer_cb+0xfc>)
10006116:	2b00      	cmp	r3, #0
10006118:	d0bf      	beq.n	1000609a <cdcd_xfer_cb+0x2a>
1000611a:	796b      	ldrb	r3, [r5, #5]
1000611c:	2bff      	cmp	r3, #255	@ 0xff
1000611e:	d0bc      	beq.n	1000609a <cdcd_xfer_cb+0x2a>
10006120:	2f00      	cmp	r7, #0
10006122:	d0ba      	beq.n	1000609a <cdcd_xfer_cb+0x2a>
10006124:	19f2      	adds	r2, r6, r7
10006126:	4691      	mov	r9, r2
10006128:	e003      	b.n	10006132 <cdcd_xfer_cb+0xc2>
1000612a:	3601      	adds	r6, #1
1000612c:	454e      	cmp	r6, r9
1000612e:	d0b4      	beq.n	1000609a <cdcd_xfer_cb+0x2a>
10006130:	796b      	ldrb	r3, [r5, #5]
10006132:	7832      	ldrb	r2, [r6, #0]
10006134:	429a      	cmp	r2, r3
10006136:	d1f8      	bne.n	1000612a <cdcd_xfer_cb+0xba>
10006138:	4650      	mov	r0, sl
1000613a:	f000 fb61 	bl	10006800 <tu_fifo_empty>
1000613e:	2800      	cmp	r0, #0
10006140:	d1f3      	bne.n	1000612a <cdcd_xfer_cb+0xba>
10006142:	4653      	mov	r3, sl
10006144:	3b10      	subs	r3, #16
10006146:	7959      	ldrb	r1, [r3, #5]
10006148:	e000      	b.n	1000614c <cdcd_xfer_cb+0xdc>
1000614a:	bf00      	nop
1000614c:	e7ed      	b.n	1000612a <cdcd_xfer_cb+0xba>
1000614e:	e000      	b.n	10006152 <cdcd_xfer_cb+0xe2>
10006150:	bf00      	nop
10006152:	e7aa      	b.n	100060aa <cdcd_xfer_cb+0x3a>
10006154:	20001470 	.word	0x20001470
10006158:	00000000 	.word	0x00000000
1000615c:	20001480 	.word	0x20001480
10006160:	00000000 	.word	0x00000000
10006164:	20001494 	.word	0x20001494
10006168:	200013ec 	.word	0x200013ec
1000616c:	00000000 	.word	0x00000000

10006170 <vendord_init>:
10006170:	2293      	movs	r2, #147	@ 0x93
10006172:	b5f0      	push	{r4, r5, r6, r7, lr}
10006174:	4c13      	ldr	r4, [pc, #76]	@ (100061c4 <vendord_init+0x54>)
10006176:	b085      	sub	sp, #20
10006178:	2100      	movs	r1, #0
1000617a:	0020      	movs	r0, r4
1000617c:	0092      	lsls	r2, r2, #2
1000617e:	f7fc faf5 	bl	1000276c <__wrap_memset>
10006182:	0023      	movs	r3, r4
10006184:	0020      	movs	r0, r4
10006186:	2680      	movs	r6, #128	@ 0x80
10006188:	2740      	movs	r7, #64	@ 0x40
1000618a:	4d0f      	ldr	r5, [pc, #60]	@ (100061c8 <vendord_init+0x58>)
1000618c:	334d      	adds	r3, #77	@ 0x4d
1000618e:	0076      	lsls	r6, r6, #1
10006190:	33ff      	adds	r3, #255	@ 0xff
10006192:	3029      	adds	r0, #41	@ 0x29
10006194:	9502      	str	r5, [sp, #8]
10006196:	9300      	str	r3, [sp, #0]
10006198:	2200      	movs	r2, #0
1000619a:	2300      	movs	r3, #0
1000619c:	2100      	movs	r1, #0
1000619e:	9703      	str	r7, [sp, #12]
100061a0:	9601      	str	r6, [sp, #4]
100061a2:	30ff      	adds	r0, #255	@ 0xff
100061a4:	f000 f9d4 	bl	10006550 <tu_edpt_stream_init>
100061a8:	3540      	adds	r5, #64	@ 0x40
100061aa:	1d20      	adds	r0, r4, #4
100061ac:	3428      	adds	r4, #40	@ 0x28
100061ae:	2300      	movs	r3, #0
100061b0:	2201      	movs	r2, #1
100061b2:	2100      	movs	r1, #0
100061b4:	9703      	str	r7, [sp, #12]
100061b6:	9502      	str	r5, [sp, #8]
100061b8:	9601      	str	r6, [sp, #4]
100061ba:	9400      	str	r4, [sp, #0]
100061bc:	f000 f9c8 	bl	10006550 <tu_edpt_stream_init>
100061c0:	b005      	add	sp, #20
100061c2:	bdf0      	pop	{r4, r5, r6, r7, pc}
100061c4:	20001734 	.word	0x20001734
100061c8:	200016b4 	.word	0x200016b4

100061cc <vendord_deinit>:
100061cc:	b510      	push	{r4, lr}
100061ce:	4c05      	ldr	r4, [pc, #20]	@ (100061e4 <vendord_deinit+0x18>)
100061d0:	0020      	movs	r0, r4
100061d2:	f000 f9f3 	bl	100065bc <tu_edpt_stream_deinit>
100061d6:	0020      	movs	r0, r4
100061d8:	3825      	subs	r0, #37	@ 0x25
100061da:	38ff      	subs	r0, #255	@ 0xff
100061dc:	f000 f9ee 	bl	100065bc <tu_edpt_stream_deinit>
100061e0:	2001      	movs	r0, #1
100061e2:	bd10      	pop	{r4, pc}
100061e4:	2000185c 	.word	0x2000185c

100061e8 <vendord_reset>:
100061e8:	b570      	push	{r4, r5, r6, lr}
100061ea:	4c08      	ldr	r4, [pc, #32]	@ (1000620c <vendord_reset+0x24>)
100061ec:	2500      	movs	r5, #0
100061ee:	0020      	movs	r0, r4
100061f0:	3031      	adds	r0, #49	@ 0x31
100061f2:	30ff      	adds	r0, #255	@ 0xff
100061f4:	7025      	strb	r5, [r4, #0]
100061f6:	f000 fcf1 	bl	10006bdc <tu_fifo_clear>
100061fa:	0020      	movs	r0, r4
100061fc:	300c      	adds	r0, #12
100061fe:	f000 fced 	bl	10006bdc <tu_fifo_clear>
10006202:	232a      	movs	r3, #42	@ 0x2a
10006204:	33ff      	adds	r3, #255	@ 0xff
10006206:	54e5      	strb	r5, [r4, r3]
10006208:	7165      	strb	r5, [r4, #5]
1000620a:	bd70      	pop	{r4, r5, r6, pc}
1000620c:	20001734 	.word	0x20001734

10006210 <vendord_open>:
10006210:	b5f8      	push	{r3, r4, r5, r6, r7, lr}
10006212:	4657      	mov	r7, sl
10006214:	4645      	mov	r5, r8
10006216:	46de      	mov	lr, fp
10006218:	464e      	mov	r6, r9
1000621a:	b5e0      	push	{r5, r6, r7, lr}
1000621c:	794b      	ldrb	r3, [r1, #5]
1000621e:	4680      	mov	r8, r0
10006220:	000f      	movs	r7, r1
10006222:	2bff      	cmp	r3, #255	@ 0xff
10006224:	d15b      	bne.n	100062de <vendord_open+0xce>
10006226:	4b40      	ldr	r3, [pc, #256]	@ (10006328 <vendord_open+0x118>)
10006228:	4699      	mov	r9, r3
1000622a:	232a      	movs	r3, #42	@ 0x2a
1000622c:	4649      	mov	r1, r9
1000622e:	33ff      	adds	r3, #255	@ 0xff
10006230:	5ccb      	ldrb	r3, [r1, r3]
10006232:	2b00      	cmp	r3, #0
10006234:	d153      	bne.n	100062de <vendord_open+0xce>
10006236:	794e      	ldrb	r6, [r1, #5]
10006238:	2e00      	cmp	r6, #0
1000623a:	d150      	bne.n	100062de <vendord_open+0xce>
1000623c:	78bb      	ldrb	r3, [r7, #2]
1000623e:	783c      	ldrb	r4, [r7, #0]
10006240:	700b      	strb	r3, [r1, #0]
10006242:	793b      	ldrb	r3, [r7, #4]
10006244:	193c      	adds	r4, r7, r4
10006246:	2b00      	cmp	r3, #0
10006248:	d046      	beq.n	100062d8 <vendord_open+0xc8>
1000624a:	2398      	movs	r3, #152	@ 0x98
1000624c:	005b      	lsls	r3, r3, #1
1000624e:	444b      	add	r3, r9
10006250:	469a      	mov	sl, r3
10006252:	230c      	movs	r3, #12
10006254:	444b      	add	r3, r9
10006256:	469b      	mov	fp, r3
10006258:	18a5      	adds	r5, r4, r2
1000625a:	e003      	b.n	10006264 <vendord_open+0x54>
1000625c:	42ac      	cmp	r4, r5
1000625e:	d23b      	bcs.n	100062d8 <vendord_open+0xc8>
10006260:	7823      	ldrb	r3, [r4, #0]
10006262:	18e4      	adds	r4, r4, r3
10006264:	7863      	ldrb	r3, [r4, #1]
10006266:	2b05      	cmp	r3, #5
10006268:	d1f8      	bne.n	1000625c <vendord_open+0x4c>
1000626a:	42ac      	cmp	r4, r5
1000626c:	d234      	bcs.n	100062d8 <vendord_open+0xc8>
1000626e:	0021      	movs	r1, r4
10006270:	4640      	mov	r0, r8
10006272:	f7ff fb5d 	bl	10005930 <usbd_edpt_open>
10006276:	2800      	cmp	r0, #0
10006278:	d031      	beq.n	100062de <vendord_open+0xce>
1000627a:	78a3      	ldrb	r3, [r4, #2]
1000627c:	3601      	adds	r6, #1
1000627e:	b2f6      	uxtb	r6, r6
10006280:	09db      	lsrs	r3, r3, #7
10006282:	2b01      	cmp	r3, #1
10006284:	d032      	beq.n	100062ec <vendord_open+0xdc>
10006286:	4650      	mov	r0, sl
10006288:	f000 fca8 	bl	10006bdc <tu_fifo_clear>
1000628c:	232a      	movs	r3, #42	@ 0x2a
1000628e:	4649      	mov	r1, r9
10006290:	78a2      	ldrb	r2, [r4, #2]
10006292:	33ff      	adds	r3, #255	@ 0xff
10006294:	54ca      	strb	r2, [r1, r3]
10006296:	7963      	ldrb	r3, [r4, #5]
10006298:	7922      	ldrb	r2, [r4, #4]
1000629a:	021b      	lsls	r3, r3, #8
1000629c:	4313      	orrs	r3, r2
1000629e:	4a23      	ldr	r2, [pc, #140]	@ (1000632c <vendord_open+0x11c>)
100062a0:	055b      	lsls	r3, r3, #21
100062a2:	4694      	mov	ip, r2
100062a4:	0d5b      	lsrs	r3, r3, #21
100062a6:	2194      	movs	r1, #148	@ 0x94
100062a8:	4463      	add	r3, ip
100062aa:	425a      	negs	r2, r3
100062ac:	4153      	adcs	r3, r2
100062ae:	464a      	mov	r2, r9
100062b0:	2002      	movs	r0, #2
100062b2:	0049      	lsls	r1, r1, #1
100062b4:	5c52      	ldrb	r2, [r2, r1]
100062b6:	005b      	lsls	r3, r3, #1
100062b8:	4382      	bics	r2, r0
100062ba:	4313      	orrs	r3, r2
100062bc:	464a      	mov	r2, r9
100062be:	5453      	strb	r3, [r2, r1]
100062c0:	4651      	mov	r1, sl
100062c2:	4640      	mov	r0, r8
100062c4:	3908      	subs	r1, #8
100062c6:	f000 f9e3 	bl	10006690 <tu_edpt_stream_read_xfer>
100062ca:	2800      	cmp	r0, #0
100062cc:	d007      	beq.n	100062de <vendord_open+0xce>
100062ce:	7823      	ldrb	r3, [r4, #0]
100062d0:	18e4      	adds	r4, r4, r3
100062d2:	793b      	ldrb	r3, [r7, #4]
100062d4:	42b3      	cmp	r3, r6
100062d6:	d8c5      	bhi.n	10006264 <vendord_open+0x54>
100062d8:	1be0      	subs	r0, r4, r7
100062da:	b280      	uxth	r0, r0
100062dc:	e000      	b.n	100062e0 <vendord_open+0xd0>
100062de:	2000      	movs	r0, #0
100062e0:	bcf0      	pop	{r4, r5, r6, r7}
100062e2:	46bb      	mov	fp, r7
100062e4:	46b2      	mov	sl, r6
100062e6:	46a9      	mov	r9, r5
100062e8:	46a0      	mov	r8, r4
100062ea:	bdf8      	pop	{r3, r4, r5, r6, r7, pc}
100062ec:	4658      	mov	r0, fp
100062ee:	f000 fc75 	bl	10006bdc <tu_fifo_clear>
100062f2:	465a      	mov	r2, fp
100062f4:	78a3      	ldrb	r3, [r4, #2]
100062f6:	3a0c      	subs	r2, #12
100062f8:	7153      	strb	r3, [r2, #5]
100062fa:	7963      	ldrb	r3, [r4, #5]
100062fc:	7921      	ldrb	r1, [r4, #4]
100062fe:	021b      	lsls	r3, r3, #8
10006300:	430b      	orrs	r3, r1
10006302:	490a      	ldr	r1, [pc, #40]	@ (1000632c <vendord_open+0x11c>)
10006304:	055b      	lsls	r3, r3, #21
10006306:	468c      	mov	ip, r1
10006308:	0d5b      	lsrs	r3, r3, #21
1000630a:	4463      	add	r3, ip
1000630c:	4259      	negs	r1, r3
1000630e:	414b      	adcs	r3, r1
10006310:	2002      	movs	r0, #2
10006312:	7911      	ldrb	r1, [r2, #4]
10006314:	005b      	lsls	r3, r3, #1
10006316:	4381      	bics	r1, r0
10006318:	430b      	orrs	r3, r1
1000631a:	4659      	mov	r1, fp
1000631c:	2000      	movs	r0, #0
1000631e:	3908      	subs	r1, #8
10006320:	7113      	strb	r3, [r2, #4]
10006322:	f000 f981 	bl	10006628 <tu_edpt_stream_write_xfer>
10006326:	e7d2      	b.n	100062ce <vendord_open+0xbe>
10006328:	20001734 	.word	0x20001734
1000632c:	fffffe00 	.word	0xfffffe00

10006330 <vendord_xfer_cb>:
10006330:	b5f8      	push	{r3, r4, r5, r6, r7, lr}
10006332:	252a      	movs	r5, #42	@ 0x2a
10006334:	0006      	movs	r6, r0
10006336:	481f      	ldr	r0, [pc, #124]	@ (100063b4 <vendord_xfer_cb+0x84>)
10006338:	35ff      	adds	r5, #255	@ 0xff
1000633a:	5d45      	ldrb	r5, [r0, r5]
1000633c:	001f      	movs	r7, r3
1000633e:	428d      	cmp	r5, r1
10006340:	d015      	beq.n	1000636e <vendord_xfer_cb+0x3e>
10006342:	7943      	ldrb	r3, [r0, #5]
10006344:	428b      	cmp	r3, r1
10006346:	d001      	beq.n	1000634c <vendord_xfer_cb+0x1c>
10006348:	2000      	movs	r0, #0
1000634a:	bdf8      	pop	{r3, r4, r5, r6, r7, pc}
1000634c:	4b1a      	ldr	r3, [pc, #104]	@ (100063b8 <vendord_xfer_cb+0x88>)
1000634e:	2b00      	cmp	r3, #0
10006350:	d004      	beq.n	1000635c <vendord_xfer_cb+0x2c>
10006352:	0439      	lsls	r1, r7, #16
10006354:	2000      	movs	r0, #0
10006356:	0c09      	lsrs	r1, r1, #16
10006358:	e000      	b.n	1000635c <vendord_xfer_cb+0x2c>
1000635a:	bf00      	nop
1000635c:	4c17      	ldr	r4, [pc, #92]	@ (100063bc <vendord_xfer_cb+0x8c>)
1000635e:	0030      	movs	r0, r6
10006360:	0021      	movs	r1, r4
10006362:	f000 f961 	bl	10006628 <tu_edpt_stream_write_xfer>
10006366:	2800      	cmp	r0, #0
10006368:	d01d      	beq.n	100063a6 <vendord_xfer_cb+0x76>
1000636a:	2001      	movs	r0, #1
1000636c:	e7ed      	b.n	1000634a <vendord_xfer_cb+0x1a>
1000636e:	239a      	movs	r3, #154	@ 0x9a
10006370:	005b      	lsls	r3, r3, #1
10006372:	5ac3      	ldrh	r3, [r0, r3]
10006374:	2b00      	cmp	r3, #0
10006376:	d10d      	bne.n	10006394 <vendord_xfer_cb+0x64>
10006378:	4b11      	ldr	r3, [pc, #68]	@ (100063c0 <vendord_xfer_cb+0x90>)
1000637a:	2b00      	cmp	r3, #0
1000637c:	d004      	beq.n	10006388 <vendord_xfer_cb+0x58>
1000637e:	2000      	movs	r0, #0
10006380:	4910      	ldr	r1, [pc, #64]	@ (100063c4 <vendord_xfer_cb+0x94>)
10006382:	b2ba      	uxth	r2, r7
10006384:	e000      	b.n	10006388 <vendord_xfer_cb+0x58>
10006386:	bf00      	nop
10006388:	0030      	movs	r0, r6
1000638a:	490f      	ldr	r1, [pc, #60]	@ (100063c8 <vendord_xfer_cb+0x98>)
1000638c:	f000 f980 	bl	10006690 <tu_edpt_stream_read_xfer>
10006390:	2001      	movs	r0, #1
10006392:	e7da      	b.n	1000634a <vendord_xfer_cb+0x1a>
10006394:	2396      	movs	r3, #150	@ 0x96
10006396:	005b      	lsls	r3, r3, #1
10006398:	58c1      	ldr	r1, [r0, r3]
1000639a:	3031      	adds	r0, #49	@ 0x31
1000639c:	b2ba      	uxth	r2, r7
1000639e:	30ff      	adds	r0, #255	@ 0xff
100063a0:	f000 fb60 	bl	10006a64 <tu_fifo_write_n>
100063a4:	e7e8      	b.n	10006378 <vendord_xfer_cb+0x48>
100063a6:	003a      	movs	r2, r7
100063a8:	0021      	movs	r1, r4
100063aa:	0030      	movs	r0, r6
100063ac:	f000 f908 	bl	100065c0 <tu_edpt_stream_write_zlp_if_needed>
100063b0:	2001      	movs	r0, #1
100063b2:	e7ca      	b.n	1000634a <vendord_xfer_cb+0x1a>
100063b4:	20001734 	.word	0x20001734
100063b8:	00000000 	.word	0x00000000
100063bc:	20001738 	.word	0x20001738
100063c0:	00000000 	.word	0x00000000
100063c4:	200016b4 	.word	0x200016b4
100063c8:	2000185c 	.word	0x2000185c

100063cc <tusb_rhport_init>:
100063cc:	b500      	push	{lr}
100063ce:	0003      	movs	r3, r0
100063d0:	b083      	sub	sp, #12
100063d2:	2900      	cmp	r1, #0
100063d4:	d010      	beq.n	100063f8 <tusb_rhport_init+0x2c>
100063d6:	2000      	movs	r0, #0
100063d8:	2b01      	cmp	r3, #1
100063da:	d807      	bhi.n	100063ec <tusb_rhport_init+0x20>
100063dc:	780a      	ldrb	r2, [r1, #0]
100063de:	2a00      	cmp	r2, #0
100063e0:	d004      	beq.n	100063ec <tusb_rhport_init+0x20>
100063e2:	480c      	ldr	r0, [pc, #48]	@ (10006414 <tusb_rhport_init+0x48>)
100063e4:	54c2      	strb	r2, [r0, r3]
100063e6:	2001      	movs	r0, #1
100063e8:	2a01      	cmp	r2, #1
100063ea:	d001      	beq.n	100063f0 <tusb_rhport_init+0x24>
100063ec:	b003      	add	sp, #12
100063ee:	bd00      	pop	{pc}
100063f0:	0018      	movs	r0, r3
100063f2:	f7fe fdd5 	bl	10004fa0 <tud_rhport_init>
100063f6:	e7f9      	b.n	100063ec <tusb_rhport_init+0x20>
100063f8:	2301      	movs	r3, #1
100063fa:	466a      	mov	r2, sp
100063fc:	2000      	movs	r0, #0
100063fe:	a901      	add	r1, sp, #4
10006400:	8093      	strh	r3, [r2, #4]
10006402:	f7fe fdcd 	bl	10004fa0 <tud_rhport_init>
10006406:	2800      	cmp	r0, #0
10006408:	d0f0      	beq.n	100063ec <tusb_rhport_init+0x20>
1000640a:	2201      	movs	r2, #1
1000640c:	4b01      	ldr	r3, [pc, #4]	@ (10006414 <tusb_rhport_init+0x48>)
1000640e:	701a      	strb	r2, [r3, #0]
10006410:	e7ec      	b.n	100063ec <tusb_rhport_init+0x20>
10006412:	46c0      	nop			@ (mov r8, r8)
10006414:	2000158c 	.word	0x2000158c

10006418 <tu_edpt_claim>:
10006418:	7803      	ldrb	r3, [r0, #0]
1000641a:	b570      	push	{r4, r5, r6, lr}
1000641c:	07db      	lsls	r3, r3, #31
1000641e:	0004      	movs	r4, r0
10006420:	000e      	movs	r6, r1
10006422:	0fdd      	lsrs	r5, r3, #31
10006424:	2b00      	cmp	r3, #0
10006426:	d117      	bne.n	10006458 <tu_edpt_claim+0x40>
10006428:	7803      	ldrb	r3, [r0, #0]
1000642a:	075b      	lsls	r3, r3, #29
1000642c:	d501      	bpl.n	10006432 <tu_edpt_claim+0x1a>
1000642e:	0028      	movs	r0, r5
10006430:	bd70      	pop	{r4, r5, r6, pc}
10006432:	2101      	movs	r1, #1
10006434:	0030      	movs	r0, r6
10006436:	4249      	negs	r1, r1
10006438:	f000 fc92 	bl	10006d60 <__mutex_enter_timeout_ms_veneer>
1000643c:	7823      	ldrb	r3, [r4, #0]
1000643e:	07db      	lsls	r3, r3, #31
10006440:	0fdd      	lsrs	r5, r3, #31
10006442:	2b00      	cmp	r3, #0
10006444:	d10a      	bne.n	1000645c <tu_edpt_claim+0x44>
10006446:	7823      	ldrb	r3, [r4, #0]
10006448:	075b      	lsls	r3, r3, #29
1000644a:	d408      	bmi.n	1000645e <tu_edpt_claim+0x46>
1000644c:	2204      	movs	r2, #4
1000644e:	7823      	ldrb	r3, [r4, #0]
10006450:	2501      	movs	r5, #1
10006452:	4313      	orrs	r3, r2
10006454:	7023      	strb	r3, [r4, #0]
10006456:	e002      	b.n	1000645e <tu_edpt_claim+0x46>
10006458:	2500      	movs	r5, #0
1000645a:	e7e8      	b.n	1000642e <tu_edpt_claim+0x16>
1000645c:	2500      	movs	r5, #0
1000645e:	0030      	movs	r0, r6
10006460:	f000 fc56 	bl	10006d10 <__mutex_exit_veneer>
10006464:	e7e3      	b.n	1000642e <tu_edpt_claim+0x16>
10006466:	46c0      	nop			@ (mov r8, r8)

10006468 <tu_edpt_release>:
10006468:	b570      	push	{r4, r5, r6, lr}
1000646a:	000c      	movs	r4, r1
1000646c:	2101      	movs	r1, #1
1000646e:	0006      	movs	r6, r0
10006470:	4249      	negs	r1, r1
10006472:	0020      	movs	r0, r4
10006474:	f000 fc74 	bl	10006d60 <__mutex_enter_timeout_ms_veneer>
10006478:	7833      	ldrb	r3, [r6, #0]
1000647a:	075b      	lsls	r3, r3, #29
1000647c:	0fdd      	lsrs	r5, r3, #31
1000647e:	2b00      	cmp	r3, #0
10006480:	db04      	blt.n	1000648c <tu_edpt_release+0x24>
10006482:	0020      	movs	r0, r4
10006484:	f000 fc44 	bl	10006d10 <__mutex_exit_veneer>
10006488:	0028      	movs	r0, r5
1000648a:	bd70      	pop	{r4, r5, r6, pc}
1000648c:	7833      	ldrb	r3, [r6, #0]
1000648e:	07db      	lsls	r3, r3, #31
10006490:	d404      	bmi.n	1000649c <tu_edpt_release+0x34>
10006492:	2204      	movs	r2, #4
10006494:	7833      	ldrb	r3, [r6, #0]
10006496:	4393      	bics	r3, r2
10006498:	7033      	strb	r3, [r6, #0]
1000649a:	e7f2      	b.n	10006482 <tu_edpt_release+0x1a>
1000649c:	2500      	movs	r5, #0
1000649e:	e7f0      	b.n	10006482 <tu_edpt_release+0x1a>

100064a0 <tu_edpt_validate>:
100064a0:	7943      	ldrb	r3, [r0, #5]
100064a2:	7902      	ldrb	r2, [r0, #4]
100064a4:	021b      	lsls	r3, r3, #8
100064a6:	4313      	orrs	r3, r2
100064a8:	78c2      	ldrb	r2, [r0, #3]
100064aa:	055b      	lsls	r3, r3, #21
100064ac:	0792      	lsls	r2, r2, #30
100064ae:	0d5b      	lsrs	r3, r3, #21
100064b0:	0f92      	lsrs	r2, r2, #30
100064b2:	2a02      	cmp	r2, #2
100064b4:	d01d      	beq.n	100064f2 <tu_edpt_validate+0x52>
100064b6:	2a03      	cmp	r2, #3
100064b8:	d00c      	beq.n	100064d4 <tu_edpt_validate+0x34>
100064ba:	2000      	movs	r0, #0
100064bc:	2a01      	cmp	r2, #1
100064be:	d108      	bne.n	100064d2 <tu_edpt_validate+0x32>
100064c0:	3902      	subs	r1, #2
100064c2:	424a      	negs	r2, r1
100064c4:	4151      	adcs	r1, r2
100064c6:	4a12      	ldr	r2, [pc, #72]	@ (10006510 <tu_edpt_validate+0x70>)
100064c8:	4694      	mov	ip, r2
100064ca:	4461      	add	r1, ip
100064cc:	4299      	cmp	r1, r3
100064ce:	4140      	adcs	r0, r0
100064d0:	b2c0      	uxtb	r0, r0
100064d2:	4770      	bx	lr
100064d4:	3902      	subs	r1, #2
100064d6:	1e4a      	subs	r2, r1, #1
100064d8:	4191      	sbcs	r1, r2
100064da:	4a0e      	ldr	r2, [pc, #56]	@ (10006514 <tu_edpt_validate+0x74>)
100064dc:	4249      	negs	r1, r1
100064de:	4011      	ands	r1, r2
100064e0:	2280      	movs	r2, #128	@ 0x80
100064e2:	00d2      	lsls	r2, r2, #3
100064e4:	4694      	mov	ip, r2
100064e6:	2000      	movs	r0, #0
100064e8:	4461      	add	r1, ip
100064ea:	4299      	cmp	r1, r3
100064ec:	4140      	adcs	r0, r0
100064ee:	b2c0      	uxtb	r0, r0
100064f0:	e7ef      	b.n	100064d2 <tu_edpt_validate+0x32>
100064f2:	2902      	cmp	r1, #2
100064f4:	d005      	beq.n	10006502 <tu_edpt_validate+0x62>
100064f6:	2000      	movs	r0, #0
100064f8:	2240      	movs	r2, #64	@ 0x40
100064fa:	429a      	cmp	r2, r3
100064fc:	4140      	adcs	r0, r0
100064fe:	b2c0      	uxtb	r0, r0
10006500:	e7e7      	b.n	100064d2 <tu_edpt_validate+0x32>
10006502:	4a05      	ldr	r2, [pc, #20]	@ (10006518 <tu_edpt_validate+0x78>)
10006504:	1898      	adds	r0, r3, r2
10006506:	4243      	negs	r3, r0
10006508:	4158      	adcs	r0, r3
1000650a:	b2c0      	uxtb	r0, r0
1000650c:	e7e1      	b.n	100064d2 <tu_edpt_validate+0x32>
1000650e:	46c0      	nop			@ (mov r8, r8)
10006510:	000003ff 	.word	0x000003ff
10006514:	fffffc40 	.word	0xfffffc40
10006518:	fffffe00 	.word	0xfffffe00

1000651c <tu_edpt_bind_driver>:
1000651c:	188a      	adds	r2, r1, r2
1000651e:	b570      	push	{r4, r5, r6, lr}
10006520:	4291      	cmp	r1, r2
10006522:	d207      	bcs.n	10006534 <tu_edpt_bind_driver+0x18>
10006524:	267f      	movs	r6, #127	@ 0x7f
10006526:	784c      	ldrb	r4, [r1, #1]
10006528:	2c05      	cmp	r4, #5
1000652a:	d004      	beq.n	10006536 <tu_edpt_bind_driver+0x1a>
1000652c:	780c      	ldrb	r4, [r1, #0]
1000652e:	1909      	adds	r1, r1, r4
10006530:	428a      	cmp	r2, r1
10006532:	d8f8      	bhi.n	10006526 <tu_edpt_bind_driver+0xa>
10006534:	bd70      	pop	{r4, r5, r6, pc}
10006536:	0034      	movs	r4, r6
10006538:	788d      	ldrb	r5, [r1, #2]
1000653a:	402c      	ands	r4, r5
1000653c:	0064      	lsls	r4, r4, #1
1000653e:	1904      	adds	r4, r0, r4
10006540:	09ed      	lsrs	r5, r5, #7
10006542:	5563      	strb	r3, [r4, r5]
10006544:	780c      	ldrb	r4, [r1, #0]
10006546:	1909      	adds	r1, r1, r4
10006548:	428a      	cmp	r2, r1
1000654a:	d8ec      	bhi.n	10006526 <tu_edpt_bind_driver+0xa>
1000654c:	e7f2      	b.n	10006534 <tu_edpt_bind_driver+0x18>
1000654e:	46c0      	nop			@ (mov r8, r8)

10006550 <tu_edpt_stream_init>:
10006550:	b5f0      	push	{r4, r5, r6, r7, lr}
10006552:	46c6      	mov	lr, r8
10006554:	b500      	push	{lr}
10006556:	b082      	sub	sp, #8
10006558:	0015      	movs	r5, r2
1000655a:	aa08      	add	r2, sp, #32
1000655c:	ca40      	ldmia	r2!, {r6}
1000655e:	0004      	movs	r4, r0
10006560:	8817      	ldrh	r7, [r2, #0]
10006562:	466a      	mov	r2, sp
10006564:	8d92      	ldrh	r2, [r2, #44]	@ 0x2c
10006566:	2001      	movs	r0, #1
10006568:	4690      	mov	r8, r2
1000656a:	000a      	movs	r2, r1
1000656c:	7821      	ldrb	r1, [r4, #0]
1000656e:	4002      	ands	r2, r0
10006570:	4381      	bics	r1, r0
10006572:	0020      	movs	r0, r4
10006574:	4311      	orrs	r1, r2
10006576:	7021      	strb	r1, [r4, #0]
10006578:	003a      	movs	r2, r7
1000657a:	9300      	str	r3, [sp, #0]
1000657c:	0031      	movs	r1, r6
1000657e:	2301      	movs	r3, #1
10006580:	3008      	adds	r0, #8
10006582:	f000 f8f1 	bl	10006768 <tu_fifo_config>
10006586:	2e00      	cmp	r6, #0
10006588:	d001      	beq.n	1000658e <tu_edpt_stream_init+0x3e>
1000658a:	2f00      	cmp	r7, #0
1000658c:	d108      	bne.n	100065a0 <tu_edpt_stream_init+0x50>
1000658e:	9b0a      	ldr	r3, [sp, #40]	@ 0x28
10006590:	2001      	movs	r0, #1
10006592:	6063      	str	r3, [r4, #4]
10006594:	4643      	mov	r3, r8
10006596:	8063      	strh	r3, [r4, #2]
10006598:	b002      	add	sp, #8
1000659a:	bc80      	pop	{r7}
1000659c:	46b8      	mov	r8, r7
1000659e:	bdf0      	pop	{r4, r5, r6, r7, pc}
100065a0:	0026      	movs	r6, r4
100065a2:	361c      	adds	r6, #28
100065a4:	0030      	movs	r0, r6
100065a6:	f7fa fb89 	bl	10000cbc <mutex_init>
100065aa:	2300      	movs	r3, #0
100065ac:	2d00      	cmp	r5, #0
100065ae:	d001      	beq.n	100065b4 <tu_edpt_stream_init+0x64>
100065b0:	0033      	movs	r3, r6
100065b2:	2600      	movs	r6, #0
100065b4:	6163      	str	r3, [r4, #20]
100065b6:	61a6      	str	r6, [r4, #24]
100065b8:	e7e9      	b.n	1000658e <tu_edpt_stream_init+0x3e>
100065ba:	46c0      	nop			@ (mov r8, r8)

100065bc <tu_edpt_stream_deinit>:
100065bc:	2001      	movs	r0, #1
100065be:	4770      	bx	lr

100065c0 <tu_edpt_stream_write_zlp_if_needed>:
100065c0:	b5f8      	push	{r3, r4, r5, r6, r7, lr}
100065c2:	2402      	movs	r4, #2
100065c4:	780b      	ldrb	r3, [r1, #0]
100065c6:	0007      	movs	r7, r0
100065c8:	401c      	ands	r4, r3
100065ca:	4263      	negs	r3, r4
100065cc:	415c      	adcs	r4, r3
100065ce:	4b14      	ldr	r3, [pc, #80]	@ (10006620 <tu_edpt_stream_write_zlp_if_needed+0x60>)
100065d0:	4264      	negs	r4, r4
100065d2:	401c      	ands	r4, r3
100065d4:	4b13      	ldr	r3, [pc, #76]	@ (10006624 <tu_edpt_stream_write_zlp_if_needed+0x64>)
100065d6:	0008      	movs	r0, r1
100065d8:	469c      	mov	ip, r3
100065da:	3008      	adds	r0, #8
100065dc:	000d      	movs	r5, r1
100065de:	0016      	movs	r6, r2
100065e0:	4464      	add	r4, ip
100065e2:	f000 f8f7 	bl	100067d4 <tu_fifo_count>
100065e6:	2800      	cmp	r0, #0
100065e8:	d107      	bne.n	100065fa <tu_edpt_stream_write_zlp_if_needed+0x3a>
100065ea:	2e00      	cmp	r6, #0
100065ec:	d005      	beq.n	100065fa <tu_edpt_stream_write_zlp_if_needed+0x3a>
100065ee:	4234      	tst	r4, r6
100065f0:	d103      	bne.n	100065fa <tu_edpt_stream_write_zlp_if_needed+0x3a>
100065f2:	2401      	movs	r4, #1
100065f4:	782b      	ldrb	r3, [r5, #0]
100065f6:	421c      	tst	r4, r3
100065f8:	d001      	beq.n	100065fe <tu_edpt_stream_write_zlp_if_needed+0x3e>
100065fa:	2000      	movs	r0, #0
100065fc:	bdf8      	pop	{r3, r4, r5, r6, r7, pc}
100065fe:	0038      	movs	r0, r7
10006600:	7869      	ldrb	r1, [r5, #1]
10006602:	f7ff f9af 	bl	10005964 <usbd_edpt_claim>
10006606:	2800      	cmp	r0, #0
10006608:	d0f7      	beq.n	100065fa <tu_edpt_stream_write_zlp_if_needed+0x3a>
1000660a:	782b      	ldrb	r3, [r5, #0]
1000660c:	421c      	tst	r4, r3
1000660e:	d1f4      	bne.n	100065fa <tu_edpt_stream_write_zlp_if_needed+0x3a>
10006610:	2300      	movs	r3, #0
10006612:	2200      	movs	r2, #0
10006614:	0038      	movs	r0, r7
10006616:	7869      	ldrb	r1, [r5, #1]
10006618:	f7ff f9cc 	bl	100059b4 <usbd_edpt_xfer>
1000661c:	e7ee      	b.n	100065fc <tu_edpt_stream_write_zlp_if_needed+0x3c>
1000661e:	46c0      	nop			@ (mov r8, r8)
10006620:	fffffe40 	.word	0xfffffe40
10006624:	000001ff 	.word	0x000001ff

10006628 <tu_edpt_stream_write_xfer>:
10006628:	b5f8      	push	{r3, r4, r5, r6, r7, lr}
1000662a:	000d      	movs	r5, r1
1000662c:	3508      	adds	r5, #8
1000662e:	0006      	movs	r6, r0
10006630:	0028      	movs	r0, r5
10006632:	000c      	movs	r4, r1
10006634:	f000 f8ce 	bl	100067d4 <tu_fifo_count>
10006638:	2800      	cmp	r0, #0
1000663a:	d003      	beq.n	10006644 <tu_edpt_stream_write_xfer+0x1c>
1000663c:	2701      	movs	r7, #1
1000663e:	7823      	ldrb	r3, [r4, #0]
10006640:	421f      	tst	r7, r3
10006642:	d001      	beq.n	10006648 <tu_edpt_stream_write_xfer+0x20>
10006644:	2000      	movs	r0, #0
10006646:	bdf8      	pop	{r3, r4, r5, r6, r7, pc}
10006648:	0030      	movs	r0, r6
1000664a:	7861      	ldrb	r1, [r4, #1]
1000664c:	f7ff f98a 	bl	10005964 <usbd_edpt_claim>
10006650:	2800      	cmp	r0, #0
10006652:	d0f7      	beq.n	10006644 <tu_edpt_stream_write_xfer+0x1c>
10006654:	0028      	movs	r0, r5
10006656:	8862      	ldrh	r2, [r4, #2]
10006658:	6861      	ldr	r1, [r4, #4]
1000665a:	f000 f93d 	bl	100068d8 <tu_fifo_read_n>
1000665e:	7823      	ldrb	r3, [r4, #0]
10006660:	0005      	movs	r5, r0
10006662:	401f      	ands	r7, r3
10006664:	2800      	cmp	r0, #0
10006666:	d00b      	beq.n	10006680 <tu_edpt_stream_write_xfer+0x58>
10006668:	2f00      	cmp	r7, #0
1000666a:	d1eb      	bne.n	10006644 <tu_edpt_stream_write_xfer+0x1c>
1000666c:	0003      	movs	r3, r0
1000666e:	6862      	ldr	r2, [r4, #4]
10006670:	0030      	movs	r0, r6
10006672:	7861      	ldrb	r1, [r4, #1]
10006674:	f7ff f99e 	bl	100059b4 <usbd_edpt_xfer>
10006678:	2800      	cmp	r0, #0
1000667a:	d0e3      	beq.n	10006644 <tu_edpt_stream_write_xfer+0x1c>
1000667c:	0028      	movs	r0, r5
1000667e:	e7e2      	b.n	10006646 <tu_edpt_stream_write_xfer+0x1e>
10006680:	2f00      	cmp	r7, #0
10006682:	d1df      	bne.n	10006644 <tu_edpt_stream_write_xfer+0x1c>
10006684:	0030      	movs	r0, r6
10006686:	7861      	ldrb	r1, [r4, #1]
10006688:	f7ff f980 	bl	1000598c <usbd_edpt_release>
1000668c:	e7da      	b.n	10006644 <tu_edpt_stream_write_xfer+0x1c>
1000668e:	46c0      	nop			@ (mov r8, r8)

10006690 <tu_edpt_stream_read_xfer>:
10006690:	b5f8      	push	{r3, r4, r5, r6, r7, lr}
10006692:	46ce      	mov	lr, r9
10006694:	4647      	mov	r7, r8
10006696:	b580      	push	{r7, lr}
10006698:	898a      	ldrh	r2, [r1, #12]
1000669a:	0006      	movs	r6, r0
1000669c:	000c      	movs	r4, r1
1000669e:	780b      	ldrb	r3, [r1, #0]
100066a0:	2a00      	cmp	r2, #0
100066a2:	d107      	bne.n	100066b4 <tu_edpt_stream_read_xfer+0x24>
100066a4:	2501      	movs	r5, #1
100066a6:	421d      	tst	r5, r3
100066a8:	d040      	beq.n	1000672c <tu_edpt_stream_read_xfer+0x9c>
100066aa:	2000      	movs	r0, #0
100066ac:	bcc0      	pop	{r6, r7}
100066ae:	46b9      	mov	r9, r7
100066b0:	46b0      	mov	r8, r6
100066b2:	bdf8      	pop	{r3, r4, r5, r6, r7, pc}
100066b4:	079b      	lsls	r3, r3, #30
100066b6:	d433      	bmi.n	10006720 <tu_edpt_stream_read_xfer+0x90>
100066b8:	4b2a      	ldr	r3, [pc, #168]	@ (10006764 <tu_edpt_stream_read_xfer+0xd4>)
100066ba:	2540      	movs	r5, #64	@ 0x40
100066bc:	4699      	mov	r9, r3
100066be:	0027      	movs	r7, r4
100066c0:	3708      	adds	r7, #8
100066c2:	0038      	movs	r0, r7
100066c4:	f000 f8a4 	bl	10006810 <tu_fifo_remaining>
100066c8:	4285      	cmp	r5, r0
100066ca:	d8ee      	bhi.n	100066aa <tu_edpt_stream_read_xfer+0x1a>
100066cc:	2201      	movs	r2, #1
100066ce:	7823      	ldrb	r3, [r4, #0]
100066d0:	4690      	mov	r8, r2
100066d2:	421a      	tst	r2, r3
100066d4:	d1e9      	bne.n	100066aa <tu_edpt_stream_read_xfer+0x1a>
100066d6:	0030      	movs	r0, r6
100066d8:	7861      	ldrb	r1, [r4, #1]
100066da:	f7ff f943 	bl	10005964 <usbd_edpt_claim>
100066de:	2800      	cmp	r0, #0
100066e0:	d0e3      	beq.n	100066aa <tu_edpt_stream_read_xfer+0x1a>
100066e2:	0038      	movs	r0, r7
100066e4:	f000 f894 	bl	10006810 <tu_fifo_remaining>
100066e8:	4642      	mov	r2, r8
100066ea:	7823      	ldrb	r3, [r4, #0]
100066ec:	401a      	ands	r2, r3
100066ee:	4285      	cmp	r5, r0
100066f0:	d831      	bhi.n	10006756 <tu_edpt_stream_read_xfer+0xc6>
100066f2:	2a00      	cmp	r2, #0
100066f4:	d1d9      	bne.n	100066aa <tu_edpt_stream_read_xfer+0x1a>
100066f6:	464a      	mov	r2, r9
100066f8:	8863      	ldrh	r3, [r4, #2]
100066fa:	4002      	ands	r2, r0
100066fc:	1c1d      	adds	r5, r3, #0
100066fe:	4293      	cmp	r3, r2
10006700:	d900      	bls.n	10006704 <tu_edpt_stream_read_xfer+0x74>
10006702:	1c15      	adds	r5, r2, #0
10006704:	b2ad      	uxth	r5, r5
10006706:	2200      	movs	r2, #0
10006708:	7861      	ldrb	r1, [r4, #1]
1000670a:	2d00      	cmp	r5, #0
1000670c:	d000      	beq.n	10006710 <tu_edpt_stream_read_xfer+0x80>
1000670e:	6862      	ldr	r2, [r4, #4]
10006710:	002b      	movs	r3, r5
10006712:	0030      	movs	r0, r6
10006714:	f7ff f94e 	bl	100059b4 <usbd_edpt_xfer>
10006718:	2800      	cmp	r0, #0
1000671a:	d0c6      	beq.n	100066aa <tu_edpt_stream_read_xfer+0x1a>
1000671c:	0028      	movs	r0, r5
1000671e:	e7c5      	b.n	100066ac <tu_edpt_stream_read_xfer+0x1c>
10006720:	23fe      	movs	r3, #254	@ 0xfe
10006722:	2580      	movs	r5, #128	@ 0x80
10006724:	021b      	lsls	r3, r3, #8
10006726:	4699      	mov	r9, r3
10006728:	00ad      	lsls	r5, r5, #2
1000672a:	e7c8      	b.n	100066be <tu_edpt_stream_read_xfer+0x2e>
1000672c:	7849      	ldrb	r1, [r1, #1]
1000672e:	f7ff f919 	bl	10005964 <usbd_edpt_claim>
10006732:	2800      	cmp	r0, #0
10006734:	d0b9      	beq.n	100066aa <tu_edpt_stream_read_xfer+0x1a>
10006736:	7823      	ldrb	r3, [r4, #0]
10006738:	421d      	tst	r5, r3
1000673a:	d1b6      	bne.n	100066aa <tu_edpt_stream_read_xfer+0x1a>
1000673c:	8863      	ldrh	r3, [r4, #2]
1000673e:	2200      	movs	r2, #0
10006740:	7861      	ldrb	r1, [r4, #1]
10006742:	2b00      	cmp	r3, #0
10006744:	d000      	beq.n	10006748 <tu_edpt_stream_read_xfer+0xb8>
10006746:	6862      	ldr	r2, [r4, #4]
10006748:	0030      	movs	r0, r6
1000674a:	f7ff f933 	bl	100059b4 <usbd_edpt_xfer>
1000674e:	2800      	cmp	r0, #0
10006750:	d0ab      	beq.n	100066aa <tu_edpt_stream_read_xfer+0x1a>
10006752:	8860      	ldrh	r0, [r4, #2]
10006754:	e7aa      	b.n	100066ac <tu_edpt_stream_read_xfer+0x1c>
10006756:	2a00      	cmp	r2, #0
10006758:	d1a7      	bne.n	100066aa <tu_edpt_stream_read_xfer+0x1a>
1000675a:	0030      	movs	r0, r6
1000675c:	7861      	ldrb	r1, [r4, #1]
1000675e:	f7ff f915 	bl	1000598c <usbd_edpt_release>
10006762:	e7a2      	b.n	100066aa <tu_edpt_stream_read_xfer+0x1a>
10006764:	0000ffc0 	.word	0x0000ffc0

10006768 <tu_fifo_config>:
10006768:	b5f0      	push	{r4, r5, r6, r7, lr}
1000676a:	46c6      	mov	lr, r8
1000676c:	b500      	push	{lr}
1000676e:	0004      	movs	r4, r0
10006770:	4668      	mov	r0, sp
10006772:	7e05      	ldrb	r5, [r0, #24]
10006774:	2080      	movs	r0, #128	@ 0x80
10006776:	4688      	mov	r8, r1
10006778:	0017      	movs	r7, r2
1000677a:	001e      	movs	r6, r3
1000677c:	0200      	lsls	r0, r0, #8
1000677e:	4282      	cmp	r2, r0
10006780:	d826      	bhi.n	100067d0 <tu_fifo_config+0x68>
10006782:	68e0      	ldr	r0, [r4, #12]
10006784:	2800      	cmp	r0, #0
10006786:	d003      	beq.n	10006790 <tu_fifo_config+0x28>
10006788:	2101      	movs	r1, #1
1000678a:	4249      	negs	r1, r1
1000678c:	f000 fae8 	bl	10006d60 <__mutex_enter_timeout_ms_veneer>
10006790:	6920      	ldr	r0, [r4, #16]
10006792:	2800      	cmp	r0, #0
10006794:	d003      	beq.n	1000679e <tu_fifo_config+0x36>
10006796:	2101      	movs	r1, #1
10006798:	4249      	negs	r1, r1
1000679a:	f000 fae1 	bl	10006d60 <__mutex_enter_timeout_ms_veneer>
1000679e:	4643      	mov	r3, r8
100067a0:	6023      	str	r3, [r4, #0]
100067a2:	0473      	lsls	r3, r6, #17
100067a4:	0c5b      	lsrs	r3, r3, #17
100067a6:	03ed      	lsls	r5, r5, #15
100067a8:	431d      	orrs	r5, r3
100067aa:	2300      	movs	r3, #0
100067ac:	68e0      	ldr	r0, [r4, #12]
100067ae:	8163      	strh	r3, [r4, #10]
100067b0:	80a7      	strh	r7, [r4, #4]
100067b2:	80e5      	strh	r5, [r4, #6]
100067b4:	8123      	strh	r3, [r4, #8]
100067b6:	2800      	cmp	r0, #0
100067b8:	d001      	beq.n	100067be <tu_fifo_config+0x56>
100067ba:	f000 faa9 	bl	10006d10 <__mutex_exit_veneer>
100067be:	6920      	ldr	r0, [r4, #16]
100067c0:	2800      	cmp	r0, #0
100067c2:	d001      	beq.n	100067c8 <tu_fifo_config+0x60>
100067c4:	f000 faa4 	bl	10006d10 <__mutex_exit_veneer>
100067c8:	2001      	movs	r0, #1
100067ca:	bc80      	pop	{r7}
100067cc:	46b8      	mov	r8, r7
100067ce:	bdf0      	pop	{r4, r5, r6, r7, pc}
100067d0:	2000      	movs	r0, #0
100067d2:	e7fa      	b.n	100067ca <tu_fifo_config+0x62>

100067d4 <tu_fifo_count>:
100067d4:	b510      	push	{r4, lr}
100067d6:	8904      	ldrh	r4, [r0, #8]
100067d8:	8941      	ldrh	r1, [r0, #10]
100067da:	8882      	ldrh	r2, [r0, #4]
100067dc:	b2a3      	uxth	r3, r4
100067de:	b288      	uxth	r0, r1
100067e0:	428c      	cmp	r4, r1
100067e2:	d307      	bcc.n	100067f4 <tu_fifo_count+0x20>
100067e4:	1a1b      	subs	r3, r3, r0
100067e6:	b29b      	uxth	r3, r3
100067e8:	1c10      	adds	r0, r2, #0
100067ea:	429a      	cmp	r2, r3
100067ec:	d900      	bls.n	100067f0 <tu_fifo_count+0x1c>
100067ee:	1c18      	adds	r0, r3, #0
100067f0:	b280      	uxth	r0, r0
100067f2:	bd10      	pop	{r4, pc}
100067f4:	0051      	lsls	r1, r2, #1
100067f6:	1a09      	subs	r1, r1, r0
100067f8:	185b      	adds	r3, r3, r1
100067fa:	b29b      	uxth	r3, r3
100067fc:	e7f4      	b.n	100067e8 <tu_fifo_count+0x14>
100067fe:	46c0      	nop			@ (mov r8, r8)

10006800 <tu_fifo_empty>:
10006800:	8903      	ldrh	r3, [r0, #8]
10006802:	8940      	ldrh	r0, [r0, #10]
10006804:	1a18      	subs	r0, r3, r0
10006806:	4243      	negs	r3, r0
10006808:	4158      	adcs	r0, r3
1000680a:	b2c0      	uxtb	r0, r0
1000680c:	4770      	bx	lr
1000680e:	46c0      	nop			@ (mov r8, r8)

10006810 <tu_fifo_remaining>:
10006810:	b510      	push	{r4, lr}
10006812:	8904      	ldrh	r4, [r0, #8]
10006814:	8941      	ldrh	r1, [r0, #10]
10006816:	8882      	ldrh	r2, [r0, #4]
10006818:	b2a3      	uxth	r3, r4
1000681a:	b288      	uxth	r0, r1
1000681c:	428c      	cmp	r4, r1
1000681e:	d307      	bcc.n	10006830 <tu_fifo_remaining+0x20>
10006820:	1a1b      	subs	r3, r3, r0
10006822:	b29b      	uxth	r3, r3
10006824:	2000      	movs	r0, #0
10006826:	429a      	cmp	r2, r3
10006828:	d901      	bls.n	1000682e <tu_fifo_remaining+0x1e>
1000682a:	1ad2      	subs	r2, r2, r3
1000682c:	b290      	uxth	r0, r2
1000682e:	bd10      	pop	{r4, pc}
10006830:	0051      	lsls	r1, r2, #1
10006832:	1a09      	subs	r1, r1, r0
10006834:	185b      	adds	r3, r3, r1
10006836:	b29b      	uxth	r3, r3
10006838:	e7f4      	b.n	10006824 <tu_fifo_remaining+0x14>
1000683a:	46c0      	nop			@ (mov r8, r8)

1000683c <tu_fifo_read>:
1000683c:	b570      	push	{r4, r5, r6, lr}
1000683e:	0004      	movs	r4, r0
10006840:	6900      	ldr	r0, [r0, #16]
10006842:	000e      	movs	r6, r1
10006844:	2800      	cmp	r0, #0
10006846:	d003      	beq.n	10006850 <tu_fifo_read+0x14>
10006848:	2101      	movs	r1, #1
1000684a:	4249      	negs	r1, r1
1000684c:	f000 fa88 	bl	10006d60 <__mutex_enter_timeout_ms_veneer>
10006850:	8925      	ldrh	r5, [r4, #8]
10006852:	8960      	ldrh	r0, [r4, #10]
10006854:	88a2      	ldrh	r2, [r4, #4]
10006856:	b2a9      	uxth	r1, r5
10006858:	b283      	uxth	r3, r0
1000685a:	4285      	cmp	r5, r0
1000685c:	d332      	bcc.n	100068c4 <tu_fifo_read+0x88>
1000685e:	1acd      	subs	r5, r1, r3
10006860:	b2ad      	uxth	r5, r5
10006862:	2d00      	cmp	r5, #0
10006864:	d028      	beq.n	100068b8 <tu_fifo_read+0x7c>
10006866:	42aa      	cmp	r2, r5
10006868:	d208      	bcs.n	1000687c <tu_fifo_read+0x40>
1000686a:	4291      	cmp	r1, r2
1000686c:	d32f      	bcc.n	100068ce <tu_fifo_read+0x92>
1000686e:	1a89      	subs	r1, r1, r2
10006870:	b28b      	uxth	r3, r1
10006872:	8163      	strh	r3, [r4, #10]
10006874:	429a      	cmp	r2, r3
10006876:	d803      	bhi.n	10006880 <tu_fifo_read+0x44>
10006878:	1a9b      	subs	r3, r3, r2
1000687a:	b29b      	uxth	r3, r3
1000687c:	429a      	cmp	r2, r3
1000687e:	d9fb      	bls.n	10006878 <tu_fifo_read+0x3c>
10006880:	88e2      	ldrh	r2, [r4, #6]
10006882:	6821      	ldr	r1, [r4, #0]
10006884:	0452      	lsls	r2, r2, #17
10006886:	0c52      	lsrs	r2, r2, #17
10006888:	4353      	muls	r3, r2
1000688a:	0030      	movs	r0, r6
1000688c:	18c9      	adds	r1, r1, r3
1000688e:	f7fb ff73 	bl	10002778 <__wrap___aeabi_memcpy>
10006892:	8963      	ldrh	r3, [r4, #10]
10006894:	2501      	movs	r5, #1
10006896:	1c59      	adds	r1, r3, #1
10006898:	b289      	uxth	r1, r1
1000689a:	88a2      	ldrh	r2, [r4, #4]
1000689c:	428b      	cmp	r3, r1
1000689e:	d90d      	bls.n	100068bc <tu_fifo_read+0x80>
100068a0:	2100      	movs	r1, #0
100068a2:	0052      	lsls	r2, r2, #1
100068a4:	1a89      	subs	r1, r1, r2
100068a6:	b289      	uxth	r1, r1
100068a8:	6920      	ldr	r0, [r4, #16]
100068aa:	8161      	strh	r1, [r4, #10]
100068ac:	2800      	cmp	r0, #0
100068ae:	d001      	beq.n	100068b4 <tu_fifo_read+0x78>
100068b0:	f000 fa2e 	bl	10006d10 <__mutex_exit_veneer>
100068b4:	0028      	movs	r0, r5
100068b6:	bd70      	pop	{r4, r5, r6, pc}
100068b8:	8961      	ldrh	r1, [r4, #10]
100068ba:	b289      	uxth	r1, r1
100068bc:	0052      	lsls	r2, r2, #1
100068be:	4291      	cmp	r1, r2
100068c0:	dbf2      	blt.n	100068a8 <tu_fifo_read+0x6c>
100068c2:	e7ef      	b.n	100068a4 <tu_fifo_read+0x68>
100068c4:	0055      	lsls	r5, r2, #1
100068c6:	1aed      	subs	r5, r5, r3
100068c8:	194d      	adds	r5, r1, r5
100068ca:	b2ad      	uxth	r5, r5
100068cc:	e7c9      	b.n	10006862 <tu_fifo_read+0x26>
100068ce:	1889      	adds	r1, r1, r2
100068d0:	b28b      	uxth	r3, r1
100068d2:	8163      	strh	r3, [r4, #10]
100068d4:	e7ce      	b.n	10006874 <tu_fifo_read+0x38>
100068d6:	46c0      	nop			@ (mov r8, r8)

100068d8 <tu_fifo_read_n>:
100068d8:	b5f0      	push	{r4, r5, r6, r7, lr}
100068da:	4646      	mov	r6, r8
100068dc:	464f      	mov	r7, r9
100068de:	46d6      	mov	lr, sl
100068e0:	b5c0      	push	{r6, r7, lr}
100068e2:	0006      	movs	r6, r0
100068e4:	6900      	ldr	r0, [r0, #16]
100068e6:	4689      	mov	r9, r1
100068e8:	4690      	mov	r8, r2
100068ea:	2800      	cmp	r0, #0
100068ec:	d003      	beq.n	100068f6 <tu_fifo_read_n+0x1e>
100068ee:	2101      	movs	r1, #1
100068f0:	4249      	negs	r1, r1
100068f2:	f000 fa35 	bl	10006d60 <__mutex_enter_timeout_ms_veneer>
100068f6:	8931      	ldrh	r1, [r6, #8]
100068f8:	8972      	ldrh	r2, [r6, #10]
100068fa:	88b5      	ldrh	r5, [r6, #4]
100068fc:	b28b      	uxth	r3, r1
100068fe:	b294      	uxth	r4, r2
10006900:	4291      	cmp	r1, r2
10006902:	d354      	bcc.n	100069ae <tu_fifo_read_n+0xd6>
10006904:	1b1f      	subs	r7, r3, r4
10006906:	b2bf      	uxth	r7, r7
10006908:	2f00      	cmp	r7, #0
1000690a:	d04a      	beq.n	100069a2 <tu_fifo_read_n+0xca>
1000690c:	42bd      	cmp	r5, r7
1000690e:	d205      	bcs.n	1000691c <tu_fifo_read_n+0x44>
10006910:	42ab      	cmp	r3, r5
10006912:	d251      	bcs.n	100069b8 <tu_fifo_read_n+0xe0>
10006914:	195b      	adds	r3, r3, r5
10006916:	b29c      	uxth	r4, r3
10006918:	002f      	movs	r7, r5
1000691a:	8174      	strh	r4, [r6, #10]
1000691c:	4643      	mov	r3, r8
1000691e:	45b8      	cmp	r8, r7
10006920:	d83d      	bhi.n	1000699e <tu_fifo_read_n+0xc6>
10006922:	b29f      	uxth	r7, r3
10006924:	42a5      	cmp	r5, r4
10006926:	d803      	bhi.n	10006930 <tu_fifo_read_n+0x58>
10006928:	1b64      	subs	r4, r4, r5
1000692a:	b2a4      	uxth	r4, r4
1000692c:	42a5      	cmp	r5, r4
1000692e:	d9fb      	bls.n	10006928 <tu_fifo_read_n+0x50>
10006930:	88f2      	ldrh	r2, [r6, #6]
10006932:	6831      	ldr	r1, [r6, #0]
10006934:	0452      	lsls	r2, r2, #17
10006936:	0c52      	lsrs	r2, r2, #17
10006938:	4690      	mov	r8, r2
1000693a:	4362      	muls	r2, r4
1000693c:	1b2b      	subs	r3, r5, r4
1000693e:	b29b      	uxth	r3, r3
10006940:	1889      	adds	r1, r1, r2
10006942:	4642      	mov	r2, r8
10006944:	429f      	cmp	r7, r3
10006946:	d925      	bls.n	10006994 <tu_fifo_read_n+0xbc>
10006948:	4353      	muls	r3, r2
1000694a:	b29b      	uxth	r3, r3
1000694c:	001a      	movs	r2, r3
1000694e:	4648      	mov	r0, r9
10006950:	469a      	mov	sl, r3
10006952:	f7fb ff11 	bl	10002778 <__wrap___aeabi_memcpy>
10006956:	4643      	mov	r3, r8
10006958:	4648      	mov	r0, r9
1000695a:	1b7d      	subs	r5, r7, r5
1000695c:	1964      	adds	r4, r4, r5
1000695e:	435c      	muls	r4, r3
10006960:	6831      	ldr	r1, [r6, #0]
10006962:	4450      	add	r0, sl
10006964:	b2a2      	uxth	r2, r4
10006966:	f7fb ff07 	bl	10002778 <__wrap___aeabi_memcpy>
1000696a:	8971      	ldrh	r1, [r6, #10]
1000696c:	88b5      	ldrh	r5, [r6, #4]
1000696e:	19cb      	adds	r3, r1, r7
10006970:	b29b      	uxth	r3, r3
10006972:	006a      	lsls	r2, r5, #1
10006974:	4299      	cmp	r1, r3
10006976:	d916      	bls.n	100069a6 <tu_fifo_read_n+0xce>
10006978:	1a9b      	subs	r3, r3, r2
1000697a:	b29b      	uxth	r3, r3
1000697c:	6930      	ldr	r0, [r6, #16]
1000697e:	8173      	strh	r3, [r6, #10]
10006980:	2800      	cmp	r0, #0
10006982:	d001      	beq.n	10006988 <tu_fifo_read_n+0xb0>
10006984:	f000 f9c4 	bl	10006d10 <__mutex_exit_veneer>
10006988:	0038      	movs	r0, r7
1000698a:	bce0      	pop	{r5, r6, r7}
1000698c:	46ba      	mov	sl, r7
1000698e:	46b1      	mov	r9, r6
10006990:	46a8      	mov	r8, r5
10006992:	bdf0      	pop	{r4, r5, r6, r7, pc}
10006994:	4648      	mov	r0, r9
10006996:	437a      	muls	r2, r7
10006998:	f7fb feee 	bl	10002778 <__wrap___aeabi_memcpy>
1000699c:	e7e5      	b.n	1000696a <tu_fifo_read_n+0x92>
1000699e:	1c3b      	adds	r3, r7, #0
100069a0:	e7bf      	b.n	10006922 <tu_fifo_read_n+0x4a>
100069a2:	8973      	ldrh	r3, [r6, #10]
100069a4:	b29b      	uxth	r3, r3
100069a6:	006a      	lsls	r2, r5, #1
100069a8:	4293      	cmp	r3, r2
100069aa:	dbe7      	blt.n	1000697c <tu_fifo_read_n+0xa4>
100069ac:	e7e4      	b.n	10006978 <tu_fifo_read_n+0xa0>
100069ae:	006f      	lsls	r7, r5, #1
100069b0:	1b3f      	subs	r7, r7, r4
100069b2:	19df      	adds	r7, r3, r7
100069b4:	b2bf      	uxth	r7, r7
100069b6:	e7a7      	b.n	10006908 <tu_fifo_read_n+0x30>
100069b8:	1b5b      	subs	r3, r3, r5
100069ba:	b29c      	uxth	r4, r3
100069bc:	e7ac      	b.n	10006918 <tu_fifo_read_n+0x40>
100069be:	46c0      	nop			@ (mov r8, r8)

100069c0 <tu_fifo_write>:
100069c0:	b5f8      	push	{r3, r4, r5, r6, r7, lr}
100069c2:	0004      	movs	r4, r0
100069c4:	68c0      	ldr	r0, [r0, #12]
100069c6:	000e      	movs	r6, r1
100069c8:	2800      	cmp	r0, #0
100069ca:	d003      	beq.n	100069d4 <tu_fifo_write+0x14>
100069cc:	2101      	movs	r1, #1
100069ce:	4249      	negs	r1, r1
100069d0:	f000 f9c6 	bl	10006d60 <__mutex_enter_timeout_ms_veneer>
100069d4:	8925      	ldrh	r5, [r4, #8]
100069d6:	8920      	ldrh	r0, [r4, #8]
100069d8:	8961      	ldrh	r1, [r4, #10]
100069da:	88a2      	ldrh	r2, [r4, #4]
100069dc:	b2ad      	uxth	r5, r5
100069de:	b283      	uxth	r3, r0
100069e0:	b28f      	uxth	r7, r1
100069e2:	4288      	cmp	r0, r1
100069e4:	d329      	bcc.n	10006a3a <tu_fifo_write+0x7a>
100069e6:	1bdb      	subs	r3, r3, r7
100069e8:	b29b      	uxth	r3, r3
100069ea:	429a      	cmp	r2, r3
100069ec:	d809      	bhi.n	10006a02 <tu_fifo_write+0x42>
100069ee:	79e7      	ldrb	r7, [r4, #7]
100069f0:	09ff      	lsrs	r7, r7, #7
100069f2:	d106      	bne.n	10006a02 <tu_fifo_write+0x42>
100069f4:	68e0      	ldr	r0, [r4, #12]
100069f6:	2800      	cmp	r0, #0
100069f8:	d001      	beq.n	100069fe <tu_fifo_write+0x3e>
100069fa:	f000 f989 	bl	10006d10 <__mutex_exit_veneer>
100069fe:	0038      	movs	r0, r7
10006a00:	bdf8      	pop	{r3, r4, r5, r6, r7, pc}
10006a02:	002b      	movs	r3, r5
10006a04:	4295      	cmp	r5, r2
10006a06:	d31d      	bcc.n	10006a44 <tu_fifo_write+0x84>
10006a08:	1a9b      	subs	r3, r3, r2
10006a0a:	b29b      	uxth	r3, r3
10006a0c:	4293      	cmp	r3, r2
10006a0e:	d2fb      	bcs.n	10006a08 <tu_fifo_write+0x48>
10006a10:	88e2      	ldrh	r2, [r4, #6]
10006a12:	6820      	ldr	r0, [r4, #0]
10006a14:	0452      	lsls	r2, r2, #17
10006a16:	0c52      	lsrs	r2, r2, #17
10006a18:	4353      	muls	r3, r2
10006a1a:	0031      	movs	r1, r6
10006a1c:	18c0      	adds	r0, r0, r3
10006a1e:	f7fb feab 	bl	10002778 <__wrap___aeabi_memcpy>
10006a22:	1c6b      	adds	r3, r5, #1
10006a24:	b29b      	uxth	r3, r3
10006a26:	88a2      	ldrh	r2, [r4, #4]
10006a28:	429d      	cmp	r5, r3
10006a2a:	d917      	bls.n	10006a5c <tu_fifo_write+0x9c>
10006a2c:	2300      	movs	r3, #0
10006a2e:	0052      	lsls	r2, r2, #1
10006a30:	1a9b      	subs	r3, r3, r2
10006a32:	b29b      	uxth	r3, r3
10006a34:	2701      	movs	r7, #1
10006a36:	8123      	strh	r3, [r4, #8]
10006a38:	e7dc      	b.n	100069f4 <tu_fifo_write+0x34>
10006a3a:	0051      	lsls	r1, r2, #1
10006a3c:	1bc9      	subs	r1, r1, r7
10006a3e:	185b      	adds	r3, r3, r1
10006a40:	b29b      	uxth	r3, r3
10006a42:	e7d2      	b.n	100069ea <tu_fifo_write+0x2a>
10006a44:	88e2      	ldrh	r2, [r4, #6]
10006a46:	6820      	ldr	r0, [r4, #0]
10006a48:	0452      	lsls	r2, r2, #17
10006a4a:	0c52      	lsrs	r2, r2, #17
10006a4c:	4353      	muls	r3, r2
10006a4e:	0031      	movs	r1, r6
10006a50:	18c0      	adds	r0, r0, r3
10006a52:	f7fb fe91 	bl	10002778 <__wrap___aeabi_memcpy>
10006a56:	3501      	adds	r5, #1
10006a58:	88a2      	ldrh	r2, [r4, #4]
10006a5a:	b2ab      	uxth	r3, r5
10006a5c:	0052      	lsls	r2, r2, #1
10006a5e:	4293      	cmp	r3, r2
10006a60:	dbe8      	blt.n	10006a34 <tu_fifo_write+0x74>
10006a62:	e7e5      	b.n	10006a30 <tu_fifo_write+0x70>

10006a64 <tu_fifo_write_n>:
10006a64:	b5f0      	push	{r4, r5, r6, r7, lr}
10006a66:	464e      	mov	r6, r9
10006a68:	4657      	mov	r7, sl
10006a6a:	46de      	mov	lr, fp
10006a6c:	4645      	mov	r5, r8
10006a6e:	b5e0      	push	{r5, r6, r7, lr}
10006a70:	4689      	mov	r9, r1
10006a72:	0006      	movs	r6, r0
10006a74:	0017      	movs	r7, r2
10006a76:	b083      	sub	sp, #12
10006a78:	2a00      	cmp	r2, #0
10006a7a:	d067      	beq.n	10006b4c <tu_fifo_write_n+0xe8>
10006a7c:	68c0      	ldr	r0, [r0, #12]
10006a7e:	2800      	cmp	r0, #0
10006a80:	d003      	beq.n	10006a8a <tu_fifo_write_n+0x26>
10006a82:	2101      	movs	r1, #1
10006a84:	4249      	negs	r1, r1
10006a86:	f000 f96b 	bl	10006d60 <__mutex_enter_timeout_ms_veneer>
10006a8a:	8933      	ldrh	r3, [r6, #8]
10006a8c:	79f2      	ldrb	r2, [r6, #7]
10006a8e:	b29b      	uxth	r3, r3
10006a90:	4698      	mov	r8, r3
10006a92:	8973      	ldrh	r3, [r6, #10]
10006a94:	88b5      	ldrh	r5, [r6, #4]
10006a96:	b29b      	uxth	r3, r3
10006a98:	09d2      	lsrs	r2, r2, #7
10006a9a:	d140      	bne.n	10006b1e <tu_fifo_write_n+0xba>
10006a9c:	4598      	cmp	r8, r3
10006a9e:	d25e      	bcs.n	10006b5e <tu_fifo_write_n+0xfa>
10006aa0:	006a      	lsls	r2, r5, #1
10006aa2:	1ad3      	subs	r3, r2, r3
10006aa4:	4443      	add	r3, r8
10006aa6:	b29b      	uxth	r3, r3
10006aa8:	42ab      	cmp	r3, r5
10006aaa:	d25d      	bcs.n	10006b68 <tu_fifo_write_n+0x104>
10006aac:	1aeb      	subs	r3, r5, r3
10006aae:	1c1a      	adds	r2, r3, #0
10006ab0:	b29b      	uxth	r3, r3
10006ab2:	42bb      	cmp	r3, r7
10006ab4:	d900      	bls.n	10006ab8 <tu_fifo_write_n+0x54>
10006ab6:	1c3a      	adds	r2, r7, #0
10006ab8:	b297      	uxth	r7, r2
10006aba:	1b7b      	subs	r3, r7, r5
10006abc:	b29b      	uxth	r3, r3
10006abe:	9301      	str	r3, [sp, #4]
10006ac0:	88f3      	ldrh	r3, [r6, #6]
10006ac2:	045b      	lsls	r3, r3, #17
10006ac4:	0c5b      	lsrs	r3, r3, #17
10006ac6:	469a      	mov	sl, r3
10006ac8:	4643      	mov	r3, r8
10006aca:	19db      	adds	r3, r3, r7
10006acc:	b29b      	uxth	r3, r3
10006ace:	469b      	mov	fp, r3
10006ad0:	4644      	mov	r4, r8
10006ad2:	45a8      	cmp	r8, r5
10006ad4:	d303      	bcc.n	10006ade <tu_fifo_write_n+0x7a>
10006ad6:	1b64      	subs	r4, r4, r5
10006ad8:	b2a4      	uxth	r4, r4
10006ada:	42ac      	cmp	r4, r5
10006adc:	d2fb      	bcs.n	10006ad6 <tu_fifo_write_n+0x72>
10006ade:	4653      	mov	r3, sl
10006ae0:	4363      	muls	r3, r4
10006ae2:	6830      	ldr	r0, [r6, #0]
10006ae4:	1b2d      	subs	r5, r5, r4
10006ae6:	b2ad      	uxth	r5, r5
10006ae8:	18c0      	adds	r0, r0, r3
10006aea:	42bd      	cmp	r5, r7
10006aec:	d34b      	bcc.n	10006b86 <tu_fifo_write_n+0x122>
10006aee:	4652      	mov	r2, sl
10006af0:	4649      	mov	r1, r9
10006af2:	437a      	muls	r2, r7
10006af4:	f7fb fe40 	bl	10002778 <__wrap___aeabi_memcpy>
10006af8:	88b3      	ldrh	r3, [r6, #4]
10006afa:	005b      	lsls	r3, r3, #1
10006afc:	45d8      	cmp	r8, fp
10006afe:	d801      	bhi.n	10006b04 <tu_fifo_write_n+0xa0>
10006b00:	459b      	cmp	fp, r3
10006b02:	db03      	blt.n	10006b0c <tu_fifo_write_n+0xa8>
10006b04:	465a      	mov	r2, fp
10006b06:	1ad3      	subs	r3, r2, r3
10006b08:	b29b      	uxth	r3, r3
10006b0a:	469b      	mov	fp, r3
10006b0c:	465b      	mov	r3, fp
10006b0e:	003d      	movs	r5, r7
10006b10:	8133      	strh	r3, [r6, #8]
10006b12:	68f0      	ldr	r0, [r6, #12]
10006b14:	2800      	cmp	r0, #0
10006b16:	d01a      	beq.n	10006b4e <tu_fifo_write_n+0xea>
10006b18:	f000 f8fa 	bl	10006d10 <__mutex_exit_veneer>
10006b1c:	e017      	b.n	10006b4e <tu_fifo_write_n+0xea>
10006b1e:	88f2      	ldrh	r2, [r6, #6]
10006b20:	0452      	lsls	r2, r2, #17
10006b22:	0c52      	lsrs	r2, r2, #17
10006b24:	4692      	mov	sl, r2
10006b26:	42af      	cmp	r7, r5
10006b28:	d220      	bcs.n	10006b6c <tu_fifo_write_n+0x108>
10006b2a:	4598      	cmp	r8, r3
10006b2c:	d34d      	bcc.n	10006bca <tu_fifo_write_n+0x166>
10006b2e:	4642      	mov	r2, r8
10006b30:	1ad2      	subs	r2, r2, r3
10006b32:	b292      	uxth	r2, r2
10006b34:	0069      	lsls	r1, r5, #1
10006b36:	1b78      	subs	r0, r7, r5
10006b38:	b280      	uxth	r0, r0
10006b3a:	19d2      	adds	r2, r2, r7
10006b3c:	9001      	str	r0, [sp, #4]
10006b3e:	428a      	cmp	r2, r1
10006b40:	da33      	bge.n	10006baa <tu_fifo_write_n+0x146>
10006b42:	4643      	mov	r3, r8
10006b44:	18fb      	adds	r3, r7, r3
10006b46:	b29b      	uxth	r3, r3
10006b48:	469b      	mov	fp, r3
10006b4a:	e7c1      	b.n	10006ad0 <tu_fifo_write_n+0x6c>
10006b4c:	2500      	movs	r5, #0
10006b4e:	0028      	movs	r0, r5
10006b50:	b003      	add	sp, #12
10006b52:	bcf0      	pop	{r4, r5, r6, r7}
10006b54:	46bb      	mov	fp, r7
10006b56:	46b2      	mov	sl, r6
10006b58:	46a9      	mov	r9, r5
10006b5a:	46a0      	mov	r8, r4
10006b5c:	bdf0      	pop	{r4, r5, r6, r7, pc}
10006b5e:	4642      	mov	r2, r8
10006b60:	1ad3      	subs	r3, r2, r3
10006b62:	b29b      	uxth	r3, r3
10006b64:	42ab      	cmp	r3, r5
10006b66:	d3a1      	bcc.n	10006aac <tu_fifo_write_n+0x48>
10006b68:	2500      	movs	r5, #0
10006b6a:	e7d2      	b.n	10006b12 <tu_fifo_write_n+0xae>
10006b6c:	2d00      	cmp	r5, #0
10006b6e:	d0d0      	beq.n	10006b12 <tu_fifo_write_n+0xae>
10006b70:	1b7f      	subs	r7, r7, r5
10006b72:	4357      	muls	r7, r2
10006b74:	4698      	mov	r8, r3
10006b76:	195a      	adds	r2, r3, r5
10006b78:	2300      	movs	r3, #0
10006b7a:	b292      	uxth	r2, r2
10006b7c:	44b9      	add	r9, r7
10006b7e:	4693      	mov	fp, r2
10006b80:	002f      	movs	r7, r5
10006b82:	9301      	str	r3, [sp, #4]
10006b84:	e7a4      	b.n	10006ad0 <tu_fifo_write_n+0x6c>
10006b86:	4653      	mov	r3, sl
10006b88:	435d      	muls	r5, r3
10006b8a:	b2ad      	uxth	r5, r5
10006b8c:	002a      	movs	r2, r5
10006b8e:	4649      	mov	r1, r9
10006b90:	f7fb fdf2 	bl	10002778 <__wrap___aeabi_memcpy>
10006b94:	9b01      	ldr	r3, [sp, #4]
10006b96:	0029      	movs	r1, r5
10006b98:	18e2      	adds	r2, r4, r3
10006b9a:	4653      	mov	r3, sl
10006b9c:	435a      	muls	r2, r3
10006b9e:	6830      	ldr	r0, [r6, #0]
10006ba0:	b292      	uxth	r2, r2
10006ba2:	4449      	add	r1, r9
10006ba4:	f7fb fde8 	bl	10002778 <__wrap___aeabi_memcpy>
10006ba8:	e7a6      	b.n	10006af8 <tu_fifo_write_n+0x94>
10006baa:	195a      	adds	r2, r3, r5
10006bac:	b292      	uxth	r2, r2
10006bae:	4693      	mov	fp, r2
10006bb0:	1bd2      	subs	r2, r2, r7
10006bb2:	b292      	uxth	r2, r2
10006bb4:	4690      	mov	r8, r2
10006bb6:	4293      	cmp	r3, r2
10006bb8:	d90c      	bls.n	10006bd4 <tu_fifo_write_n+0x170>
10006bba:	4643      	mov	r3, r8
10006bbc:	1a59      	subs	r1, r3, r1
10006bbe:	b28b      	uxth	r3, r1
10006bc0:	4698      	mov	r8, r3
10006bc2:	18fb      	adds	r3, r7, r3
10006bc4:	b29b      	uxth	r3, r3
10006bc6:	469b      	mov	fp, r3
10006bc8:	e782      	b.n	10006ad0 <tu_fifo_write_n+0x6c>
10006bca:	0069      	lsls	r1, r5, #1
10006bcc:	1aca      	subs	r2, r1, r3
10006bce:	4442      	add	r2, r8
10006bd0:	b292      	uxth	r2, r2
10006bd2:	e7b0      	b.n	10006b36 <tu_fifo_write_n+0xd2>
10006bd4:	4291      	cmp	r1, r2
10006bd6:	dd00      	ble.n	10006bda <tu_fifo_write_n+0x176>
10006bd8:	e77a      	b.n	10006ad0 <tu_fifo_write_n+0x6c>
10006bda:	e7ee      	b.n	10006bba <tu_fifo_write_n+0x156>

10006bdc <tu_fifo_clear>:
10006bdc:	b510      	push	{r4, lr}
10006bde:	0004      	movs	r4, r0
10006be0:	68c0      	ldr	r0, [r0, #12]
10006be2:	2800      	cmp	r0, #0
10006be4:	d003      	beq.n	10006bee <tu_fifo_clear+0x12>
10006be6:	2101      	movs	r1, #1
10006be8:	4249      	negs	r1, r1
10006bea:	f000 f8b9 	bl	10006d60 <__mutex_enter_timeout_ms_veneer>
10006bee:	6920      	ldr	r0, [r4, #16]
10006bf0:	2800      	cmp	r0, #0
10006bf2:	d003      	beq.n	10006bfc <tu_fifo_clear+0x20>
10006bf4:	2101      	movs	r1, #1
10006bf6:	4249      	negs	r1, r1
10006bf8:	f000 f8b2 	bl	10006d60 <__mutex_enter_timeout_ms_veneer>
10006bfc:	2300      	movs	r3, #0
10006bfe:	68e0      	ldr	r0, [r4, #12]
10006c00:	8163      	strh	r3, [r4, #10]
10006c02:	8123      	strh	r3, [r4, #8]
10006c04:	2800      	cmp	r0, #0
10006c06:	d001      	beq.n	10006c0c <tu_fifo_clear+0x30>
10006c08:	f000 f882 	bl	10006d10 <__mutex_exit_veneer>
10006c0c:	6920      	ldr	r0, [r4, #16]
10006c0e:	2800      	cmp	r0, #0
10006c10:	d001      	beq.n	10006c16 <tu_fifo_clear+0x3a>
10006c12:	f000 f87d 	bl	10006d10 <__mutex_exit_veneer>
10006c16:	2001      	movs	r0, #1
10006c18:	bd10      	pop	{r4, pc}
10006c1a:	46c0      	nop			@ (mov r8, r8)

10006c1c <tu_fifo_set_overwritable>:
10006c1c:	b570      	push	{r4, r5, r6, lr}
10006c1e:	0004      	movs	r4, r0
10006c20:	68c0      	ldr	r0, [r0, #12]
10006c22:	000d      	movs	r5, r1
10006c24:	2800      	cmp	r0, #0
10006c26:	d003      	beq.n	10006c30 <tu_fifo_set_overwritable+0x14>
10006c28:	2101      	movs	r1, #1
10006c2a:	4249      	negs	r1, r1
10006c2c:	f000 f898 	bl	10006d60 <__mutex_enter_timeout_ms_veneer>
10006c30:	6920      	ldr	r0, [r4, #16]
10006c32:	2800      	cmp	r0, #0
10006c34:	d003      	beq.n	10006c3e <tu_fifo_set_overwritable+0x22>
10006c36:	2101      	movs	r1, #1
10006c38:	4249      	negs	r1, r1
10006c3a:	f000 f891 	bl	10006d60 <__mutex_enter_timeout_ms_veneer>
10006c3e:	217f      	movs	r1, #127	@ 0x7f
10006c40:	79e3      	ldrb	r3, [r4, #7]
10006c42:	01ed      	lsls	r5, r5, #7
10006c44:	4019      	ands	r1, r3
10006c46:	68e0      	ldr	r0, [r4, #12]
10006c48:	4329      	orrs	r1, r5
10006c4a:	71e1      	strb	r1, [r4, #7]
10006c4c:	2800      	cmp	r0, #0
10006c4e:	d001      	beq.n	10006c54 <tu_fifo_set_overwritable+0x38>
10006c50:	f000 f85e 	bl	10006d10 <__mutex_exit_veneer>
10006c54:	6920      	ldr	r0, [r4, #16]
10006c56:	2800      	cmp	r0, #0
10006c58:	d001      	beq.n	10006c5e <tu_fifo_set_overwritable+0x42>
10006c5a:	f000 f859 	bl	10006d10 <__mutex_exit_veneer>
10006c5e:	2001      	movs	r0, #1
10006c60:	bd70      	pop	{r4, r5, r6, pc}
10006c62:	46c0      	nop			@ (mov r8, r8)

10006c64 <adc_init>:
10006c64:	2301      	movs	r3, #1
10006c66:	2101      	movs	r1, #1
10006c68:	4a08      	ldr	r2, [pc, #32]	@ (10006c8c <adc_init+0x28>)
10006c6a:	6013      	str	r3, [r2, #0]
10006c6c:	4a08      	ldr	r2, [pc, #32]	@ (10006c90 <adc_init+0x2c>)
10006c6e:	6013      	str	r3, [r2, #0]
10006c70:	4a08      	ldr	r2, [pc, #32]	@ (10006c94 <adc_init+0x30>)
10006c72:	0008      	movs	r0, r1
10006c74:	6813      	ldr	r3, [r2, #0]
10006c76:	4398      	bics	r0, r3
10006c78:	d1fb      	bne.n	10006c72 <adc_init+0xe>
10006c7a:	4a07      	ldr	r2, [pc, #28]	@ (10006c98 <adc_init+0x34>)
10006c7c:	6011      	str	r1, [r2, #0]
10006c7e:	2180      	movs	r1, #128	@ 0x80
10006c80:	0049      	lsls	r1, r1, #1
10006c82:	6813      	ldr	r3, [r2, #0]
10006c84:	420b      	tst	r3, r1
10006c86:	d0fc      	beq.n	10006c82 <adc_init+0x1e>
10006c88:	4770      	bx	lr
10006c8a:	46c0      	nop			@ (mov r8, r8)
10006c8c:	4000e000 	.word	0x4000e000
10006c90:	4000f000 	.word	0x4000f000
10006c94:	4000c008 	.word	0x4000c008
10006c98:	4004c000 	.word	0x4004c000

10006c9c <strlen>:
10006c9c:	b510      	push	{r4, lr}
10006c9e:	0783      	lsls	r3, r0, #30
10006ca0:	d00a      	beq.n	10006cb8 <strlen+0x1c>
10006ca2:	0003      	movs	r3, r0
10006ca4:	2103      	movs	r1, #3
10006ca6:	e002      	b.n	10006cae <strlen+0x12>
10006ca8:	3301      	adds	r3, #1
10006caa:	420b      	tst	r3, r1
10006cac:	d005      	beq.n	10006cba <strlen+0x1e>
10006cae:	781a      	ldrb	r2, [r3, #0]
10006cb0:	2a00      	cmp	r2, #0
10006cb2:	d1f9      	bne.n	10006ca8 <strlen+0xc>
10006cb4:	1a18      	subs	r0, r3, r0
10006cb6:	bd10      	pop	{r4, pc}
10006cb8:	0003      	movs	r3, r0
10006cba:	6819      	ldr	r1, [r3, #0]
10006cbc:	4a0c      	ldr	r2, [pc, #48]	@ (10006cf0 <strlen+0x54>)
10006cbe:	4c0d      	ldr	r4, [pc, #52]	@ (10006cf4 <strlen+0x58>)
10006cc0:	188a      	adds	r2, r1, r2
10006cc2:	438a      	bics	r2, r1
10006cc4:	4222      	tst	r2, r4
10006cc6:	d10f      	bne.n	10006ce8 <strlen+0x4c>
10006cc8:	6859      	ldr	r1, [r3, #4]
10006cca:	4a09      	ldr	r2, [pc, #36]	@ (10006cf0 <strlen+0x54>)
10006ccc:	3304      	adds	r3, #4
10006cce:	188a      	adds	r2, r1, r2
10006cd0:	438a      	bics	r2, r1
10006cd2:	4222      	tst	r2, r4
10006cd4:	d108      	bne.n	10006ce8 <strlen+0x4c>
10006cd6:	6859      	ldr	r1, [r3, #4]
10006cd8:	4a05      	ldr	r2, [pc, #20]	@ (10006cf0 <strlen+0x54>)
10006cda:	3304      	adds	r3, #4
10006cdc:	188a      	adds	r2, r1, r2
10006cde:	438a      	bics	r2, r1
10006ce0:	4222      	tst	r2, r4
10006ce2:	d0f1      	beq.n	10006cc8 <strlen+0x2c>
10006ce4:	e000      	b.n	10006ce8 <strlen+0x4c>
10006ce6:	3301      	adds	r3, #1
10006ce8:	781a      	ldrb	r2, [r3, #0]
10006cea:	2a00      	cmp	r2, #0
10006cec:	d1fb      	bne.n	10006ce6 <strlen+0x4a>
10006cee:	e7e1      	b.n	10006cb4 <strlen+0x18>
10006cf0:	fefefeff 	.word	0xfefefeff
10006cf4:	80808080 	.word	0x80808080

10006cf8 <_fini>:
10006cf8:	b5f8      	push	{r3, r4, r5, r6, r7, lr}
10006cfa:	46c0      	nop			@ (mov r8, r8)
10006cfc:	0000      	movs	r0, r0
	...

10006d00 <__flash_do_cmd_veneer>:
10006d00:	b401      	push	{r0}
10006d02:	4802      	ldr	r0, [pc, #8]	@ (10006d0c <__flash_do_cmd_veneer+0xc>)
10006d04:	4684      	mov	ip, r0
10006d06:	bc01      	pop	{r0}
10006d08:	4760      	bx	ip
10006d0a:	bf00      	nop
10006d0c:	200002c1 	.word	0x200002c1

10006d10 <__mutex_exit_veneer>:
10006d10:	b401      	push	{r0}
10006d12:	4802      	ldr	r0, [pc, #8]	@ (10006d1c <__mutex_exit_veneer+0xc>)
10006d14:	4684      	mov	ip, r0
10006d16:	bc01      	pop	{r0}
10006d18:	4760      	bx	ip
10006d1a:	bf00      	nop
10006d1c:	20000225 	.word	0x20000225

10006d20 <____aeabi_ldiv0_veneer>:
10006d20:	b401      	push	{r0}
10006d22:	4802      	ldr	r0, [pc, #8]	@ (10006d2c <____aeabi_ldiv0_veneer+0xc>)
10006d24:	4684      	mov	ip, r0
10006d26:	bc01      	pop	{r0}
10006d28:	4760      	bx	ip
10006d2a:	bf00      	nop
10006d2c:	20000f11 	.word	0x20000f11

10006d30 <__e15_is_critical_frame_period_veneer>:
10006d30:	b401      	push	{r0}
10006d32:	4802      	ldr	r0, [pc, #8]	@ (10006d3c <__e15_is_critical_frame_period_veneer+0xc>)
10006d34:	4684      	mov	ip, r0
10006d36:	bc01      	pop	{r0}
10006d38:	4760      	bx	ip
10006d3a:	bf00      	nop
10006d3c:	20000bf5 	.word	0x20000bf5

10006d40 <____aeabi_idiv0_veneer>:
10006d40:	b401      	push	{r0}
10006d42:	4802      	ldr	r0, [pc, #8]	@ (10006d4c <____aeabi_idiv0_veneer+0xc>)
10006d44:	4684      	mov	ip, r0
10006d46:	bc01      	pop	{r0}
10006d48:	4760      	bx	ip
10006d4a:	bf00      	nop
10006d4c:	20000f11 	.word	0x20000f11

10006d50 <__mutex_try_enter_veneer>:
10006d50:	b401      	push	{r0}
10006d52:	4802      	ldr	r0, [pc, #8]	@ (10006d5c <__mutex_try_enter_veneer+0xc>)
10006d54:	4684      	mov	ip, r0
10006d56:	bc01      	pop	{r0}
10006d58:	4760      	bx	ip
10006d5a:	bf00      	nop
10006d5c:	200000c1 	.word	0x200000c1

10006d60 <__mutex_enter_timeout_ms_veneer>:
10006d60:	b401      	push	{r0}
10006d62:	4802      	ldr	r0, [pc, #8]	@ (10006d6c <__mutex_enter_timeout_ms_veneer+0xc>)
10006d64:	4684      	mov	ip, r0
10006d66:	bc01      	pop	{r0}
10006d68:	4760      	bx	ip
10006d6a:	bf00      	nop
10006d6c:	20000199 	.word	0x20000199

10006d70 <__reset_non_control_endpoints_veneer>:
10006d70:	b401      	push	{r0}
10006d72:	4802      	ldr	r0, [pc, #8]	@ (10006d7c <__reset_non_control_endpoints_veneer+0xc>)
10006d74:	4684      	mov	ip, r0
10006d76:	bc01      	pop	{r0}
10006d78:	4760      	bx	ip
10006d7a:	bf00      	nop
10006d7c:	200003f1 	.word	0x200003f1

10006d80 <__e15_is_bulkin_ep_veneer>:
10006d80:	b401      	push	{r0}
10006d82:	4802      	ldr	r0, [pc, #8]	@ (10006d8c <__e15_is_bulkin_ep_veneer+0xc>)
10006d84:	4684      	mov	ip, r0
10006d86:	bc01      	pop	{r0}
10006d88:	4760      	bx	ip
10006d8a:	bf00      	nop
10006d8c:	20000bcd 	.word	0x20000bcd

10006d90 <__mutex_try_enter_block_until_veneer>:
10006d90:	b401      	push	{r0}
10006d92:	4802      	ldr	r0, [pc, #8]	@ (10006d9c <__mutex_try_enter_block_until_veneer+0xc>)
10006d94:	4684      	mov	ip, r0
10006d96:	bc01      	pop	{r0}
10006d98:	4760      	bx	ip
10006d9a:	bf00      	nop
10006d9c:	20000101 	.word	0x20000101

10006da0 <__hw_endpoint_start_next_buffer_veneer>:
10006da0:	b401      	push	{r0}
10006da2:	4802      	ldr	r0, [pc, #8]	@ (10006dac <__hw_endpoint_start_next_buffer_veneer+0xc>)
10006da4:	4684      	mov	ip, r0
10006da6:	bc01      	pop	{r0}
10006da8:	4760      	bx	ip
10006daa:	bf00      	nop
10006dac:	20000c85 	.word	0x20000c85

10006db0 <___hw_endpoint_buffer_control_update32_veneer>:
10006db0:	b401      	push	{r0}
10006db2:	4802      	ldr	r0, [pc, #8]	@ (10006dbc <___hw_endpoint_buffer_control_update32_veneer+0xc>)
10006db4:	4684      	mov	ip, r0
10006db6:	bc01      	pop	{r0}
10006db8:	4760      	bx	ip
10006dba:	bf00      	nop
10006dbc:	20000c35 	.word	0x20000c35

10006dc0 <__pre_init_runtime_init_early_resets>:
10006dc0:	10001879                                y...

10006dc4 <__pre_init_runtime_init_usb_power_down>:
10006dc4:	100018a5 100019f1 1000275d 10002095     ........]'... ..
10006dd4:	100026cd                                .&..

10006dd8 <__pre_init_runtime_init_clocks>:
10006dd8:	10001919                                ....

10006ddc <__pre_init_runtime_init_post_clock_resets>:
10006ddc:	100018c1                                ....

10006de0 <__pre_init_runtime_init_rp2040_gpio_ie_disable>:
10006de0:	100018e1                                ....

10006de4 <__pre_init_runtime_init_spin_locks_reset>:
10006de4:	100018f5                                ....

10006de8 <__pre_init_runtime_init_mutex>:
10006de8:	10000c6d                                m...

10006dec <__pre_init_runtime_init_install_ram_vector_table>:
10006dec:	100018fd                                ....

10006df0 <__pre_init_runtime_init_default_alarm_pool>:
10006df0:	10001039                                9...

10006df4 <__pre_init_first_per_core_initializer>:
10006df4:	10001841                                A...

10006df8 <__pre_init_runtime_init_per_core_irq_priorities>:
10006df8:	100008a1                                ....

10006dfc <__frame_dummy_init_array_entry>:
10006dfc:	100002b1 10004a59                       ....YJ..

Disassembly of section .data:

200000c0 <mutex_try_enter>:
200000c0:	0003      	movs	r3, r0
200000c2:	6800      	ldr	r0, [r0, #0]
200000c4:	f3ef 8c10 	mrs	ip, PRIMASK
200000c8:	b672      	cpsid	i
200000ca:	6802      	ldr	r2, [r0, #0]
200000cc:	2a00      	cmp	r2, #0
200000ce:	d0fc      	beq.n	200000ca <mutex_try_enter+0xa>
200000d0:	f3bf 8f5f 	dmb	sy
200000d4:	2204      	movs	r2, #4
200000d6:	569a      	ldrsb	r2, [r3, r2]
200000d8:	2a00      	cmp	r2, #0
200000da:	db0b      	blt.n	200000f4 <mutex_try_enter+0x34>
200000dc:	2900      	cmp	r1, #0
200000de:	d000      	beq.n	200000e2 <mutex_try_enter+0x22>
200000e0:	600a      	str	r2, [r1, #0]
200000e2:	2000      	movs	r0, #0
200000e4:	681b      	ldr	r3, [r3, #0]
200000e6:	f3bf 8f5f 	dmb	sy
200000ea:	2200      	movs	r2, #0
200000ec:	601a      	str	r2, [r3, #0]
200000ee:	f38c 8810 	msr	PRIMASK, ip
200000f2:	4770      	bx	lr
200000f4:	22d0      	movs	r2, #208	@ 0xd0
200000f6:	0612      	lsls	r2, r2, #24
200000f8:	6812      	ldr	r2, [r2, #0]
200000fa:	2001      	movs	r0, #1
200000fc:	711a      	strb	r2, [r3, #4]
200000fe:	e7f1      	b.n	200000e4 <mutex_try_enter+0x24>

20000100 <mutex_try_enter_block_until>:
20000100:	b5f0      	push	{r4, r5, r6, r7, lr}
20000102:	46c6      	mov	lr, r8
20000104:	0015      	movs	r5, r2
20000106:	b500      	push	{lr}
20000108:	0004      	movs	r4, r0
2000010a:	001e      	movs	r6, r3
2000010c:	6802      	ldr	r2, [r0, #0]
2000010e:	f3ef 8110 	mrs	r1, PRIMASK
20000112:	b672      	cpsid	i
20000114:	6813      	ldr	r3, [r2, #0]
20000116:	2b00      	cmp	r3, #0
20000118:	d0fc      	beq.n	20000114 <mutex_try_enter_block_until+0x14>
2000011a:	f3bf 8f5f 	dmb	sy
2000011e:	2304      	movs	r3, #4
20000120:	56e3      	ldrsb	r3, [r4, r3]
20000122:	6822      	ldr	r2, [r4, #0]
20000124:	2b00      	cmp	r3, #0
20000126:	db2b      	blt.n	20000180 <mutex_try_enter_block_until+0x80>
20000128:	f3bf 8f5f 	dmb	sy
2000012c:	2000      	movs	r0, #0
2000012e:	6010      	str	r0, [r2, #0]
20000130:	f381 8810 	msr	PRIMASK, r1
20000134:	22d0      	movs	r2, #208	@ 0xd0
20000136:	0612      	lsls	r2, r2, #24
20000138:	7812      	ldrb	r2, [r2, #0]
2000013a:	2700      	movs	r7, #0
2000013c:	b252      	sxtb	r2, r2
2000013e:	4690      	mov	r8, r2
20000140:	429a      	cmp	r2, r3
20000142:	d10e      	bne.n	20000162 <mutex_try_enter_block_until+0x62>
20000144:	2000      	movs	r0, #0
20000146:	bc80      	pop	{r7}
20000148:	46b8      	mov	r8, r7
2000014a:	bdf0      	pop	{r4, r5, r6, r7, pc}
2000014c:	f3bf 8f5f 	dmb	sy
20000150:	6017      	str	r7, [r2, #0]
20000152:	f381 8810 	msr	PRIMASK, r1
20000156:	0028      	movs	r0, r5
20000158:	0031      	movs	r1, r6
2000015a:	f000 ff0d 	bl	20000f78 <__best_effort_wfe_or_timeout_veneer>
2000015e:	2800      	cmp	r0, #0
20000160:	d1f0      	bne.n	20000144 <mutex_try_enter_block_until+0x44>
20000162:	6822      	ldr	r2, [r4, #0]
20000164:	f3ef 8110 	mrs	r1, PRIMASK
20000168:	b672      	cpsid	i
2000016a:	6813      	ldr	r3, [r2, #0]
2000016c:	2b00      	cmp	r3, #0
2000016e:	d0fc      	beq.n	2000016a <mutex_try_enter_block_until+0x6a>
20000170:	f3bf 8f5f 	dmb	sy
20000174:	7923      	ldrb	r3, [r4, #4]
20000176:	6822      	ldr	r2, [r4, #0]
20000178:	2b7f      	cmp	r3, #127	@ 0x7f
2000017a:	d9e7      	bls.n	2000014c <mutex_try_enter_block_until+0x4c>
2000017c:	4643      	mov	r3, r8
2000017e:	e002      	b.n	20000186 <mutex_try_enter_block_until+0x86>
20000180:	23d0      	movs	r3, #208	@ 0xd0
20000182:	061b      	lsls	r3, r3, #24
20000184:	681b      	ldr	r3, [r3, #0]
20000186:	7123      	strb	r3, [r4, #4]
20000188:	f3bf 8f5f 	dmb	sy
2000018c:	2300      	movs	r3, #0
2000018e:	6013      	str	r3, [r2, #0]
20000190:	f381 8810 	msr	PRIMASK, r1
20000194:	2001      	movs	r0, #1
20000196:	e7d6      	b.n	20000146 <mutex_try_enter_block_until+0x46>

20000198 <mutex_enter_timeout_ms>:
20000198:	b5f0      	push	{r4, r5, r6, r7, lr}
2000019a:	46c6      	mov	lr, r8
2000019c:	b500      	push	{lr}
2000019e:	000d      	movs	r5, r1
200001a0:	0004      	movs	r4, r0
200001a2:	f000 fec1 	bl	20000f28 <__time_us_64_veneer>
200001a6:	22fa      	movs	r2, #250	@ 0xfa
200001a8:	0006      	movs	r6, r0
200001aa:	000f      	movs	r7, r1
200001ac:	2300      	movs	r3, #0
200001ae:	0028      	movs	r0, r5
200001b0:	2100      	movs	r1, #0
200001b2:	0092      	lsls	r2, r2, #2
200001b4:	f000 feb0 	bl	20000f18 <____wrap___aeabi_lmul_veneer>
200001b8:	1836      	adds	r6, r6, r0
200001ba:	414f      	adcs	r7, r1
200001bc:	2f00      	cmp	r7, #0
200001be:	da02      	bge.n	200001c6 <mutex_enter_timeout_ms+0x2e>
200001c0:	2601      	movs	r6, #1
200001c2:	4f17      	ldr	r7, [pc, #92]	@ (20000220 <mutex_enter_timeout_ms+0x88>)
200001c4:	4276      	negs	r6, r6
200001c6:	23d0      	movs	r3, #208	@ 0xd0
200001c8:	061b      	lsls	r3, r3, #24
200001ca:	681b      	ldr	r3, [r3, #0]
200001cc:	2500      	movs	r5, #0
200001ce:	4698      	mov	r8, r3
200001d0:	e00a      	b.n	200001e8 <mutex_enter_timeout_ms+0x50>
200001d2:	f3bf 8f5f 	dmb	sy
200001d6:	6015      	str	r5, [r2, #0]
200001d8:	f381 8810 	msr	PRIMASK, r1
200001dc:	0030      	movs	r0, r6
200001de:	0039      	movs	r1, r7
200001e0:	f000 feca 	bl	20000f78 <__best_effort_wfe_or_timeout_veneer>
200001e4:	2800      	cmp	r0, #0
200001e6:	d118      	bne.n	2000021a <mutex_enter_timeout_ms+0x82>
200001e8:	6822      	ldr	r2, [r4, #0]
200001ea:	f3ef 8110 	mrs	r1, PRIMASK
200001ee:	b672      	cpsid	i
200001f0:	6813      	ldr	r3, [r2, #0]
200001f2:	2b00      	cmp	r3, #0
200001f4:	d0fc      	beq.n	200001f0 <mutex_enter_timeout_ms+0x58>
200001f6:	f3bf 8f5f 	dmb	sy
200001fa:	7923      	ldrb	r3, [r4, #4]
200001fc:	6822      	ldr	r2, [r4, #0]
200001fe:	2b7f      	cmp	r3, #127	@ 0x7f
20000200:	d9e7      	bls.n	200001d2 <mutex_enter_timeout_ms+0x3a>
20000202:	4643      	mov	r3, r8
20000204:	7123      	strb	r3, [r4, #4]
20000206:	f3bf 8f5f 	dmb	sy
2000020a:	2300      	movs	r3, #0
2000020c:	6013      	str	r3, [r2, #0]
2000020e:	f381 8810 	msr	PRIMASK, r1
20000212:	2001      	movs	r0, #1
20000214:	bc80      	pop	{r7}
20000216:	46b8      	mov	r8, r7
20000218:	bdf0      	pop	{r4, r5, r6, r7, pc}
2000021a:	2000      	movs	r0, #0
2000021c:	e7fa      	b.n	20000214 <mutex_enter_timeout_ms+0x7c>
2000021e:	46c0      	nop			@ (mov r8, r8)
20000220:	7fffffff 	.word	0x7fffffff

20000224 <mutex_exit>:
20000224:	6802      	ldr	r2, [r0, #0]
20000226:	f3ef 8110 	mrs	r1, PRIMASK
2000022a:	b672      	cpsid	i
2000022c:	6813      	ldr	r3, [r2, #0]
2000022e:	2b00      	cmp	r3, #0
20000230:	d0fc      	beq.n	2000022c <mutex_exit+0x8>
20000232:	f3bf 8f5f 	dmb	sy
20000236:	23ff      	movs	r3, #255	@ 0xff
20000238:	7103      	strb	r3, [r0, #4]
2000023a:	6803      	ldr	r3, [r0, #0]
2000023c:	f3bf 8f5f 	dmb	sy
20000240:	2200      	movs	r2, #0
20000242:	601a      	str	r2, [r3, #0]
20000244:	f381 8810 	msr	PRIMASK, r1
20000248:	bf40      	sev
2000024a:	4770      	bx	lr

2000024c <flash_init_boot2_copyout>:
2000024c:	b510      	push	{r4, lr}
2000024e:	4c08      	ldr	r4, [pc, #32]	@ (20000270 <flash_init_boot2_copyout+0x24>)
20000250:	7823      	ldrb	r3, [r4, #0]
20000252:	2b00      	cmp	r3, #0
20000254:	d10a      	bne.n	2000026c <flash_init_boot2_copyout+0x20>
20000256:	2380      	movs	r3, #128	@ 0x80
20000258:	4806      	ldr	r0, [pc, #24]	@ (20000274 <flash_init_boot2_copyout+0x28>)
2000025a:	4907      	ldr	r1, [pc, #28]	@ (20000278 <flash_init_boot2_copyout+0x2c>)
2000025c:	055b      	lsls	r3, r3, #21
2000025e:	681a      	ldr	r2, [r3, #0]
20000260:	50c2      	str	r2, [r0, r3]
20000262:	3304      	adds	r3, #4
20000264:	428b      	cmp	r3, r1
20000266:	d1fa      	bne.n	2000025e <flash_init_boot2_copyout+0x12>
20000268:	2301      	movs	r3, #1
2000026a:	7023      	strb	r3, [r4, #0]
2000026c:	bd10      	pop	{r4, pc}
2000026e:	46c0      	nop			@ (mov r8, r8)
20000270:	20001fec 	.word	0x20001fec
20000274:	10001980 	.word	0x10001980
20000278:	10000100 	.word	0x10000100

2000027c <flash_enable_xip_via_boot2>:
2000027c:	b510      	push	{r4, lr}
2000027e:	4b01      	ldr	r3, [pc, #4]	@ (20000284 <flash_enable_xip_via_boot2+0x8>)
20000280:	4798      	blx	r3
20000282:	bd10      	pop	{r4, pc}
20000284:	20001981 	.word	0x20001981

20000288 <flash_cs_force.constprop.0>:
20000288:	4b03      	ldr	r3, [pc, #12]	@ (20000298 <flash_cs_force.constprop.0+0x10>)
2000028a:	681a      	ldr	r2, [r3, #0]
2000028c:	23c0      	movs	r3, #192	@ 0xc0
2000028e:	009b      	lsls	r3, r3, #2
20000290:	4393      	bics	r3, r2
20000292:	4a02      	ldr	r2, [pc, #8]	@ (2000029c <flash_cs_force.constprop.0+0x14>)
20000294:	6013      	str	r3, [r2, #0]
20000296:	4770      	bx	lr
20000298:	4001800c 	.word	0x4001800c
2000029c:	4001900c 	.word	0x4001900c

200002a0 <flash_cs_force.constprop.1>:
200002a0:	4b05      	ldr	r3, [pc, #20]	@ (200002b8 <flash_cs_force.constprop.1+0x18>)
200002a2:	681a      	ldr	r2, [r3, #0]
200002a4:	2380      	movs	r3, #128	@ 0x80
200002a6:	009b      	lsls	r3, r3, #2
200002a8:	4053      	eors	r3, r2
200002aa:	22c0      	movs	r2, #192	@ 0xc0
200002ac:	0092      	lsls	r2, r2, #2
200002ae:	4013      	ands	r3, r2
200002b0:	4a02      	ldr	r2, [pc, #8]	@ (200002bc <flash_cs_force.constprop.1+0x1c>)
200002b2:	6013      	str	r3, [r2, #0]
200002b4:	4770      	bx	lr
200002b6:	46c0      	nop			@ (mov r8, r8)
200002b8:	4001800c 	.word	0x4001800c
200002bc:	4001900c 	.word	0x4001900c

200002c0 <flash_do_cmd>:
200002c0:	2300      	movs	r3, #0
200002c2:	b5f0      	push	{r4, r5, r6, r7, lr}
200002c4:	46de      	mov	lr, fp
200002c6:	4657      	mov	r7, sl
200002c8:	464e      	mov	r6, r9
200002ca:	4645      	mov	r5, r8
200002cc:	469a      	mov	sl, r3
200002ce:	b5e0      	push	{r5, r6, r7, lr}
200002d0:	b083      	sub	sp, #12
200002d2:	9001      	str	r0, [sp, #4]
200002d4:	000e      	movs	r6, r1
200002d6:	8a98      	ldrh	r0, [r3, #20]
200002d8:	4942      	ldr	r1, [pc, #264]	@ (200003e4 <flash_do_cmd+0x124>)
200002da:	8b1b      	ldrh	r3, [r3, #24]
200002dc:	0014      	movs	r4, r2
200002de:	4798      	blx	r3
200002e0:	4653      	mov	r3, sl
200002e2:	4681      	mov	r9, r0
200002e4:	4940      	ldr	r1, [pc, #256]	@ (200003e8 <flash_do_cmd+0x128>)
200002e6:	8a98      	ldrh	r0, [r3, #20]
200002e8:	8b1b      	ldrh	r3, [r3, #24]
200002ea:	4798      	blx	r3
200002ec:	4653      	mov	r3, sl
200002ee:	493f      	ldr	r1, [pc, #252]	@ (200003ec <flash_do_cmd+0x12c>)
200002f0:	0005      	movs	r5, r0
200002f2:	8a98      	ldrh	r0, [r3, #20]
200002f4:	8b1b      	ldrh	r3, [r3, #24]
200002f6:	4798      	blx	r3
200002f8:	4680      	mov	r8, r0
200002fa:	f7ff ffa7 	bl	2000024c <flash_init_boot2_copyout>
200002fe:	47c8      	blx	r9
20000300:	47a8      	blx	r5
20000302:	f7ff ffcd 	bl	200002a0 <flash_cs_force.constprop.1>
20000306:	1e25      	subs	r5, r4, #0
20000308:	d022      	beq.n	20000350 <flash_do_cmd+0x90>
2000030a:	2308      	movs	r3, #8
2000030c:	21c0      	movs	r1, #192	@ 0xc0
2000030e:	469c      	mov	ip, r3
20000310:	2002      	movs	r0, #2
20000312:	0549      	lsls	r1, r1, #21
20000314:	4662      	mov	r2, ip
20000316:	6a8b      	ldr	r3, [r1, #40]	@ 0x28
20000318:	401a      	ands	r2, r3
2000031a:	4218      	tst	r0, r3
2000031c:	d03c      	beq.n	20000398 <flash_do_cmd+0xd8>
2000031e:	1b63      	subs	r3, r4, r5
20000320:	2d00      	cmp	r5, #0
20000322:	d12c      	bne.n	2000037e <flash_do_cmd+0xbe>
20000324:	2a00      	cmp	r2, #0
20000326:	d111      	bne.n	2000034c <flash_do_cmd+0x8c>
20000328:	2c00      	cmp	r4, #0
2000032a:	d011      	beq.n	20000350 <flash_do_cmd+0x90>
2000032c:	23c0      	movs	r3, #192	@ 0xc0
2000032e:	055b      	lsls	r3, r3, #21
20000330:	469b      	mov	fp, r3
20000332:	2302      	movs	r3, #2
20000334:	469a      	mov	sl, r3
20000336:	3306      	adds	r3, #6
20000338:	4699      	mov	r9, r3
2000033a:	465b      	mov	r3, fp
2000033c:	464a      	mov	r2, r9
2000033e:	4657      	mov	r7, sl
20000340:	6a9b      	ldr	r3, [r3, #40]	@ 0x28
20000342:	401a      	ands	r2, r3
20000344:	421f      	tst	r7, r3
20000346:	d03f      	beq.n	200003c8 <flash_do_cmd+0x108>
20000348:	2a00      	cmp	r2, #0
2000034a:	d0f6      	beq.n	2000033a <flash_do_cmd+0x7a>
2000034c:	2c00      	cmp	r4, #0
2000034e:	d12d      	bne.n	200003ac <flash_do_cmd+0xec>
20000350:	f7ff ff9a 	bl	20000288 <flash_cs_force.constprop.0>
20000354:	47c0      	blx	r8
20000356:	f7ff ff91 	bl	2000027c <flash_enable_xip_via_boot2>
2000035a:	b003      	add	sp, #12
2000035c:	bcf0      	pop	{r4, r5, r6, r7}
2000035e:	46bb      	mov	fp, r7
20000360:	46b2      	mov	sl, r6
20000362:	46a9      	mov	r9, r5
20000364:	46a0      	mov	r8, r4
20000366:	bdf0      	pop	{r4, r5, r6, r7, pc}
20000368:	2c00      	cmp	r4, #0
2000036a:	d12f      	bne.n	200003cc <flash_do_cmd+0x10c>
2000036c:	22c0      	movs	r2, #192	@ 0xc0
2000036e:	0552      	lsls	r2, r2, #21
20000370:	6a92      	ldr	r2, [r2, #40]	@ 0x28
20000372:	4691      	mov	r9, r2
20000374:	2208      	movs	r2, #8
20000376:	464f      	mov	r7, r9
20000378:	403a      	ands	r2, r7
2000037a:	07bf      	lsls	r7, r7, #30
2000037c:	d52d      	bpl.n	200003da <flash_do_cmd+0x11a>
2000037e:	2b0d      	cmp	r3, #13
20000380:	d91b      	bls.n	200003ba <flash_do_cmd+0xfa>
20000382:	2a00      	cmp	r2, #0
20000384:	d1f0      	bne.n	20000368 <flash_do_cmd+0xa8>
20000386:	22c0      	movs	r2, #192	@ 0xc0
20000388:	0552      	lsls	r2, r2, #21
2000038a:	6a92      	ldr	r2, [r2, #40]	@ 0x28
2000038c:	4691      	mov	r9, r2
2000038e:	2208      	movs	r2, #8
20000390:	464f      	mov	r7, r9
20000392:	403a      	ands	r2, r7
20000394:	07bf      	lsls	r7, r7, #30
20000396:	d4f2      	bmi.n	2000037e <flash_do_cmd+0xbe>
20000398:	2a00      	cmp	r2, #0
2000039a:	d104      	bne.n	200003a6 <flash_do_cmd+0xe6>
2000039c:	002b      	movs	r3, r5
2000039e:	4323      	orrs	r3, r4
200003a0:	2b00      	cmp	r3, #0
200003a2:	d1b7      	bne.n	20000314 <flash_do_cmd+0x54>
200003a4:	e7d4      	b.n	20000350 <flash_do_cmd+0x90>
200003a6:	002b      	movs	r3, r5
200003a8:	2c00      	cmp	r4, #0
200003aa:	d0f9      	beq.n	200003a0 <flash_do_cmd+0xe0>
200003ac:	6e0b      	ldr	r3, [r1, #96]	@ 0x60
200003ae:	3c01      	subs	r4, #1
200003b0:	7033      	strb	r3, [r6, #0]
200003b2:	0023      	movs	r3, r4
200003b4:	3601      	adds	r6, #1
200003b6:	432b      	orrs	r3, r5
200003b8:	e7f2      	b.n	200003a0 <flash_do_cmd+0xe0>
200003ba:	9f01      	ldr	r7, [sp, #4]
200003bc:	3d01      	subs	r5, #1
200003be:	783b      	ldrb	r3, [r7, #0]
200003c0:	3701      	adds	r7, #1
200003c2:	660b      	str	r3, [r1, #96]	@ 0x60
200003c4:	9701      	str	r7, [sp, #4]
200003c6:	e7e7      	b.n	20000398 <flash_do_cmd+0xd8>
200003c8:	2500      	movs	r5, #0
200003ca:	e7e5      	b.n	20000398 <flash_do_cmd+0xd8>
200003cc:	23c0      	movs	r3, #192	@ 0xc0
200003ce:	055b      	lsls	r3, r3, #21
200003d0:	6e1b      	ldr	r3, [r3, #96]	@ 0x60
200003d2:	3c01      	subs	r4, #1
200003d4:	7033      	strb	r3, [r6, #0]
200003d6:	3601      	adds	r6, #1
200003d8:	e79c      	b.n	20000314 <flash_do_cmd+0x54>
200003da:	002b      	movs	r3, r5
200003dc:	2a00      	cmp	r2, #0
200003de:	d1df      	bne.n	200003a0 <flash_do_cmd+0xe0>
200003e0:	e7dc      	b.n	2000039c <flash_do_cmd+0xdc>
200003e2:	46c0      	nop			@ (mov r8, r8)
200003e4:	00004649 	.word	0x00004649
200003e8:	00005845 	.word	0x00005845
200003ec:	00004346 	.word	0x00004346

200003f0 <reset_non_control_endpoints>:
200003f0:	2200      	movs	r2, #0
200003f2:	4b15      	ldr	r3, [pc, #84]	@ (20000448 <reset_non_control_endpoints+0x58>)
200003f4:	b510      	push	{r4, lr}
200003f6:	609a      	str	r2, [r3, #8]
200003f8:	60da      	str	r2, [r3, #12]
200003fa:	611a      	str	r2, [r3, #16]
200003fc:	615a      	str	r2, [r3, #20]
200003fe:	619a      	str	r2, [r3, #24]
20000400:	61da      	str	r2, [r3, #28]
20000402:	621a      	str	r2, [r3, #32]
20000404:	625a      	str	r2, [r3, #36]	@ 0x24
20000406:	629a      	str	r2, [r3, #40]	@ 0x28
20000408:	62da      	str	r2, [r3, #44]	@ 0x2c
2000040a:	631a      	str	r2, [r3, #48]	@ 0x30
2000040c:	635a      	str	r2, [r3, #52]	@ 0x34
2000040e:	639a      	str	r2, [r3, #56]	@ 0x38
20000410:	63da      	str	r2, [r3, #60]	@ 0x3c
20000412:	641a      	str	r2, [r3, #64]	@ 0x40
20000414:	645a      	str	r2, [r3, #68]	@ 0x44
20000416:	649a      	str	r2, [r3, #72]	@ 0x48
20000418:	64da      	str	r2, [r3, #76]	@ 0x4c
2000041a:	651a      	str	r2, [r3, #80]	@ 0x50
2000041c:	655a      	str	r2, [r3, #84]	@ 0x54
2000041e:	659a      	str	r2, [r3, #88]	@ 0x58
20000420:	65da      	str	r2, [r3, #92]	@ 0x5c
20000422:	661a      	str	r2, [r3, #96]	@ 0x60
20000424:	665a      	str	r2, [r3, #100]	@ 0x64
20000426:	669a      	str	r2, [r3, #104]	@ 0x68
20000428:	66da      	str	r2, [r3, #108]	@ 0x6c
2000042a:	671a      	str	r2, [r3, #112]	@ 0x70
2000042c:	675a      	str	r2, [r3, #116]	@ 0x74
2000042e:	679a      	str	r2, [r3, #120]	@ 0x78
20000430:	67da      	str	r2, [r3, #124]	@ 0x7c
20000432:	32f0      	adds	r2, #240	@ 0xf0
20000434:	0092      	lsls	r2, r2, #2
20000436:	2100      	movs	r1, #0
20000438:	4804      	ldr	r0, [pc, #16]	@ (2000044c <reset_non_control_endpoints+0x5c>)
2000043a:	f000 fd95 	bl	20000f68 <____wrap_memset_veneer>
2000043e:	4b04      	ldr	r3, [pc, #16]	@ (20000450 <reset_non_control_endpoints+0x60>)
20000440:	4a04      	ldr	r2, [pc, #16]	@ (20000454 <reset_non_control_endpoints+0x64>)
20000442:	601a      	str	r2, [r3, #0]
20000444:	bd10      	pop	{r4, pc}
20000446:	46c0      	nop			@ (mov r8, r8)
20000448:	50100000 	.word	0x50100000
2000044c:	20001b2c 	.word	0x20001b2c
20000450:	20001f34 	.word	0x20001f34
20000454:	50100180 	.word	0x50100180

20000458 <hw_handle_buff_status>:
20000458:	b5f0      	push	{r4, r5, r6, r7, lr}
2000045a:	464e      	mov	r6, r9
2000045c:	4645      	mov	r5, r8
2000045e:	46de      	mov	lr, fp
20000460:	4657      	mov	r7, sl
20000462:	b5e0      	push	{r5, r6, r7, lr}
20000464:	4b21      	ldr	r3, [pc, #132]	@ (200004ec <hw_handle_buff_status+0x94>)
20000466:	2400      	movs	r4, #0
20000468:	6d9e      	ldr	r6, [r3, #88]	@ 0x58
2000046a:	2501      	movs	r5, #1
2000046c:	b085      	sub	sp, #20
2000046e:	2e00      	cmp	r6, #0
20000470:	d022      	beq.n	200004b8 <hw_handle_buff_status+0x60>
20000472:	4b1f      	ldr	r3, [pc, #124]	@ (200004f0 <hw_handle_buff_status+0x98>)
20000474:	469a      	mov	sl, r3
20000476:	2301      	movs	r3, #1
20000478:	4699      	mov	r9, r3
2000047a:	4b1e      	ldr	r3, [pc, #120]	@ (200004f4 <hw_handle_buff_status+0x9c>)
2000047c:	4698      	mov	r8, r3
2000047e:	e001      	b.n	20000484 <hw_handle_buff_status+0x2c>
20000480:	2c20      	cmp	r4, #32
20000482:	d019      	beq.n	200004b8 <hw_handle_buff_status+0x60>
20000484:	002a      	movs	r2, r5
20000486:	0023      	movs	r3, r4
20000488:	3401      	adds	r4, #1
2000048a:	002f      	movs	r7, r5
2000048c:	4032      	ands	r2, r6
2000048e:	b2e4      	uxtb	r4, r4
20000490:	006d      	lsls	r5, r5, #1
20000492:	2a00      	cmp	r2, #0
20000494:	d0f4      	beq.n	20000480 <hw_handle_buff_status+0x28>
20000496:	4652      	mov	r2, sl
20000498:	6597      	str	r7, [r2, #88]	@ 0x58
2000049a:	464a      	mov	r2, r9
2000049c:	085b      	lsrs	r3, r3, #1
2000049e:	005b      	lsls	r3, r3, #1
200004a0:	4022      	ands	r2, r4
200004a2:	189b      	adds	r3, r3, r2
200004a4:	015b      	lsls	r3, r3, #5
200004a6:	4443      	add	r3, r8
200004a8:	0018      	movs	r0, r3
200004aa:	469b      	mov	fp, r3
200004ac:	f000 fc1e 	bl	20000cec <hw_endpoint_xfer_continue>
200004b0:	2800      	cmp	r0, #0
200004b2:	d108      	bne.n	200004c6 <hw_handle_buff_status+0x6e>
200004b4:	43be      	bics	r6, r7
200004b6:	d1e3      	bne.n	20000480 <hw_handle_buff_status+0x28>
200004b8:	b005      	add	sp, #20
200004ba:	bcf0      	pop	{r4, r5, r6, r7}
200004bc:	46bb      	mov	fp, r7
200004be:	46b2      	mov	sl, r6
200004c0:	46a9      	mov	r9, r5
200004c2:	46a0      	mov	r8, r4
200004c4:	bdf0      	pop	{r4, r5, r6, r7, pc}
200004c6:	465b      	mov	r3, fp
200004c8:	21e0      	movs	r1, #224	@ 0xe0
200004ca:	789a      	ldrb	r2, [r3, #2]
200004cc:	8adb      	ldrh	r3, [r3, #22]
200004ce:	a801      	add	r0, sp, #4
200004d0:	6083      	str	r3, [r0, #8]
200004d2:	2300      	movs	r3, #0
200004d4:	00c9      	lsls	r1, r1, #3
200004d6:	8001      	strh	r1, [r0, #0]
200004d8:	2101      	movs	r1, #1
200004da:	7102      	strb	r2, [r0, #4]
200004dc:	7143      	strb	r3, [r0, #5]
200004de:	f000 fc25 	bl	20000d2c <dcd_event_handler>
200004e2:	4658      	mov	r0, fp
200004e4:	f000 fba0 	bl	20000c28 <hw_endpoint_reset_transfer>
200004e8:	e7e4      	b.n	200004b4 <hw_handle_buff_status+0x5c>
200004ea:	46c0      	nop			@ (mov r8, r8)
200004ec:	50110000 	.word	0x50110000
200004f0:	50113000 	.word	0x50113000
200004f4:	20001aec 	.word	0x20001aec

200004f8 <dcd_rp2040_irq>:
200004f8:	2398      	movs	r3, #152	@ 0x98
200004fa:	b5f0      	push	{r4, r5, r6, r7, lr}
200004fc:	46c6      	mov	lr, r8
200004fe:	4ac8      	ldr	r2, [pc, #800]	@ (20000820 <dcd_rp2040_irq+0x328>)
20000500:	b500      	push	{lr}
20000502:	58d5      	ldr	r5, [r2, r3]
20000504:	2380      	movs	r3, #128	@ 0x80
20000506:	002e      	movs	r6, r5
20000508:	029b      	lsls	r3, r3, #10
2000050a:	2410      	movs	r4, #16
2000050c:	b084      	sub	sp, #16
2000050e:	401e      	ands	r6, r3
20000510:	421d      	tst	r5, r3
20000512:	d074      	beq.n	200005fe <dcd_rp2040_irq+0x106>
20000514:	4bc3      	ldr	r3, [pc, #780]	@ (20000824 <dcd_rp2040_irq+0x32c>)
20000516:	4cc4      	ldr	r4, [pc, #784]	@ (20000828 <dcd_rp2040_irq+0x330>)
20000518:	6a9a      	ldr	r2, [r3, #40]	@ 0x28
2000051a:	4bc4      	ldr	r3, [pc, #784]	@ (2000082c <dcd_rp2040_irq+0x334>)
2000051c:	2600      	movs	r6, #0
2000051e:	601a      	str	r2, [r3, #0]
20000520:	233b      	movs	r3, #59	@ 0x3b
20000522:	5ce3      	ldrb	r3, [r4, r3]
20000524:	2b02      	cmp	r3, #2
20000526:	d100      	bne.n	2000052a <dcd_rp2040_irq+0x32>
20000528:	e14f      	b.n	200007ca <dcd_rp2040_irq+0x2d2>
2000052a:	237b      	movs	r3, #123	@ 0x7b
2000052c:	5ce3      	ldrb	r3, [r4, r3]
2000052e:	2b02      	cmp	r3, #2
20000530:	d100      	bne.n	20000534 <dcd_rp2040_irq+0x3c>
20000532:	e0f3      	b.n	2000071c <dcd_rp2040_irq+0x224>
20000534:	23bb      	movs	r3, #187	@ 0xbb
20000536:	5ce3      	ldrb	r3, [r4, r3]
20000538:	2b02      	cmp	r3, #2
2000053a:	d100      	bne.n	2000053e <dcd_rp2040_irq+0x46>
2000053c:	e0fa      	b.n	20000734 <dcd_rp2040_irq+0x23c>
2000053e:	23fb      	movs	r3, #251	@ 0xfb
20000540:	5ce3      	ldrb	r3, [r4, r3]
20000542:	2b02      	cmp	r3, #2
20000544:	d100      	bne.n	20000548 <dcd_rp2040_irq+0x50>
20000546:	e101      	b.n	2000074c <dcd_rp2040_irq+0x254>
20000548:	233c      	movs	r3, #60	@ 0x3c
2000054a:	33ff      	adds	r3, #255	@ 0xff
2000054c:	5ce3      	ldrb	r3, [r4, r3]
2000054e:	2b02      	cmp	r3, #2
20000550:	d100      	bne.n	20000554 <dcd_rp2040_irq+0x5c>
20000552:	e12d      	b.n	200007b0 <dcd_rp2040_irq+0x2b8>
20000554:	237c      	movs	r3, #124	@ 0x7c
20000556:	33ff      	adds	r3, #255	@ 0xff
20000558:	5ce3      	ldrb	r3, [r4, r3]
2000055a:	2b02      	cmp	r3, #2
2000055c:	d100      	bne.n	20000560 <dcd_rp2040_irq+0x68>
2000055e:	e10e      	b.n	2000077e <dcd_rp2040_irq+0x286>
20000560:	23bc      	movs	r3, #188	@ 0xbc
20000562:	33ff      	adds	r3, #255	@ 0xff
20000564:	5ce3      	ldrb	r3, [r4, r3]
20000566:	2b02      	cmp	r3, #2
20000568:	d100      	bne.n	2000056c <dcd_rp2040_irq+0x74>
2000056a:	e13f      	b.n	200007ec <dcd_rp2040_irq+0x2f4>
2000056c:	23fc      	movs	r3, #252	@ 0xfc
2000056e:	33ff      	adds	r3, #255	@ 0xff
20000570:	5ce3      	ldrb	r3, [r4, r3]
20000572:	2b02      	cmp	r3, #2
20000574:	d100      	bne.n	20000578 <dcd_rp2040_irq+0x80>
20000576:	e0f5      	b.n	20000764 <dcd_rp2040_irq+0x26c>
20000578:	4bad      	ldr	r3, [pc, #692]	@ (20000830 <dcd_rp2040_irq+0x338>)
2000057a:	5ce3      	ldrb	r3, [r4, r3]
2000057c:	2b02      	cmp	r3, #2
2000057e:	d100      	bne.n	20000582 <dcd_rp2040_irq+0x8a>
20000580:	e174      	b.n	2000086c <dcd_rp2040_irq+0x374>
20000582:	4bac      	ldr	r3, [pc, #688]	@ (20000834 <dcd_rp2040_irq+0x33c>)
20000584:	5ce3      	ldrb	r3, [r4, r3]
20000586:	2b02      	cmp	r3, #2
20000588:	d100      	bne.n	2000058c <dcd_rp2040_irq+0x94>
2000058a:	e105      	b.n	20000798 <dcd_rp2040_irq+0x2a0>
2000058c:	4baa      	ldr	r3, [pc, #680]	@ (20000838 <dcd_rp2040_irq+0x340>)
2000058e:	5ce3      	ldrb	r3, [r4, r3]
20000590:	2b02      	cmp	r3, #2
20000592:	d100      	bne.n	20000596 <dcd_rp2040_irq+0x9e>
20000594:	e175      	b.n	20000882 <dcd_rp2040_irq+0x38a>
20000596:	4ba9      	ldr	r3, [pc, #676]	@ (2000083c <dcd_rp2040_irq+0x344>)
20000598:	5ce3      	ldrb	r3, [r4, r3]
2000059a:	2b02      	cmp	r3, #2
2000059c:	d100      	bne.n	200005a0 <dcd_rp2040_irq+0xa8>
2000059e:	e132      	b.n	20000806 <dcd_rp2040_irq+0x30e>
200005a0:	4ba7      	ldr	r3, [pc, #668]	@ (20000840 <dcd_rp2040_irq+0x348>)
200005a2:	5ce3      	ldrb	r3, [r4, r3]
200005a4:	2b02      	cmp	r3, #2
200005a6:	d100      	bne.n	200005aa <dcd_rp2040_irq+0xb2>
200005a8:	e1a0      	b.n	200008ec <dcd_rp2040_irq+0x3f4>
200005aa:	4ba6      	ldr	r3, [pc, #664]	@ (20000844 <dcd_rp2040_irq+0x34c>)
200005ac:	5ce3      	ldrb	r3, [r4, r3]
200005ae:	2b02      	cmp	r3, #2
200005b0:	d100      	bne.n	200005b4 <dcd_rp2040_irq+0xbc>
200005b2:	e171      	b.n	20000898 <dcd_rp2040_irq+0x3a0>
200005b4:	4ba4      	ldr	r3, [pc, #656]	@ (20000848 <dcd_rp2040_irq+0x350>)
200005b6:	5ce3      	ldrb	r3, [r4, r3]
200005b8:	2b02      	cmp	r3, #2
200005ba:	d100      	bne.n	200005be <dcd_rp2040_irq+0xc6>
200005bc:	e1a1      	b.n	20000902 <dcd_rp2040_irq+0x40a>
200005be:	4ba3      	ldr	r3, [pc, #652]	@ (2000084c <dcd_rp2040_irq+0x354>)
200005c0:	5ce3      	ldrb	r3, [r4, r3]
200005c2:	2b02      	cmp	r3, #2
200005c4:	d100      	bne.n	200005c8 <dcd_rp2040_irq+0xd0>
200005c6:	e17f      	b.n	200008c8 <dcd_rp2040_irq+0x3d0>
200005c8:	2e00      	cmp	r6, #0
200005ca:	d108      	bne.n	200005de <dcd_rp2040_irq+0xe6>
200005cc:	4ba0      	ldr	r3, [pc, #640]	@ (20000850 <dcd_rp2040_irq+0x358>)
200005ce:	781b      	ldrb	r3, [r3, #0]
200005d0:	2b00      	cmp	r3, #0
200005d2:	d104      	bne.n	200005de <dcd_rp2040_irq+0xe6>
200005d4:	2180      	movs	r1, #128	@ 0x80
200005d6:	4a9f      	ldr	r2, [pc, #636]	@ (20000854 <dcd_rp2040_irq+0x35c>)
200005d8:	3390      	adds	r3, #144	@ 0x90
200005da:	0289      	lsls	r1, r1, #10
200005dc:	50d1      	str	r1, [r2, r3]
200005de:	22c0      	movs	r2, #192	@ 0xc0
200005e0:	4669      	mov	r1, sp
200005e2:	4b8f      	ldr	r3, [pc, #572]	@ (20000820 <dcd_rp2040_irq+0x328>)
200005e4:	0092      	lsls	r2, r2, #2
200005e6:	6c9b      	ldr	r3, [r3, #72]	@ 0x48
200005e8:	2680      	movs	r6, #128	@ 0x80
200005ea:	055b      	lsls	r3, r3, #21
200005ec:	808a      	strh	r2, [r1, #4]
200005ee:	0d5b      	lsrs	r3, r3, #21
200005f0:	2101      	movs	r1, #1
200005f2:	a801      	add	r0, sp, #4
200005f4:	9302      	str	r3, [sp, #8]
200005f6:	f000 fb99 	bl	20000d2c <dcd_event_handler>
200005fa:	4c97      	ldr	r4, [pc, #604]	@ (20000858 <dcd_rp2040_irq+0x360>)
200005fc:	02b6      	lsls	r6, r6, #10
200005fe:	06eb      	lsls	r3, r5, #27
20000600:	d500      	bpl.n	20000604 <dcd_rp2040_irq+0x10c>
20000602:	e07f      	b.n	20000704 <dcd_rp2040_irq+0x20c>
20000604:	2380      	movs	r3, #128	@ 0x80
20000606:	025b      	lsls	r3, r3, #9
20000608:	421d      	tst	r5, r3
2000060a:	d031      	beq.n	20000670 <dcd_rp2040_irq+0x178>
2000060c:	431e      	orrs	r6, r3
2000060e:	2301      	movs	r3, #1
20000610:	2402      	movs	r4, #2
20000612:	4698      	mov	r8, r3
20000614:	4f84      	ldr	r7, [pc, #528]	@ (20000828 <dcd_rp2040_irq+0x330>)
20000616:	7ebb      	ldrb	r3, [r7, #26]
20000618:	2b00      	cmp	r3, #0
2000061a:	d014      	beq.n	20000646 <dcd_rp2040_irq+0x14e>
2000061c:	f000 fc94 	bl	20000f48 <__rp2040_chip_version_veneer>
20000620:	2801      	cmp	r0, #1
20000622:	d900      	bls.n	20000626 <dcd_rp2040_irq+0x12e>
20000624:	e072      	b.n	2000070c <dcd_rp2040_irq+0x214>
20000626:	22c0      	movs	r2, #192	@ 0xc0
20000628:	2100      	movs	r1, #0
2000062a:	0038      	movs	r0, r7
2000062c:	0192      	lsls	r2, r2, #6
2000062e:	f000 fb01 	bl	20000c34 <_hw_endpoint_buffer_control_update32>
20000632:	0038      	movs	r0, r7
20000634:	f000 faf8 	bl	20000c28 <hw_endpoint_reset_transfer>
20000638:	f000 fc86 	bl	20000f48 <__rp2040_chip_version_veneer>
2000063c:	2801      	cmp	r0, #1
2000063e:	d902      	bls.n	20000646 <dcd_rp2040_irq+0x14e>
20000640:	4b84      	ldr	r3, [pc, #528]	@ (20000854 <dcd_rp2040_irq+0x35c>)
20000642:	665c      	str	r4, [r3, #100]	@ 0x64
20000644:	661c      	str	r4, [r3, #96]	@ 0x60
20000646:	4643      	mov	r3, r8
20000648:	70fb      	strb	r3, [r7, #3]
2000064a:	3720      	adds	r7, #32
2000064c:	2c01      	cmp	r4, #1
2000064e:	d122      	bne.n	20000696 <dcd_rp2040_irq+0x19e>
20000650:	23c0      	movs	r3, #192	@ 0xc0
20000652:	466a      	mov	r2, sp
20000654:	00db      	lsls	r3, r3, #3
20000656:	8093      	strh	r3, [r2, #4]
20000658:	4a80      	ldr	r2, [pc, #512]	@ (2000085c <dcd_rp2040_irq+0x364>)
2000065a:	ab02      	add	r3, sp, #8
2000065c:	ca03      	ldmia	r2!, {r0, r1}
2000065e:	c303      	stmia	r3!, {r0, r1}
20000660:	2101      	movs	r1, #1
20000662:	a801      	add	r0, sp, #4
20000664:	f000 fb62 	bl	20000d2c <dcd_event_handler>
20000668:	2280      	movs	r2, #128	@ 0x80
2000066a:	4b7a      	ldr	r3, [pc, #488]	@ (20000854 <dcd_rp2040_irq+0x35c>)
2000066c:	0292      	lsls	r2, r2, #10
2000066e:	651a      	str	r2, [r3, #80]	@ 0x50
20000670:	2380      	movs	r3, #128	@ 0x80
20000672:	015b      	lsls	r3, r3, #5
20000674:	421d      	tst	r5, r3
20000676:	d110      	bne.n	2000069a <dcd_rp2040_irq+0x1a2>
20000678:	2380      	movs	r3, #128	@ 0x80
2000067a:	01db      	lsls	r3, r3, #7
2000067c:	421d      	tst	r5, r3
2000067e:	d123      	bne.n	200006c8 <dcd_rp2040_irq+0x1d0>
20000680:	2380      	movs	r3, #128	@ 0x80
20000682:	021b      	lsls	r3, r3, #8
20000684:	421d      	tst	r5, r3
20000686:	d12f      	bne.n	200006e8 <dcd_rp2040_irq+0x1f0>
20000688:	42ae      	cmp	r6, r5
2000068a:	d000      	beq.n	2000068e <dcd_rp2040_irq+0x196>
2000068c:	e1c0      	b.n	20000a10 <dcd_rp2040_irq+0x518>
2000068e:	b004      	add	sp, #16
20000690:	bc80      	pop	{r7}
20000692:	46b8      	mov	r8, r7
20000694:	bdf0      	pop	{r4, r5, r6, r7, pc}
20000696:	2401      	movs	r4, #1
20000698:	e7bd      	b.n	20000616 <dcd_rp2040_irq+0x11e>
2000069a:	2400      	movs	r4, #0
2000069c:	431e      	orrs	r6, r3
2000069e:	4b60      	ldr	r3, [pc, #384]	@ (20000820 <dcd_rp2040_irq+0x328>)
200006a0:	601c      	str	r4, [r3, #0]
200006a2:	f7ff fea5 	bl	200003f0 <reset_non_control_endpoints>
200006a6:	2380      	movs	r3, #128	@ 0x80
200006a8:	466a      	mov	r2, sp
200006aa:	005b      	lsls	r3, r3, #1
200006ac:	8093      	strh	r3, [r2, #4]
200006ae:	7214      	strb	r4, [r2, #8]
200006b0:	2101      	movs	r1, #1
200006b2:	a801      	add	r0, sp, #4
200006b4:	f000 fb3a 	bl	20000d2c <dcd_event_handler>
200006b8:	2280      	movs	r2, #128	@ 0x80
200006ba:	4b66      	ldr	r3, [pc, #408]	@ (20000854 <dcd_rp2040_irq+0x35c>)
200006bc:	0312      	lsls	r2, r2, #12
200006be:	651a      	str	r2, [r3, #80]	@ 0x50
200006c0:	2380      	movs	r3, #128	@ 0x80
200006c2:	01db      	lsls	r3, r3, #7
200006c4:	421d      	tst	r5, r3
200006c6:	d0db      	beq.n	20000680 <dcd_rp2040_irq+0x188>
200006c8:	431e      	orrs	r6, r3
200006ca:	2380      	movs	r3, #128	@ 0x80
200006cc:	466a      	mov	r2, sp
200006ce:	00db      	lsls	r3, r3, #3
200006d0:	8093      	strh	r3, [r2, #4]
200006d2:	2101      	movs	r1, #1
200006d4:	a801      	add	r0, sp, #4
200006d6:	f000 fb29 	bl	20000d2c <dcd_event_handler>
200006da:	2210      	movs	r2, #16
200006dc:	4b5d      	ldr	r3, [pc, #372]	@ (20000854 <dcd_rp2040_irq+0x35c>)
200006de:	651a      	str	r2, [r3, #80]	@ 0x50
200006e0:	2380      	movs	r3, #128	@ 0x80
200006e2:	021b      	lsls	r3, r3, #8
200006e4:	421d      	tst	r5, r3
200006e6:	d0cf      	beq.n	20000688 <dcd_rp2040_irq+0x190>
200006e8:	431e      	orrs	r6, r3
200006ea:	23a0      	movs	r3, #160	@ 0xa0
200006ec:	466a      	mov	r2, sp
200006ee:	00db      	lsls	r3, r3, #3
200006f0:	8093      	strh	r3, [r2, #4]
200006f2:	2101      	movs	r1, #1
200006f4:	a801      	add	r0, sp, #4
200006f6:	f000 fb19 	bl	20000d2c <dcd_event_handler>
200006fa:	2280      	movs	r2, #128	@ 0x80
200006fc:	4b55      	ldr	r3, [pc, #340]	@ (20000854 <dcd_rp2040_irq+0x35c>)
200006fe:	0112      	lsls	r2, r2, #4
20000700:	651a      	str	r2, [r3, #80]	@ 0x50
20000702:	e7c1      	b.n	20000688 <dcd_rp2040_irq+0x190>
20000704:	f7ff fea8 	bl	20000458 <hw_handle_buff_status>
20000708:	0026      	movs	r6, r4
2000070a:	e77b      	b.n	20000604 <dcd_rp2040_irq+0x10c>
2000070c:	4b54      	ldr	r3, [pc, #336]	@ (20000860 <dcd_rp2040_irq+0x368>)
2000070e:	4a44      	ldr	r2, [pc, #272]	@ (20000820 <dcd_rp2040_irq+0x328>)
20000710:	661c      	str	r4, [r3, #96]	@ 0x60
20000712:	6e53      	ldr	r3, [r2, #100]	@ 0x64
20000714:	4023      	ands	r3, r4
20000716:	42a3      	cmp	r3, r4
20000718:	d1fb      	bne.n	20000712 <dcd_rp2040_irq+0x21a>
2000071a:	e784      	b.n	20000626 <dcd_rp2040_irq+0x12e>
2000071c:	3378      	adds	r3, #120	@ 0x78
2000071e:	5ce7      	ldrb	r7, [r4, r3]
20000720:	2f00      	cmp	r7, #0
20000722:	d100      	bne.n	20000726 <dcd_rp2040_irq+0x22e>
20000724:	e706      	b.n	20000534 <dcd_rp2040_irq+0x3c>
20000726:	3302      	adds	r3, #2
20000728:	5ce2      	ldrb	r2, [r4, r3]
2000072a:	2a00      	cmp	r2, #0
2000072c:	d000      	beq.n	20000730 <dcd_rp2040_irq+0x238>
2000072e:	e10d      	b.n	2000094c <dcd_rp2040_irq+0x454>
20000730:	003e      	movs	r6, r7
20000732:	e6ff      	b.n	20000534 <dcd_rp2040_irq+0x3c>
20000734:	33b8      	adds	r3, #184	@ 0xb8
20000736:	5ce7      	ldrb	r7, [r4, r3]
20000738:	2f00      	cmp	r7, #0
2000073a:	d100      	bne.n	2000073e <dcd_rp2040_irq+0x246>
2000073c:	e6ff      	b.n	2000053e <dcd_rp2040_irq+0x46>
2000073e:	3302      	adds	r3, #2
20000740:	5ce2      	ldrb	r2, [r4, r3]
20000742:	2a00      	cmp	r2, #0
20000744:	d000      	beq.n	20000748 <dcd_rp2040_irq+0x250>
20000746:	e0f9      	b.n	2000093c <dcd_rp2040_irq+0x444>
20000748:	003e      	movs	r6, r7
2000074a:	e6f8      	b.n	2000053e <dcd_rp2040_irq+0x46>
2000074c:	33f8      	adds	r3, #248	@ 0xf8
2000074e:	5ce7      	ldrb	r7, [r4, r3]
20000750:	2f00      	cmp	r7, #0
20000752:	d100      	bne.n	20000756 <dcd_rp2040_irq+0x25e>
20000754:	e6f8      	b.n	20000548 <dcd_rp2040_irq+0x50>
20000756:	3302      	adds	r3, #2
20000758:	5ce2      	ldrb	r2, [r4, r3]
2000075a:	2a00      	cmp	r2, #0
2000075c:	d000      	beq.n	20000760 <dcd_rp2040_irq+0x268>
2000075e:	e141      	b.n	200009e4 <dcd_rp2040_irq+0x4ec>
20000760:	003e      	movs	r6, r7
20000762:	e6f1      	b.n	20000548 <dcd_rp2040_irq+0x50>
20000764:	33f9      	adds	r3, #249	@ 0xf9
20000766:	33ff      	adds	r3, #255	@ 0xff
20000768:	5ce7      	ldrb	r7, [r4, r3]
2000076a:	2f00      	cmp	r7, #0
2000076c:	d100      	bne.n	20000770 <dcd_rp2040_irq+0x278>
2000076e:	e703      	b.n	20000578 <dcd_rp2040_irq+0x80>
20000770:	3302      	adds	r3, #2
20000772:	5ce2      	ldrb	r2, [r4, r3]
20000774:	2a00      	cmp	r2, #0
20000776:	d000      	beq.n	2000077a <dcd_rp2040_irq+0x282>
20000778:	e12b      	b.n	200009d2 <dcd_rp2040_irq+0x4da>
2000077a:	003e      	movs	r6, r7
2000077c:	e6fc      	b.n	20000578 <dcd_rp2040_irq+0x80>
2000077e:	3379      	adds	r3, #121	@ 0x79
20000780:	33ff      	adds	r3, #255	@ 0xff
20000782:	5ce7      	ldrb	r7, [r4, r3]
20000784:	2f00      	cmp	r7, #0
20000786:	d100      	bne.n	2000078a <dcd_rp2040_irq+0x292>
20000788:	e6ea      	b.n	20000560 <dcd_rp2040_irq+0x68>
2000078a:	3302      	adds	r3, #2
2000078c:	5ce2      	ldrb	r2, [r4, r3]
2000078e:	2a00      	cmp	r2, #0
20000790:	d000      	beq.n	20000794 <dcd_rp2040_irq+0x29c>
20000792:	e115      	b.n	200009c0 <dcd_rp2040_irq+0x4c8>
20000794:	003e      	movs	r6, r7
20000796:	e6e3      	b.n	20000560 <dcd_rp2040_irq+0x68>
20000798:	4b32      	ldr	r3, [pc, #200]	@ (20000864 <dcd_rp2040_irq+0x36c>)
2000079a:	5ce7      	ldrb	r7, [r4, r3]
2000079c:	2f00      	cmp	r7, #0
2000079e:	d100      	bne.n	200007a2 <dcd_rp2040_irq+0x2aa>
200007a0:	e6f4      	b.n	2000058c <dcd_rp2040_irq+0x94>
200007a2:	3302      	adds	r3, #2
200007a4:	5ce2      	ldrb	r2, [r4, r3]
200007a6:	2a00      	cmp	r2, #0
200007a8:	d000      	beq.n	200007ac <dcd_rp2040_irq+0x2b4>
200007aa:	e101      	b.n	200009b0 <dcd_rp2040_irq+0x4b8>
200007ac:	003e      	movs	r6, r7
200007ae:	e6ed      	b.n	2000058c <dcd_rp2040_irq+0x94>
200007b0:	3339      	adds	r3, #57	@ 0x39
200007b2:	33ff      	adds	r3, #255	@ 0xff
200007b4:	5ce7      	ldrb	r7, [r4, r3]
200007b6:	2f00      	cmp	r7, #0
200007b8:	d100      	bne.n	200007bc <dcd_rp2040_irq+0x2c4>
200007ba:	e6cb      	b.n	20000554 <dcd_rp2040_irq+0x5c>
200007bc:	3302      	adds	r3, #2
200007be:	5ce2      	ldrb	r2, [r4, r3]
200007c0:	2a00      	cmp	r2, #0
200007c2:	d000      	beq.n	200007c6 <dcd_rp2040_irq+0x2ce>
200007c4:	e0eb      	b.n	2000099e <dcd_rp2040_irq+0x4a6>
200007c6:	003e      	movs	r6, r7
200007c8:	e6c4      	b.n	20000554 <dcd_rp2040_irq+0x5c>
200007ca:	3338      	adds	r3, #56	@ 0x38
200007cc:	5ce6      	ldrb	r6, [r4, r3]
200007ce:	2e00      	cmp	r6, #0
200007d0:	d100      	bne.n	200007d4 <dcd_rp2040_irq+0x2dc>
200007d2:	e6aa      	b.n	2000052a <dcd_rp2040_irq+0x32>
200007d4:	3302      	adds	r3, #2
200007d6:	5ce2      	ldrb	r2, [r4, r3]
200007d8:	2a00      	cmp	r2, #0
200007da:	d100      	bne.n	200007de <dcd_rp2040_irq+0x2e6>
200007dc:	e6a5      	b.n	2000052a <dcd_rp2040_irq+0x32>
200007de:	0020      	movs	r0, r4
200007e0:	2200      	movs	r2, #0
200007e2:	3020      	adds	r0, #32
200007e4:	54e2      	strb	r2, [r4, r3]
200007e6:	f000 fa4d 	bl	20000c84 <hw_endpoint_start_next_buffer>
200007ea:	e69e      	b.n	2000052a <dcd_rp2040_irq+0x32>
200007ec:	33b9      	adds	r3, #185	@ 0xb9
200007ee:	33ff      	adds	r3, #255	@ 0xff
200007f0:	5ce7      	ldrb	r7, [r4, r3]
200007f2:	2f00      	cmp	r7, #0
200007f4:	d100      	bne.n	200007f8 <dcd_rp2040_irq+0x300>
200007f6:	e6b9      	b.n	2000056c <dcd_rp2040_irq+0x74>
200007f8:	3302      	adds	r3, #2
200007fa:	5ce2      	ldrb	r2, [r4, r3]
200007fc:	2a00      	cmp	r2, #0
200007fe:	d000      	beq.n	20000802 <dcd_rp2040_irq+0x30a>
20000800:	e0c4      	b.n	2000098c <dcd_rp2040_irq+0x494>
20000802:	003e      	movs	r6, r7
20000804:	e6b2      	b.n	2000056c <dcd_rp2040_irq+0x74>
20000806:	4b18      	ldr	r3, [pc, #96]	@ (20000868 <dcd_rp2040_irq+0x370>)
20000808:	5ce7      	ldrb	r7, [r4, r3]
2000080a:	2f00      	cmp	r7, #0
2000080c:	d100      	bne.n	20000810 <dcd_rp2040_irq+0x318>
2000080e:	e6c7      	b.n	200005a0 <dcd_rp2040_irq+0xa8>
20000810:	3302      	adds	r3, #2
20000812:	5ce2      	ldrb	r2, [r4, r3]
20000814:	2a00      	cmp	r2, #0
20000816:	d000      	beq.n	2000081a <dcd_rp2040_irq+0x322>
20000818:	e0b0      	b.n	2000097c <dcd_rp2040_irq+0x484>
2000081a:	003e      	movs	r6, r7
2000081c:	e6c0      	b.n	200005a0 <dcd_rp2040_irq+0xa8>
2000081e:	46c0      	nop			@ (mov r8, r8)
20000820:	50110000 	.word	0x50110000
20000824:	40054000 	.word	0x40054000
20000828:	20001aec 	.word	0x20001aec
2000082c:	20001ae4 	.word	0x20001ae4
20000830:	0000023b 	.word	0x0000023b
20000834:	0000027b 	.word	0x0000027b
20000838:	000002bb 	.word	0x000002bb
2000083c:	000002fb 	.word	0x000002fb
20000840:	0000033b 	.word	0x0000033b
20000844:	0000037b 	.word	0x0000037b
20000848:	000003bb 	.word	0x000003bb
2000084c:	000003fb 	.word	0x000003fb
20000850:	20001fea 	.word	0x20001fea
20000854:	50113000 	.word	0x50113000
20000858:	00020010 	.word	0x00020010
2000085c:	50100000 	.word	0x50100000
20000860:	50112000 	.word	0x50112000
20000864:	0000027a 	.word	0x0000027a
20000868:	000002fa 	.word	0x000002fa
2000086c:	4b6b      	ldr	r3, [pc, #428]	@ (20000a1c <dcd_rp2040_irq+0x524>)
2000086e:	5ce7      	ldrb	r7, [r4, r3]
20000870:	2f00      	cmp	r7, #0
20000872:	d100      	bne.n	20000876 <dcd_rp2040_irq+0x37e>
20000874:	e685      	b.n	20000582 <dcd_rp2040_irq+0x8a>
20000876:	3302      	adds	r3, #2
20000878:	5ce2      	ldrb	r2, [r4, r3]
2000087a:	2a00      	cmp	r2, #0
2000087c:	d176      	bne.n	2000096c <dcd_rp2040_irq+0x474>
2000087e:	003e      	movs	r6, r7
20000880:	e67f      	b.n	20000582 <dcd_rp2040_irq+0x8a>
20000882:	4b67      	ldr	r3, [pc, #412]	@ (20000a20 <dcd_rp2040_irq+0x528>)
20000884:	5ce7      	ldrb	r7, [r4, r3]
20000886:	2f00      	cmp	r7, #0
20000888:	d100      	bne.n	2000088c <dcd_rp2040_irq+0x394>
2000088a:	e684      	b.n	20000596 <dcd_rp2040_irq+0x9e>
2000088c:	3302      	adds	r3, #2
2000088e:	5ce2      	ldrb	r2, [r4, r3]
20000890:	2a00      	cmp	r2, #0
20000892:	d163      	bne.n	2000095c <dcd_rp2040_irq+0x464>
20000894:	003e      	movs	r6, r7
20000896:	e67e      	b.n	20000596 <dcd_rp2040_irq+0x9e>
20000898:	4b62      	ldr	r3, [pc, #392]	@ (20000a24 <dcd_rp2040_irq+0x52c>)
2000089a:	5ce7      	ldrb	r7, [r4, r3]
2000089c:	2f00      	cmp	r7, #0
2000089e:	d100      	bne.n	200008a2 <dcd_rp2040_irq+0x3aa>
200008a0:	e688      	b.n	200005b4 <dcd_rp2040_irq+0xbc>
200008a2:	3302      	adds	r3, #2
200008a4:	5ce2      	ldrb	r2, [r4, r3]
200008a6:	2a00      	cmp	r2, #0
200008a8:	d000      	beq.n	200008ac <dcd_rp2040_irq+0x3b4>
200008aa:	e0a3      	b.n	200009f4 <dcd_rp2040_irq+0x4fc>
200008ac:	4b5e      	ldr	r3, [pc, #376]	@ (20000a28 <dcd_rp2040_irq+0x530>)
200008ae:	5ce3      	ldrb	r3, [r4, r3]
200008b0:	2b02      	cmp	r3, #2
200008b2:	d130      	bne.n	20000916 <dcd_rp2040_irq+0x41e>
200008b4:	4b5d      	ldr	r3, [pc, #372]	@ (20000a2c <dcd_rp2040_irq+0x534>)
200008b6:	5ce3      	ldrb	r3, [r4, r3]
200008b8:	2b00      	cmp	r3, #0
200008ba:	d127      	bne.n	2000090c <dcd_rp2040_irq+0x414>
200008bc:	4b5c      	ldr	r3, [pc, #368]	@ (20000a30 <dcd_rp2040_irq+0x538>)
200008be:	5ce3      	ldrb	r3, [r4, r3]
200008c0:	2b02      	cmp	r3, #2
200008c2:	d000      	beq.n	200008c6 <dcd_rp2040_irq+0x3ce>
200008c4:	e68b      	b.n	200005de <dcd_rp2040_irq+0xe6>
200008c6:	003e      	movs	r6, r7
200008c8:	4b5a      	ldr	r3, [pc, #360]	@ (20000a34 <dcd_rp2040_irq+0x53c>)
200008ca:	5ce3      	ldrb	r3, [r4, r3]
200008cc:	2b00      	cmp	r3, #0
200008ce:	d100      	bne.n	200008d2 <dcd_rp2040_irq+0x3da>
200008d0:	e67a      	b.n	200005c8 <dcd_rp2040_irq+0xd0>
200008d2:	23ff      	movs	r3, #255	@ 0xff
200008d4:	009b      	lsls	r3, r3, #2
200008d6:	5ce2      	ldrb	r2, [r4, r3]
200008d8:	2a00      	cmp	r2, #0
200008da:	d100      	bne.n	200008de <dcd_rp2040_irq+0x3e6>
200008dc:	e67f      	b.n	200005de <dcd_rp2040_irq+0xe6>
200008de:	2200      	movs	r2, #0
200008e0:	54e2      	strb	r2, [r4, r3]
200008e2:	3b1c      	subs	r3, #28
200008e4:	18e0      	adds	r0, r4, r3
200008e6:	f000 f9cd 	bl	20000c84 <hw_endpoint_start_next_buffer>
200008ea:	e678      	b.n	200005de <dcd_rp2040_irq+0xe6>
200008ec:	4b52      	ldr	r3, [pc, #328]	@ (20000a38 <dcd_rp2040_irq+0x540>)
200008ee:	5ce7      	ldrb	r7, [r4, r3]
200008f0:	2f00      	cmp	r7, #0
200008f2:	d100      	bne.n	200008f6 <dcd_rp2040_irq+0x3fe>
200008f4:	e659      	b.n	200005aa <dcd_rp2040_irq+0xb2>
200008f6:	3302      	adds	r3, #2
200008f8:	5ce2      	ldrb	r2, [r4, r3]
200008fa:	2a00      	cmp	r2, #0
200008fc:	d116      	bne.n	2000092c <dcd_rp2040_irq+0x434>
200008fe:	003e      	movs	r6, r7
20000900:	e653      	b.n	200005aa <dcd_rp2040_irq+0xb2>
20000902:	4b4a      	ldr	r3, [pc, #296]	@ (20000a2c <dcd_rp2040_irq+0x534>)
20000904:	5ce3      	ldrb	r3, [r4, r3]
20000906:	2b00      	cmp	r3, #0
20000908:	d100      	bne.n	2000090c <dcd_rp2040_irq+0x414>
2000090a:	e658      	b.n	200005be <dcd_rp2040_irq+0xc6>
2000090c:	23ef      	movs	r3, #239	@ 0xef
2000090e:	009b      	lsls	r3, r3, #2
20000910:	5ce2      	ldrb	r2, [r4, r3]
20000912:	2a00      	cmp	r2, #0
20000914:	d175      	bne.n	20000a02 <dcd_rp2040_irq+0x50a>
20000916:	4b46      	ldr	r3, [pc, #280]	@ (20000a30 <dcd_rp2040_irq+0x538>)
20000918:	5ce3      	ldrb	r3, [r4, r3]
2000091a:	2b02      	cmp	r3, #2
2000091c:	d000      	beq.n	20000920 <dcd_rp2040_irq+0x428>
2000091e:	e65e      	b.n	200005de <dcd_rp2040_irq+0xe6>
20000920:	4b44      	ldr	r3, [pc, #272]	@ (20000a34 <dcd_rp2040_irq+0x53c>)
20000922:	5ce3      	ldrb	r3, [r4, r3]
20000924:	2b00      	cmp	r3, #0
20000926:	d100      	bne.n	2000092a <dcd_rp2040_irq+0x432>
20000928:	e659      	b.n	200005de <dcd_rp2040_irq+0xe6>
2000092a:	e7d2      	b.n	200008d2 <dcd_rp2040_irq+0x3da>
2000092c:	2200      	movs	r2, #0
2000092e:	54e2      	strb	r2, [r4, r3]
20000930:	3b1c      	subs	r3, #28
20000932:	18e0      	adds	r0, r4, r3
20000934:	f000 f9a6 	bl	20000c84 <hw_endpoint_start_next_buffer>
20000938:	003e      	movs	r6, r7
2000093a:	e636      	b.n	200005aa <dcd_rp2040_irq+0xb2>
2000093c:	0020      	movs	r0, r4
2000093e:	2200      	movs	r2, #0
20000940:	30a0      	adds	r0, #160	@ 0xa0
20000942:	54e2      	strb	r2, [r4, r3]
20000944:	003e      	movs	r6, r7
20000946:	f000 f99d 	bl	20000c84 <hw_endpoint_start_next_buffer>
2000094a:	e5f8      	b.n	2000053e <dcd_rp2040_irq+0x46>
2000094c:	0020      	movs	r0, r4
2000094e:	2200      	movs	r2, #0
20000950:	3060      	adds	r0, #96	@ 0x60
20000952:	54e2      	strb	r2, [r4, r3]
20000954:	003e      	movs	r6, r7
20000956:	f000 f995 	bl	20000c84 <hw_endpoint_start_next_buffer>
2000095a:	e5eb      	b.n	20000534 <dcd_rp2040_irq+0x3c>
2000095c:	2200      	movs	r2, #0
2000095e:	54e2      	strb	r2, [r4, r3]
20000960:	3b1c      	subs	r3, #28
20000962:	18e0      	adds	r0, r4, r3
20000964:	f000 f98e 	bl	20000c84 <hw_endpoint_start_next_buffer>
20000968:	003e      	movs	r6, r7
2000096a:	e614      	b.n	20000596 <dcd_rp2040_irq+0x9e>
2000096c:	2200      	movs	r2, #0
2000096e:	54e2      	strb	r2, [r4, r3]
20000970:	3b1c      	subs	r3, #28
20000972:	18e0      	adds	r0, r4, r3
20000974:	f000 f986 	bl	20000c84 <hw_endpoint_start_next_buffer>
20000978:	003e      	movs	r6, r7
2000097a:	e602      	b.n	20000582 <dcd_rp2040_irq+0x8a>
2000097c:	2200      	movs	r2, #0
2000097e:	54e2      	strb	r2, [r4, r3]
20000980:	3b1c      	subs	r3, #28
20000982:	18e0      	adds	r0, r4, r3
20000984:	f000 f97e 	bl	20000c84 <hw_endpoint_start_next_buffer>
20000988:	003e      	movs	r6, r7
2000098a:	e609      	b.n	200005a0 <dcd_rp2040_irq+0xa8>
2000098c:	0020      	movs	r0, r4
2000098e:	2200      	movs	r2, #0
20000990:	30a1      	adds	r0, #161	@ 0xa1
20000992:	30ff      	adds	r0, #255	@ 0xff
20000994:	54e2      	strb	r2, [r4, r3]
20000996:	003e      	movs	r6, r7
20000998:	f000 f974 	bl	20000c84 <hw_endpoint_start_next_buffer>
2000099c:	e5e6      	b.n	2000056c <dcd_rp2040_irq+0x74>
2000099e:	0020      	movs	r0, r4
200009a0:	2200      	movs	r2, #0
200009a2:	3021      	adds	r0, #33	@ 0x21
200009a4:	30ff      	adds	r0, #255	@ 0xff
200009a6:	54e2      	strb	r2, [r4, r3]
200009a8:	003e      	movs	r6, r7
200009aa:	f000 f96b 	bl	20000c84 <hw_endpoint_start_next_buffer>
200009ae:	e5d1      	b.n	20000554 <dcd_rp2040_irq+0x5c>
200009b0:	2200      	movs	r2, #0
200009b2:	54e2      	strb	r2, [r4, r3]
200009b4:	3b1c      	subs	r3, #28
200009b6:	18e0      	adds	r0, r4, r3
200009b8:	f000 f964 	bl	20000c84 <hw_endpoint_start_next_buffer>
200009bc:	003e      	movs	r6, r7
200009be:	e5e5      	b.n	2000058c <dcd_rp2040_irq+0x94>
200009c0:	0020      	movs	r0, r4
200009c2:	2200      	movs	r2, #0
200009c4:	3061      	adds	r0, #97	@ 0x61
200009c6:	30ff      	adds	r0, #255	@ 0xff
200009c8:	54e2      	strb	r2, [r4, r3]
200009ca:	003e      	movs	r6, r7
200009cc:	f000 f95a 	bl	20000c84 <hw_endpoint_start_next_buffer>
200009d0:	e5c6      	b.n	20000560 <dcd_rp2040_irq+0x68>
200009d2:	0020      	movs	r0, r4
200009d4:	2200      	movs	r2, #0
200009d6:	30e1      	adds	r0, #225	@ 0xe1
200009d8:	30ff      	adds	r0, #255	@ 0xff
200009da:	54e2      	strb	r2, [r4, r3]
200009dc:	003e      	movs	r6, r7
200009de:	f000 f951 	bl	20000c84 <hw_endpoint_start_next_buffer>
200009e2:	e5c9      	b.n	20000578 <dcd_rp2040_irq+0x80>
200009e4:	0020      	movs	r0, r4
200009e6:	2200      	movs	r2, #0
200009e8:	30e0      	adds	r0, #224	@ 0xe0
200009ea:	54e2      	strb	r2, [r4, r3]
200009ec:	003e      	movs	r6, r7
200009ee:	f000 f949 	bl	20000c84 <hw_endpoint_start_next_buffer>
200009f2:	e5a9      	b.n	20000548 <dcd_rp2040_irq+0x50>
200009f4:	2200      	movs	r2, #0
200009f6:	54e2      	strb	r2, [r4, r3]
200009f8:	3b1c      	subs	r3, #28
200009fa:	18e0      	adds	r0, r4, r3
200009fc:	f000 f942 	bl	20000c84 <hw_endpoint_start_next_buffer>
20000a00:	e754      	b.n	200008ac <dcd_rp2040_irq+0x3b4>
20000a02:	2200      	movs	r2, #0
20000a04:	54e2      	strb	r2, [r4, r3]
20000a06:	3b1c      	subs	r3, #28
20000a08:	18e0      	adds	r0, r4, r3
20000a0a:	f000 f93b 	bl	20000c84 <hw_endpoint_start_next_buffer>
20000a0e:	e782      	b.n	20000916 <dcd_rp2040_irq+0x41e>
20000a10:	0031      	movs	r1, r6
20000a12:	480a      	ldr	r0, [pc, #40]	@ (20000a3c <dcd_rp2040_irq+0x544>)
20000a14:	4069      	eors	r1, r5
20000a16:	f000 fa8f 	bl	20000f38 <__panic_veneer>
20000a1a:	46c0      	nop			@ (mov r8, r8)
20000a1c:	0000023a 	.word	0x0000023a
20000a20:	000002ba 	.word	0x000002ba
20000a24:	0000037a 	.word	0x0000037a
20000a28:	000003bb 	.word	0x000003bb
20000a2c:	000003ba 	.word	0x000003ba
20000a30:	000003fb 	.word	0x000003fb
20000a34:	000003fa 	.word	0x000003fa
20000a38:	0000033a 	.word	0x0000033a
20000a3c:	10006f64 	.word	0x10006f64

20000a40 <prepare_ep_buffer>:
20000a40:	b5f0      	push	{r4, r5, r6, r7, lr}
20000a42:	46c6      	mov	lr, r8
20000a44:	b500      	push	{lr}
20000a46:	0002      	movs	r2, r0
20000a48:	8a83      	ldrh	r3, [r0, #20]
20000a4a:	8b00      	ldrh	r0, [r0, #24]
20000a4c:	468c      	mov	ip, r1
20000a4e:	1c01      	adds	r1, r0, #0
20000a50:	4298      	cmp	r0, r3
20000a52:	d900      	bls.n	20000a56 <prepare_ep_buffer+0x16>
20000a54:	1c19      	adds	r1, r3, #0
20000a56:	78d4      	ldrb	r4, [r2, #3]
20000a58:	2580      	movs	r5, #128	@ 0x80
20000a5a:	0020      	movs	r0, r4
20000a5c:	1e46      	subs	r6, r0, #1
20000a5e:	41b0      	sbcs	r0, r6
20000a60:	b289      	uxth	r1, r1
20000a62:	00ed      	lsls	r5, r5, #3
20000a64:	430d      	orrs	r5, r1
20000a66:	0340      	lsls	r0, r0, #13
20000a68:	4328      	orrs	r0, r5
20000a6a:	2501      	movs	r5, #1
20000a6c:	406c      	eors	r4, r5
20000a6e:	1a5b      	subs	r3, r3, r1
20000a70:	70d4      	strb	r4, [r2, #3]
20000a72:	7854      	ldrb	r4, [r2, #1]
20000a74:	b29b      	uxth	r3, r3
20000a76:	8293      	strh	r3, [r2, #20]
20000a78:	2c00      	cmp	r4, #0
20000a7a:	d131      	bne.n	20000ae0 <prepare_ep_buffer+0xa0>
20000a7c:	4664      	mov	r4, ip
20000a7e:	68d5      	ldr	r5, [r2, #12]
20000a80:	01a4      	lsls	r4, r4, #6
20000a82:	1e4e      	subs	r6, r1, #1
20000a84:	192d      	adds	r5, r5, r4
20000a86:	46b0      	mov	r8, r6
20000a88:	6914      	ldr	r4, [r2, #16]
20000a8a:	2900      	cmp	r1, #0
20000a8c:	d023      	beq.n	20000ad6 <prepare_ep_buffer+0x96>
20000a8e:	2e06      	cmp	r6, #6
20000a90:	d932      	bls.n	20000af8 <prepare_ep_buffer+0xb8>
20000a92:	002b      	movs	r3, r5
20000a94:	4323      	orrs	r3, r4
20000a96:	079b      	lsls	r3, r3, #30
20000a98:	d12e      	bne.n	20000af8 <prepare_ep_buffer+0xb8>
20000a9a:	1c63      	adds	r3, r4, #1
20000a9c:	1aeb      	subs	r3, r5, r3
20000a9e:	2b02      	cmp	r3, #2
20000aa0:	d92a      	bls.n	20000af8 <prepare_ep_buffer+0xb8>
20000aa2:	2300      	movs	r3, #0
20000aa4:	088f      	lsrs	r7, r1, #2
20000aa6:	00bf      	lsls	r7, r7, #2
20000aa8:	58e6      	ldr	r6, [r4, r3]
20000aaa:	50ee      	str	r6, [r5, r3]
20000aac:	3304      	adds	r3, #4
20000aae:	429f      	cmp	r7, r3
20000ab0:	d1fa      	bne.n	20000aa8 <prepare_ep_buffer+0x68>
20000ab2:	4643      	mov	r3, r8
20000ab4:	19ed      	adds	r5, r5, r7
20000ab6:	1bdb      	subs	r3, r3, r7
20000ab8:	19e4      	adds	r4, r4, r7
20000aba:	42b9      	cmp	r1, r7
20000abc:	d009      	beq.n	20000ad2 <prepare_ep_buffer+0x92>
20000abe:	7826      	ldrb	r6, [r4, #0]
20000ac0:	702e      	strb	r6, [r5, #0]
20000ac2:	2b00      	cmp	r3, #0
20000ac4:	d005      	beq.n	20000ad2 <prepare_ep_buffer+0x92>
20000ac6:	7866      	ldrb	r6, [r4, #1]
20000ac8:	706e      	strb	r6, [r5, #1]
20000aca:	2b01      	cmp	r3, #1
20000acc:	d001      	beq.n	20000ad2 <prepare_ep_buffer+0x92>
20000ace:	78a3      	ldrb	r3, [r4, #2]
20000ad0:	70ab      	strb	r3, [r5, #2]
20000ad2:	6914      	ldr	r4, [r2, #16]
20000ad4:	8a93      	ldrh	r3, [r2, #20]
20000ad6:	1864      	adds	r4, r4, r1
20000ad8:	6114      	str	r4, [r2, #16]
20000ada:	2280      	movs	r2, #128	@ 0x80
20000adc:	0212      	lsls	r2, r2, #8
20000ade:	4310      	orrs	r0, r2
20000ae0:	2b00      	cmp	r3, #0
20000ae2:	d102      	bne.n	20000aea <prepare_ep_buffer+0xaa>
20000ae4:	2380      	movs	r3, #128	@ 0x80
20000ae6:	01db      	lsls	r3, r3, #7
20000ae8:	4318      	orrs	r0, r3
20000aea:	4663      	mov	r3, ip
20000aec:	2b00      	cmp	r3, #0
20000aee:	d000      	beq.n	20000af2 <prepare_ep_buffer+0xb2>
20000af0:	0400      	lsls	r0, r0, #16
20000af2:	bc80      	pop	{r7}
20000af4:	46b8      	mov	r8, r7
20000af6:	bdf0      	pop	{r4, r5, r6, r7, pc}
20000af8:	2300      	movs	r3, #0
20000afa:	5ce6      	ldrb	r6, [r4, r3]
20000afc:	54ee      	strb	r6, [r5, r3]
20000afe:	3301      	adds	r3, #1
20000b00:	4299      	cmp	r1, r3
20000b02:	d1fa      	bne.n	20000afa <prepare_ep_buffer+0xba>
20000b04:	e7e5      	b.n	20000ad2 <prepare_ep_buffer+0x92>
20000b06:	46c0      	nop			@ (mov r8, r8)

20000b08 <sync_ep_buffer>:
20000b08:	6883      	ldr	r3, [r0, #8]
20000b0a:	b5f0      	push	{r4, r5, r6, r7, lr}
20000b0c:	681a      	ldr	r2, [r3, #0]
20000b0e:	0004      	movs	r4, r0
20000b10:	2900      	cmp	r1, #0
20000b12:	d000      	beq.n	20000b16 <sync_ep_buffer+0xe>
20000b14:	0c12      	lsrs	r2, r2, #16
20000b16:	7863      	ldrb	r3, [r4, #1]
20000b18:	0592      	lsls	r2, r2, #22
20000b1a:	0d90      	lsrs	r0, r2, #22
20000b1c:	2b00      	cmp	r3, #0
20000b1e:	d108      	bne.n	20000b32 <sync_ep_buffer+0x2a>
20000b20:	8ae3      	ldrh	r3, [r4, #22]
20000b22:	18c3      	adds	r3, r0, r3
20000b24:	82e3      	strh	r3, [r4, #22]
20000b26:	8b23      	ldrh	r3, [r4, #24]
20000b28:	4283      	cmp	r3, r0
20000b2a:	d901      	bls.n	20000b30 <sync_ep_buffer+0x28>
20000b2c:	2300      	movs	r3, #0
20000b2e:	82a3      	strh	r3, [r4, #20]
20000b30:	bdf0      	pop	{r4, r5, r6, r7, pc}
20000b32:	68e3      	ldr	r3, [r4, #12]
20000b34:	0189      	lsls	r1, r1, #6
20000b36:	6925      	ldr	r5, [r4, #16]
20000b38:	185e      	adds	r6, r3, r1
20000b3a:	1e47      	subs	r7, r0, #1
20000b3c:	2800      	cmp	r0, #0
20000b3e:	d022      	beq.n	20000b86 <sync_ep_buffer+0x7e>
20000b40:	2f06      	cmp	r7, #6
20000b42:	d926      	bls.n	20000b92 <sync_ep_buffer+0x8a>
20000b44:	3101      	adds	r1, #1
20000b46:	185b      	adds	r3, r3, r1
20000b48:	1aeb      	subs	r3, r5, r3
20000b4a:	2b02      	cmp	r3, #2
20000b4c:	d921      	bls.n	20000b92 <sync_ep_buffer+0x8a>
20000b4e:	002b      	movs	r3, r5
20000b50:	4333      	orrs	r3, r6
20000b52:	079b      	lsls	r3, r3, #30
20000b54:	d11d      	bne.n	20000b92 <sync_ep_buffer+0x8a>
20000b56:	2300      	movs	r3, #0
20000b58:	0e12      	lsrs	r2, r2, #24
20000b5a:	0092      	lsls	r2, r2, #2
20000b5c:	58f1      	ldr	r1, [r6, r3]
20000b5e:	50e9      	str	r1, [r5, r3]
20000b60:	3304      	adds	r3, #4
20000b62:	429a      	cmp	r2, r3
20000b64:	d1fa      	bne.n	20000b5c <sync_ep_buffer+0x54>
20000b66:	1abf      	subs	r7, r7, r2
20000b68:	18ad      	adds	r5, r5, r2
20000b6a:	18b6      	adds	r6, r6, r2
20000b6c:	4290      	cmp	r0, r2
20000b6e:	d009      	beq.n	20000b84 <sync_ep_buffer+0x7c>
20000b70:	7832      	ldrb	r2, [r6, #0]
20000b72:	702a      	strb	r2, [r5, #0]
20000b74:	2f00      	cmp	r7, #0
20000b76:	d005      	beq.n	20000b84 <sync_ep_buffer+0x7c>
20000b78:	7872      	ldrb	r2, [r6, #1]
20000b7a:	706a      	strb	r2, [r5, #1]
20000b7c:	2f01      	cmp	r7, #1
20000b7e:	d001      	beq.n	20000b84 <sync_ep_buffer+0x7c>
20000b80:	78b2      	ldrb	r2, [r6, #2]
20000b82:	70aa      	strb	r2, [r5, #2]
20000b84:	6925      	ldr	r5, [r4, #16]
20000b86:	8ae3      	ldrh	r3, [r4, #22]
20000b88:	182d      	adds	r5, r5, r0
20000b8a:	18c3      	adds	r3, r0, r3
20000b8c:	82e3      	strh	r3, [r4, #22]
20000b8e:	6125      	str	r5, [r4, #16]
20000b90:	e7c9      	b.n	20000b26 <sync_ep_buffer+0x1e>
20000b92:	2200      	movs	r2, #0
20000b94:	5cb3      	ldrb	r3, [r6, r2]
20000b96:	54ab      	strb	r3, [r5, r2]
20000b98:	3201      	adds	r2, #1
20000b9a:	4290      	cmp	r0, r2
20000b9c:	d1fa      	bne.n	20000b94 <sync_ep_buffer+0x8c>
20000b9e:	6925      	ldr	r5, [r4, #16]
20000ba0:	e7f1      	b.n	20000b86 <sync_ep_buffer+0x7e>
20000ba2:	46c0      	nop			@ (mov r8, r8)

20000ba4 <_hw_endpoint_xfer_sync>:
20000ba4:	b510      	push	{r4, lr}
20000ba6:	0004      	movs	r4, r0
20000ba8:	6883      	ldr	r3, [r0, #8]
20000baa:	2100      	movs	r1, #0
20000bac:	681b      	ldr	r3, [r3, #0]
20000bae:	f7ff ffab 	bl	20000b08 <sync_ep_buffer>
20000bb2:	6863      	ldr	r3, [r4, #4]
20000bb4:	681b      	ldr	r3, [r3, #0]
20000bb6:	005b      	lsls	r3, r3, #1
20000bb8:	d502      	bpl.n	20000bc0 <_hw_endpoint_xfer_sync+0x1c>
20000bba:	8b23      	ldrh	r3, [r4, #24]
20000bbc:	4283      	cmp	r3, r0
20000bbe:	d000      	beq.n	20000bc2 <_hw_endpoint_xfer_sync+0x1e>
20000bc0:	bd10      	pop	{r4, pc}
20000bc2:	2101      	movs	r1, #1
20000bc4:	0020      	movs	r0, r4
20000bc6:	f7ff ff9f 	bl	20000b08 <sync_ep_buffer>
20000bca:	e7f9      	b.n	20000bc0 <_hw_endpoint_xfer_sync+0x1c>

20000bcc <e15_is_bulkin_ep>:
20000bcc:	4a08      	ldr	r2, [pc, #32]	@ (20000bf0 <e15_is_bulkin_ep+0x24>)
20000bce:	0003      	movs	r3, r0
20000bd0:	6c12      	ldr	r2, [r2, #64]	@ 0x40
20000bd2:	2000      	movs	r0, #0
20000bd4:	0792      	lsls	r2, r2, #30
20000bd6:	d403      	bmi.n	20000be0 <e15_is_bulkin_ep+0x14>
20000bd8:	789a      	ldrb	r2, [r3, #2]
20000bda:	09d2      	lsrs	r2, r2, #7
20000bdc:	2a01      	cmp	r2, #1
20000bde:	d000      	beq.n	20000be2 <e15_is_bulkin_ep+0x16>
20000be0:	4770      	bx	lr
20000be2:	7ed8      	ldrb	r0, [r3, #27]
20000be4:	3802      	subs	r0, #2
20000be6:	4243      	negs	r3, r0
20000be8:	4158      	adcs	r0, r3
20000bea:	b2c0      	uxtb	r0, r0
20000bec:	e7f8      	b.n	20000be0 <e15_is_bulkin_ep+0x14>
20000bee:	46c0      	nop			@ (mov r8, r8)
20000bf0:	50110000 	.word	0x50110000

20000bf4 <e15_is_critical_frame_period>:
20000bf4:	b510      	push	{r4, lr}
20000bf6:	f7ff ffe9 	bl	20000bcc <e15_is_bulkin_ep>
20000bfa:	2800      	cmp	r0, #0
20000bfc:	d00c      	beq.n	20000c18 <e15_is_critical_frame_period+0x24>
20000bfe:	4907      	ldr	r1, [pc, #28]	@ (20000c1c <e15_is_critical_frame_period+0x28>)
20000c00:	4b07      	ldr	r3, [pc, #28]	@ (20000c20 <e15_is_critical_frame_period+0x2c>)
20000c02:	468c      	mov	ip, r1
20000c04:	4a07      	ldr	r2, [pc, #28]	@ (20000c24 <e15_is_critical_frame_period+0x30>)
20000c06:	6a9b      	ldr	r3, [r3, #40]	@ 0x28
20000c08:	6812      	ldr	r2, [r2, #0]
20000c0a:	4463      	add	r3, ip
20000c0c:	1a9b      	subs	r3, r3, r2
20000c0e:	2000      	movs	r0, #0
20000c10:	22c6      	movs	r2, #198	@ 0xc6
20000c12:	429a      	cmp	r2, r3
20000c14:	4140      	adcs	r0, r0
20000c16:	b2c0      	uxtb	r0, r0
20000c18:	bd10      	pop	{r4, pc}
20000c1a:	46c0      	nop			@ (mov r8, r8)
20000c1c:	fffffce0 	.word	0xfffffce0
20000c20:	40054000 	.word	0x40054000
20000c24:	20001ae4 	.word	0x20001ae4

20000c28 <hw_endpoint_reset_transfer>:
20000c28:	2300      	movs	r3, #0
20000c2a:	7683      	strb	r3, [r0, #26]
20000c2c:	6143      	str	r3, [r0, #20]
20000c2e:	6103      	str	r3, [r0, #16]
20000c30:	4770      	bx	lr
20000c32:	46c0      	nop			@ (mov r8, r8)

20000c34 <_hw_endpoint_buffer_control_update32>:
20000c34:	b510      	push	{r4, lr}
20000c36:	6883      	ldr	r3, [r0, #8]
20000c38:	2900      	cmp	r1, #0
20000c3a:	d001      	beq.n	20000c40 <_hw_endpoint_buffer_control_update32+0xc>
20000c3c:	681c      	ldr	r4, [r3, #0]
20000c3e:	4021      	ands	r1, r4
20000c40:	2a00      	cmp	r2, #0
20000c42:	d012      	beq.n	20000c6a <_hw_endpoint_buffer_control_update32+0x36>
20000c44:	2480      	movs	r4, #128	@ 0x80
20000c46:	00e4      	lsls	r4, r4, #3
20000c48:	4311      	orrs	r1, r2
20000c4a:	4222      	tst	r2, r4
20000c4c:	d00d      	beq.n	20000c6a <_hw_endpoint_buffer_control_update32+0x36>
20000c4e:	681a      	ldr	r2, [r3, #0]
20000c50:	4222      	tst	r2, r4
20000c52:	d10c      	bne.n	20000c6e <_hw_endpoint_buffer_control_update32+0x3a>
20000c54:	4a08      	ldr	r2, [pc, #32]	@ (20000c78 <_hw_endpoint_buffer_control_update32+0x44>)
20000c56:	400a      	ands	r2, r1
20000c58:	601a      	str	r2, [r3, #0]
20000c5a:	4a08      	ldr	r2, [pc, #32]	@ (20000c7c <_hw_endpoint_buffer_control_update32+0x48>)
20000c5c:	6c12      	ldr	r2, [r2, #64]	@ 0x40
20000c5e:	0792      	lsls	r2, r2, #30
20000c60:	d403      	bmi.n	20000c6a <_hw_endpoint_buffer_control_update32+0x36>
20000c62:	230c      	movs	r3, #12
20000c64:	3b03      	subs	r3, #3
20000c66:	d2fd      	bcs.n	20000c64 <_hw_endpoint_buffer_control_update32+0x30>
20000c68:	6883      	ldr	r3, [r0, #8]
20000c6a:	6019      	str	r1, [r3, #0]
20000c6c:	bd10      	pop	{r4, pc}
20000c6e:	7881      	ldrb	r1, [r0, #2]
20000c70:	4803      	ldr	r0, [pc, #12]	@ (20000c80 <_hw_endpoint_buffer_control_update32+0x4c>)
20000c72:	f000 f961 	bl	20000f38 <__panic_veneer>
20000c76:	46c0      	nop			@ (mov r8, r8)
20000c78:	fffffbff 	.word	0xfffffbff
20000c7c:	50110000 	.word	0x50110000
20000c80:	10006f78 	.word	0x10006f78

20000c84 <hw_endpoint_start_next_buffer>:
20000c84:	6843      	ldr	r3, [r0, #4]
20000c86:	b570      	push	{r4, r5, r6, lr}
20000c88:	2100      	movs	r1, #0
20000c8a:	2580      	movs	r5, #128	@ 0x80
20000c8c:	0004      	movs	r4, r0
20000c8e:	681e      	ldr	r6, [r3, #0]
20000c90:	f7ff fed6 	bl	20000a40 <prepare_ep_buffer>
20000c94:	4b12      	ldr	r3, [pc, #72]	@ (20000ce0 <hw_endpoint_start_next_buffer+0x5c>)
20000c96:	016d      	lsls	r5, r5, #5
20000c98:	6c1a      	ldr	r2, [r3, #64]	@ 0x40
20000c9a:	4305      	orrs	r5, r0
20000c9c:	78a3      	ldrb	r3, [r4, #2]
20000c9e:	0792      	lsls	r2, r2, #30
20000ca0:	d50e      	bpl.n	20000cc0 <hw_endpoint_start_next_buffer+0x3c>
20000ca2:	065b      	lsls	r3, r3, #25
20000ca4:	d00e      	beq.n	20000cc4 <hw_endpoint_start_next_buffer+0x40>
20000ca6:	4b0f      	ldr	r3, [pc, #60]	@ (20000ce4 <hw_endpoint_start_next_buffer+0x60>)
20000ca8:	401e      	ands	r6, r3
20000caa:	2380      	movs	r3, #128	@ 0x80
20000cac:	059b      	lsls	r3, r3, #22
20000cae:	4333      	orrs	r3, r6
20000cb0:	6862      	ldr	r2, [r4, #4]
20000cb2:	2100      	movs	r1, #0
20000cb4:	6013      	str	r3, [r2, #0]
20000cb6:	0020      	movs	r0, r4
20000cb8:	002a      	movs	r2, r5
20000cba:	f7ff ffbb 	bl	20000c34 <_hw_endpoint_buffer_control_update32>
20000cbe:	bd70      	pop	{r4, r5, r6, pc}
20000cc0:	09db      	lsrs	r3, r3, #7
20000cc2:	d0f0      	beq.n	20000ca6 <hw_endpoint_start_next_buffer+0x22>
20000cc4:	8aa3      	ldrh	r3, [r4, #20]
20000cc6:	2b00      	cmp	r3, #0
20000cc8:	d0ed      	beq.n	20000ca6 <hw_endpoint_start_next_buffer+0x22>
20000cca:	2101      	movs	r1, #1
20000ccc:	0020      	movs	r0, r4
20000cce:	f7ff feb7 	bl	20000a40 <prepare_ep_buffer>
20000cd2:	23a0      	movs	r3, #160	@ 0xa0
20000cd4:	4a04      	ldr	r2, [pc, #16]	@ (20000ce8 <hw_endpoint_start_next_buffer+0x64>)
20000cd6:	05db      	lsls	r3, r3, #23
20000cd8:	4032      	ands	r2, r6
20000cda:	4305      	orrs	r5, r0
20000cdc:	4313      	orrs	r3, r2
20000cde:	e7e7      	b.n	20000cb0 <hw_endpoint_start_next_buffer+0x2c>
20000ce0:	50110000 	.word	0x50110000
20000ce4:	afffffff 	.word	0xafffffff
20000ce8:	dfffffff 	.word	0xdfffffff

20000cec <hw_endpoint_xfer_continue>:
20000cec:	b570      	push	{r4, r5, r6, lr}
20000cee:	7e85      	ldrb	r5, [r0, #26]
20000cf0:	0004      	movs	r4, r0
20000cf2:	2d00      	cmp	r5, #0
20000cf4:	d014      	beq.n	20000d20 <hw_endpoint_xfer_continue+0x34>
20000cf6:	f7ff ff55 	bl	20000ba4 <_hw_endpoint_xfer_sync>
20000cfa:	8aa3      	ldrh	r3, [r4, #20]
20000cfc:	2b00      	cmp	r3, #0
20000cfe:	d101      	bne.n	20000d04 <hw_endpoint_xfer_continue+0x18>
20000d00:	0028      	movs	r0, r5
20000d02:	bd70      	pop	{r4, r5, r6, pc}
20000d04:	0020      	movs	r0, r4
20000d06:	f7ff ff75 	bl	20000bf4 <e15_is_critical_frame_period>
20000d0a:	2800      	cmp	r0, #0
20000d0c:	d003      	beq.n	20000d16 <hw_endpoint_xfer_continue+0x2a>
20000d0e:	2301      	movs	r3, #1
20000d10:	2500      	movs	r5, #0
20000d12:	7723      	strb	r3, [r4, #28]
20000d14:	e7f4      	b.n	20000d00 <hw_endpoint_xfer_continue+0x14>
20000d16:	0020      	movs	r0, r4
20000d18:	f7ff ffb4 	bl	20000c84 <hw_endpoint_start_next_buffer>
20000d1c:	2500      	movs	r5, #0
20000d1e:	e7ef      	b.n	20000d00 <hw_endpoint_xfer_continue+0x14>
20000d20:	7881      	ldrb	r1, [r0, #2]
20000d22:	4801      	ldr	r0, [pc, #4]	@ (20000d28 <hw_endpoint_xfer_continue+0x3c>)
20000d24:	f000 f908 	bl	20000f38 <__panic_veneer>
20000d28:	10006f98 	.word	0x10006f98

20000d2c <dcd_event_handler>:
20000d2c:	b5f0      	push	{r4, r5, r6, r7, lr}
20000d2e:	46ce      	mov	lr, r9
20000d30:	4647      	mov	r7, r8
20000d32:	b580      	push	{r7, lr}
20000d34:	7843      	ldrb	r3, [r0, #1]
20000d36:	0005      	movs	r5, r0
20000d38:	000e      	movs	r6, r1
20000d3a:	b085      	sub	sp, #20
20000d3c:	2b06      	cmp	r3, #6
20000d3e:	d808      	bhi.n	20000d52 <dcd_event_handler+0x26>
20000d40:	4a6c      	ldr	r2, [pc, #432]	@ (20000ef4 <dcd_event_handler+0x1c8>)
20000d42:	009b      	lsls	r3, r3, #2
20000d44:	58d3      	ldr	r3, [r2, r3]
20000d46:	469f      	mov	pc, r3
20000d48:	4a6b      	ldr	r2, [pc, #428]	@ (20000ef8 <dcd_event_handler+0x1cc>)
20000d4a:	7813      	ldrb	r3, [r2, #0]
20000d4c:	3301      	adds	r3, #1
20000d4e:	b2db      	uxtb	r3, r3
20000d50:	7013      	strb	r3, [r2, #0]
20000d52:	4b6a      	ldr	r3, [pc, #424]	@ (20000efc <dcd_event_handler+0x1d0>)
20000d54:	681c      	ldr	r4, [r3, #0]
20000d56:	6962      	ldr	r2, [r4, #20]
20000d58:	f3ef 8110 	mrs	r1, PRIMASK
20000d5c:	b672      	cpsid	i
20000d5e:	6813      	ldr	r3, [r2, #0]
20000d60:	2b00      	cmp	r3, #0
20000d62:	d0fc      	beq.n	20000d5e <dcd_event_handler+0x32>
20000d64:	f3bf 8f5f 	dmb	sy
20000d68:	61a1      	str	r1, [r4, #24]
20000d6a:	0020      	movs	r0, r4
20000d6c:	0029      	movs	r1, r5
20000d6e:	f000 f8f3 	bl	20000f58 <__tu_fifo_write_veneer>
20000d72:	6962      	ldr	r2, [r4, #20]
20000d74:	69a3      	ldr	r3, [r4, #24]
20000d76:	f3bf 8f5f 	dmb	sy
20000d7a:	2100      	movs	r1, #0
20000d7c:	6011      	str	r1, [r2, #0]
20000d7e:	f383 8810 	msr	PRIMASK, r3
20000d82:	2800      	cmp	r0, #0
20000d84:	d104      	bne.n	20000d90 <dcd_event_handler+0x64>
20000d86:	b005      	add	sp, #20
20000d88:	bcc0      	pop	{r6, r7}
20000d8a:	46b9      	mov	r9, r7
20000d8c:	46b0      	mov	r8, r6
20000d8e:	bdf0      	pop	{r4, r5, r6, r7, pc}
20000d90:	0032      	movs	r2, r6
20000d92:	7869      	ldrb	r1, [r5, #1]
20000d94:	7828      	ldrb	r0, [r5, #0]
20000d96:	f000 f8f7 	bl	20000f88 <__tud_event_hook_cb_veneer>
20000d9a:	e7f4      	b.n	20000d86 <dcd_event_handler+0x5a>
20000d9c:	2101      	movs	r1, #1
20000d9e:	4b58      	ldr	r3, [pc, #352]	@ (20000f00 <dcd_event_handler+0x1d4>)
20000da0:	781a      	ldrb	r2, [r3, #0]
20000da2:	438a      	bics	r2, r1
20000da4:	701a      	strb	r2, [r3, #0]
20000da6:	781a      	ldrb	r2, [r3, #0]
20000da8:	3101      	adds	r1, #1
20000daa:	438a      	bics	r2, r1
20000dac:	701a      	strb	r2, [r3, #0]
20000dae:	2200      	movs	r2, #0
20000db0:	705a      	strb	r2, [r3, #1]
20000db2:	781a      	ldrb	r2, [r3, #0]
20000db4:	3102      	adds	r1, #2
20000db6:	438a      	bics	r2, r1
20000db8:	701a      	strb	r2, [r3, #0]
20000dba:	e7ca      	b.n	20000d52 <dcd_event_handler+0x26>
20000dbc:	4951      	ldr	r1, [pc, #324]	@ (20000f04 <dcd_event_handler+0x1d8>)
20000dbe:	4f52      	ldr	r7, [pc, #328]	@ (20000f08 <dcd_event_handler+0x1dc>)
20000dc0:	4689      	mov	r9, r1
20000dc2:	4952      	ldr	r1, [pc, #328]	@ (20000f0c <dcd_event_handler+0x1e0>)
20000dc4:	2400      	movs	r4, #0
20000dc6:	2300      	movs	r3, #0
20000dc8:	4688      	mov	r8, r1
20000dca:	783a      	ldrb	r2, [r7, #0]
20000dcc:	e012      	b.n	20000df4 <dcd_event_handler+0xc8>
20000dce:	4643      	mov	r3, r8
20000dd0:	681b      	ldr	r3, [r3, #0]
20000dd2:	0161      	lsls	r1, r4, #5
20000dd4:	185b      	adds	r3, r3, r1
20000dd6:	2b00      	cmp	r3, #0
20000dd8:	d006      	beq.n	20000de8 <dcd_event_handler+0xbc>
20000dda:	69db      	ldr	r3, [r3, #28]
20000ddc:	2b00      	cmp	r3, #0
20000dde:	d003      	beq.n	20000de8 <dcd_event_handler+0xbc>
20000de0:	6869      	ldr	r1, [r5, #4]
20000de2:	7828      	ldrb	r0, [r5, #0]
20000de4:	4798      	blx	r3
20000de6:	783a      	ldrb	r2, [r7, #0]
20000de8:	3401      	adds	r4, #1
20000dea:	b2e4      	uxtb	r4, r4
20000dec:	1c51      	adds	r1, r2, #1
20000dee:	0023      	movs	r3, r4
20000df0:	42a1      	cmp	r1, r4
20000df2:	db17      	blt.n	20000e24 <dcd_event_handler+0xf8>
20000df4:	42a2      	cmp	r2, r4
20000df6:	d8ea      	bhi.n	20000dce <dcd_event_handler+0xa2>
20000df8:	1a9b      	subs	r3, r3, r2
20000dfa:	015b      	lsls	r3, r3, #5
20000dfc:	444b      	add	r3, r9
20000dfe:	e7ec      	b.n	20000dda <dcd_event_handler+0xae>
20000e00:	4b3f      	ldr	r3, [pc, #252]	@ (20000f00 <dcd_event_handler+0x1d4>)
20000e02:	781a      	ldrb	r2, [r3, #0]
20000e04:	07d2      	lsls	r2, r2, #31
20000e06:	d5be      	bpl.n	20000d86 <dcd_event_handler+0x5a>
20000e08:	2104      	movs	r1, #4
20000e0a:	781a      	ldrb	r2, [r3, #0]
20000e0c:	430a      	orrs	r2, r1
20000e0e:	701a      	strb	r2, [r3, #0]
20000e10:	e79f      	b.n	20000d52 <dcd_event_handler+0x26>
20000e12:	4b3b      	ldr	r3, [pc, #236]	@ (20000f00 <dcd_event_handler+0x1d4>)
20000e14:	781a      	ldrb	r2, [r3, #0]
20000e16:	07d2      	lsls	r2, r2, #31
20000e18:	d5b5      	bpl.n	20000d86 <dcd_event_handler+0x5a>
20000e1a:	2104      	movs	r1, #4
20000e1c:	781a      	ldrb	r2, [r3, #0]
20000e1e:	438a      	bics	r2, r1
20000e20:	701a      	strb	r2, [r3, #0]
20000e22:	e796      	b.n	20000d52 <dcd_event_handler+0x26>
20000e24:	4f36      	ldr	r7, [pc, #216]	@ (20000f00 <dcd_event_handler+0x1d4>)
20000e26:	783b      	ldrb	r3, [r7, #0]
20000e28:	075b      	lsls	r3, r3, #29
20000e2a:	d52b      	bpl.n	20000e84 <dcd_event_handler+0x158>
20000e2c:	2204      	movs	r2, #4
20000e2e:	783b      	ldrb	r3, [r7, #0]
20000e30:	2100      	movs	r1, #0
20000e32:	4393      	bics	r3, r2
20000e34:	703b      	strb	r3, [r7, #0]
20000e36:	466b      	mov	r3, sp
20000e38:	3206      	adds	r2, #6
20000e3a:	1d98      	adds	r0, r3, #6
20000e3c:	f000 f894 	bl	20000f68 <____wrap_memset_veneer>
20000e40:	782b      	ldrb	r3, [r5, #0]
20000e42:	ac01      	add	r4, sp, #4
20000e44:	7023      	strb	r3, [r4, #0]
20000e46:	2305      	movs	r3, #5
20000e48:	7063      	strb	r3, [r4, #1]
20000e4a:	4b2c      	ldr	r3, [pc, #176]	@ (20000efc <dcd_event_handler+0x1d0>)
20000e4c:	681b      	ldr	r3, [r3, #0]
20000e4e:	4698      	mov	r8, r3
20000e50:	695a      	ldr	r2, [r3, #20]
20000e52:	f3ef 8110 	mrs	r1, PRIMASK
20000e56:	b672      	cpsid	i
20000e58:	6813      	ldr	r3, [r2, #0]
20000e5a:	2b00      	cmp	r3, #0
20000e5c:	d0fc      	beq.n	20000e58 <dcd_event_handler+0x12c>
20000e5e:	f3bf 8f5f 	dmb	sy
20000e62:	4643      	mov	r3, r8
20000e64:	4640      	mov	r0, r8
20000e66:	6199      	str	r1, [r3, #24]
20000e68:	0021      	movs	r1, r4
20000e6a:	f000 f875 	bl	20000f58 <__tu_fifo_write_veneer>
20000e6e:	4643      	mov	r3, r8
20000e70:	695a      	ldr	r2, [r3, #20]
20000e72:	699b      	ldr	r3, [r3, #24]
20000e74:	f3bf 8f5f 	dmb	sy
20000e78:	2100      	movs	r1, #0
20000e7a:	6011      	str	r1, [r2, #0]
20000e7c:	f383 8810 	msr	PRIMASK, r3
20000e80:	2800      	cmp	r0, #0
20000e82:	d131      	bne.n	20000ee8 <dcd_event_handler+0x1bc>
20000e84:	78fb      	ldrb	r3, [r7, #3]
20000e86:	07db      	lsls	r3, r3, #31
20000e88:	d400      	bmi.n	20000e8c <dcd_event_handler+0x160>
20000e8a:	e77c      	b.n	20000d86 <dcd_event_handler+0x5a>
20000e8c:	466b      	mov	r3, sp
20000e8e:	220a      	movs	r2, #10
20000e90:	2100      	movs	r1, #0
20000e92:	1d98      	adds	r0, r3, #6
20000e94:	f000 f868 	bl	20000f68 <____wrap_memset_veneer>
20000e98:	782b      	ldrb	r3, [r5, #0]
20000e9a:	ac01      	add	r4, sp, #4
20000e9c:	7023      	strb	r3, [r4, #0]
20000e9e:	2303      	movs	r3, #3
20000ea0:	7063      	strb	r3, [r4, #1]
20000ea2:	686b      	ldr	r3, [r5, #4]
20000ea4:	6063      	str	r3, [r4, #4]
20000ea6:	4b15      	ldr	r3, [pc, #84]	@ (20000efc <dcd_event_handler+0x1d0>)
20000ea8:	681d      	ldr	r5, [r3, #0]
20000eaa:	696a      	ldr	r2, [r5, #20]
20000eac:	f3ef 8110 	mrs	r1, PRIMASK
20000eb0:	b672      	cpsid	i
20000eb2:	6813      	ldr	r3, [r2, #0]
20000eb4:	2b00      	cmp	r3, #0
20000eb6:	d0fc      	beq.n	20000eb2 <dcd_event_handler+0x186>
20000eb8:	f3bf 8f5f 	dmb	sy
20000ebc:	61a9      	str	r1, [r5, #24]
20000ebe:	0028      	movs	r0, r5
20000ec0:	0021      	movs	r1, r4
20000ec2:	f000 f849 	bl	20000f58 <__tu_fifo_write_veneer>
20000ec6:	696a      	ldr	r2, [r5, #20]
20000ec8:	69ab      	ldr	r3, [r5, #24]
20000eca:	f3bf 8f5f 	dmb	sy
20000ece:	2100      	movs	r1, #0
20000ed0:	6011      	str	r1, [r2, #0]
20000ed2:	f383 8810 	msr	PRIMASK, r3
20000ed6:	2800      	cmp	r0, #0
20000ed8:	d100      	bne.n	20000edc <dcd_event_handler+0x1b0>
20000eda:	e754      	b.n	20000d86 <dcd_event_handler+0x5a>
20000edc:	0032      	movs	r2, r6
20000ede:	7861      	ldrb	r1, [r4, #1]
20000ee0:	7820      	ldrb	r0, [r4, #0]
20000ee2:	f000 f851 	bl	20000f88 <__tud_event_hook_cb_veneer>
20000ee6:	e74e      	b.n	20000d86 <dcd_event_handler+0x5a>
20000ee8:	0032      	movs	r2, r6
20000eea:	7861      	ldrb	r1, [r4, #1]
20000eec:	7820      	ldrb	r0, [r4, #0]
20000eee:	f000 f84b 	bl	20000f88 <__tud_event_hook_cb_veneer>
20000ef2:	e7c7      	b.n	20000e84 <dcd_event_handler+0x158>
20000ef4:	10007458 	.word	0x10007458
20000ef8:	20001feb 	.word	0x20001feb
20000efc:	200015f0 	.word	0x200015f0
20000f00:	20001598 	.word	0x20001598
20000f04:	10007474 	.word	0x10007474
20000f08:	20001fe9 	.word	0x20001fe9
20000f0c:	200013e8 	.word	0x200013e8

20000f10 <__aeabi_idiv0>:
20000f10:	4770      	bx	lr
20000f12:	46c0      	nop			@ (mov r8, r8)
20000f14:	0000      	movs	r0, r0
	...

20000f18 <____wrap___aeabi_lmul_veneer>:
20000f18:	b401      	push	{r0}
20000f1a:	4802      	ldr	r0, [pc, #8]	@ (20000f24 <____wrap___aeabi_lmul_veneer+0xc>)
20000f1c:	4684      	mov	ip, r0
20000f1e:	bc01      	pop	{r0}
20000f20:	4760      	bx	ip
20000f22:	bf00      	nop
20000f24:	10002699 	.word	0x10002699

20000f28 <__time_us_64_veneer>:
20000f28:	b401      	push	{r0}
20000f2a:	4802      	ldr	r0, [pc, #8]	@ (20000f34 <__time_us_64_veneer+0xc>)
20000f2c:	4684      	mov	ip, r0
20000f2e:	bc01      	pop	{r0}
20000f30:	4760      	bx	ip
20000f32:	bf00      	nop
20000f34:	10001445 	.word	0x10001445

20000f38 <__panic_veneer>:
20000f38:	b401      	push	{r0}
20000f3a:	4802      	ldr	r0, [pc, #8]	@ (20000f44 <__panic_veneer+0xc>)
20000f3c:	4684      	mov	ip, r0
20000f3e:	bc01      	pop	{r0}
20000f40:	4760      	bx	ip
20000f42:	bf00      	nop
20000f44:	1000074d 	.word	0x1000074d

20000f48 <__rp2040_chip_version_veneer>:
20000f48:	b401      	push	{r0}
20000f4a:	4802      	ldr	r0, [pc, #8]	@ (20000f54 <__rp2040_chip_version_veneer+0xc>)
20000f4c:	4684      	mov	ip, r0
20000f4e:	bc01      	pop	{r0}
20000f50:	4760      	bx	ip
20000f52:	bf00      	nop
20000f54:	10000741 	.word	0x10000741

20000f58 <__tu_fifo_write_veneer>:
20000f58:	b401      	push	{r0}
20000f5a:	4802      	ldr	r0, [pc, #8]	@ (20000f64 <__tu_fifo_write_veneer+0xc>)
20000f5c:	4684      	mov	ip, r0
20000f5e:	bc01      	pop	{r0}
20000f60:	4760      	bx	ip
20000f62:	bf00      	nop
20000f64:	100069c1 	.word	0x100069c1

20000f68 <____wrap_memset_veneer>:
20000f68:	b401      	push	{r0}
20000f6a:	4802      	ldr	r0, [pc, #8]	@ (20000f74 <____wrap_memset_veneer+0xc>)
20000f6c:	4684      	mov	ip, r0
20000f6e:	bc01      	pop	{r0}
20000f70:	4760      	bx	ip
20000f72:	bf00      	nop
20000f74:	1000276d 	.word	0x1000276d

20000f78 <__best_effort_wfe_or_timeout_veneer>:
20000f78:	b401      	push	{r0}
20000f7a:	4802      	ldr	r0, [pc, #8]	@ (20000f84 <__best_effort_wfe_or_timeout_veneer+0xc>)
20000f7c:	4684      	mov	ip, r0
20000f7e:	bc01      	pop	{r0}
20000f80:	4760      	bx	ip
20000f82:	bf00      	nop
20000f84:	10001315 	.word	0x10001315

20000f88 <__tud_event_hook_cb_veneer>:
20000f88:	b401      	push	{r0}
20000f8a:	4802      	ldr	r0, [pc, #8]	@ (20000f94 <__tud_event_hook_cb_veneer+0xc>)
20000f8c:	4684      	mov	ip, r0
20000f8e:	bc01      	pop	{r0}
20000f90:	4760      	bx	ip
20000f92:	bf00      	nop
20000f94:	10004f61 	.word	0x10004f61

20000f98 <striped_spin_lock_num>:
20000f98:	00000010                                ....

20000f9c <irq_handler_chain_slots>:
20000f9c:	00000000 	.word	0x00000000
20000fa0:	00010000 	.word	0x00010000
	...
20000fac:	00020000 	.word	0x00020000
	...
20000fb8:	00030000 	.word	0x00030000
	...
20000fc4:	00ff0000 	.word	0x00ff0000
20000fc8:	00000000 	.word	0x00000000

20000fcc <irq_handler_chain_first_slot>:
20000fcc:	b501      	push	{r0, lr}
20000fce:	6848      	ldr	r0, [r1, #4]
20000fd0:	3101      	adds	r1, #1
20000fd2:	468e      	mov	lr, r1
20000fd4:	4700      	bx	r0

20000fd6 <irq_handler_chain_remove_tail>:
20000fd6:	4670      	mov	r0, lr
20000fd8:	3809      	subs	r0, #9
20000fda:	4901      	ldr	r1, [pc, #4]	@ (20000fe0 <irq_handler_chain_remove_tail+0xa>)
20000fdc:	4788      	blx	r1
20000fde:	bd01      	pop	{r0, pc}
20000fe0:	10000b7d 	.word	0x10000b7d

20000fe4 <default_alarm_pool>:
	...
20000ff8:	20001060 00000000                       `.. ....

20001000 <aeabi_bits_funcs>:
20001000:	00003350 	.word	0x00003350
20001004:	0000334c 	.word	0x0000334c
20001008:	00003354 	.word	0x00003354
2000100c:	00003352 	.word	0x00003352

20001010 <aeabi_bits_funcs_end>:
20001010:	0000534d 	.word	0x0000534d
20001014:	0000434d 	.word	0x0000434d
20001018:	00003453 	.word	0x00003453
2000101c:	00003443 	.word	0x00003443

20001020 <stdio_usb>:
20001020:	10004721 100046d5 10004649 100045c1     !G...F..IF...E..
20001030:	00000000 00000100                       ........

20001038 <_usbd_qdef>:
20001038:	200015f4 000c0010 00000000 00000000     ... ............
	...

20001054 <_usbd_rhport>:
20001054:	000000ff                                ....

20001058 <print_mutex>:
	...
